entry_name,platform1,platform2,jaccard_similarity,file_count1,file_count2,intersection,union
apt-transport-https,debian_bookworm,fedora_42,0.0,3,205,0,208
apt-transport-https,debian_bookworm,fedora_43,0.0,3,205,0,208
apt-transport-https,fedora_42,ubuntu_focal,0.0,205,3,0,208
apt-transport-https,fedora_42,ubuntu_jammy,0.0,205,3,0,208
apt-transport-https,fedora_42,ubuntu_noble,0.0,205,3,0,208
apt-transport-https,fedora_43,ubuntu_focal,0.0,205,3,0,208
apt-transport-https,fedora_43,ubuntu_jammy,0.0,205,3,0,208
apt-transport-https,fedora_43,ubuntu_noble,0.0,205,3,0,208
assimp,alpine_edge,debian_bookworm,0.0,1,98,0,99
assimp,alpine_edge,rhel_8,0.0,1,90,0,91
assimp,alpine_edge,rhel_9,0.0,1,94,0,95
assimp,alpine_edge,ubuntu_focal,0.0,1,91,0,92
assimp,alpine_edge,ubuntu_jammy,0.0,1,95,0,96
assimp,alpine_edge,ubuntu_noble,0.0,1,97,0,98
assimp,debian_bookworm,fedora_42,0.0,98,15,0,113
assimp,debian_bookworm,fedora_43,0.0,98,15,0,113
assimp,fedora_42,rhel_8,0.0,15,90,0,105
assimp,fedora_42,rhel_9,0.0,15,94,0,109
assimp,fedora_42,ubuntu_focal,0.0,15,91,0,106
assimp,fedora_42,ubuntu_jammy,0.0,15,95,0,110
assimp,fedora_42,ubuntu_noble,0.0,15,97,0,112
assimp,fedora_43,rhel_8,0.0,15,90,0,105
assimp,fedora_43,rhel_9,0.0,15,94,0,109
assimp,fedora_43,ubuntu_focal,0.0,15,91,0,106
assimp,fedora_43,ubuntu_jammy,0.0,15,95,0,110
assimp,fedora_43,ubuntu_noble,0.0,15,97,0,112
atlas,debian_bookworm,fedora_42,0.0,178,348,0,526
atlas,debian_bookworm,fedora_43,0.0,178,348,0,526
atlas,debian_bookworm,rhel_8,0.0,178,346,0,524
atlas,debian_bookworm,rhel_9,0.0,178,346,0,524
atlas,fedora_42,ubuntu_focal,0.0,348,177,0,525
atlas,fedora_42,ubuntu_jammy,0.0,348,177,0,525
atlas,fedora_42,ubuntu_noble,0.0,348,177,0,525
atlas,fedora_43,ubuntu_focal,0.0,348,177,0,525
atlas,fedora_43,ubuntu_jammy,0.0,348,177,0,525
atlas,fedora_43,ubuntu_noble,0.0,348,177,0,525
atlas,rhel_8,ubuntu_focal,0.0,346,177,0,523
atlas,rhel_8,ubuntu_jammy,0.0,346,177,0,523
atlas,rhel_8,ubuntu_noble,0.0,346,177,0,523
atlas,rhel_9,ubuntu_focal,0.0,346,177,0,523
atlas,rhel_9,ubuntu_jammy,0.0,346,177,0,523
atlas,rhel_9,ubuntu_noble,0.0,346,177,0,523
automake,arch,ubuntu_focal,0.0,125,124,0,249
automake,opensuse_15.2,ubuntu_focal,0.0,131,124,0,255
bandit,debian_bookworm,fedora_42,0.0,4,369,0,373
bandit,debian_bookworm,opensuse_15.2,0.0,4,201,0,205
bandit,fedora_42,ubuntu_focal,0.0,369,4,0,373
bandit,fedora_42,ubuntu_jammy,0.0,369,4,0,373
bandit,fedora_42,ubuntu_noble,0.0,369,4,0,373
bandit,opensuse_15.2,ubuntu_focal,0.0,201,4,0,205
bandit,opensuse_15.2,ubuntu_jammy,0.0,201,4,0,205
bandit,opensuse_15.2,ubuntu_noble,0.0,201,4,0,205
bazaar,arch,debian_bookworm,0.0,3066,3,0,3069
bazaar,arch,ubuntu_focal,0.0,3066,3,0,3069
bazaar,arch,ubuntu_jammy,0.0,3066,3,0,3069
bazaar,arch,ubuntu_noble,0.0,3066,3,0,3069
bazaar,debian_bookworm,opensuse_15.2,0.0,3,640,0,643
bazaar,opensuse_15.2,ubuntu_focal,0.0,640,3,0,643
bazaar,opensuse_15.2,ubuntu_jammy,0.0,640,3,0,643
bazaar,opensuse_15.2,ubuntu_noble,0.0,640,3,0,643
bluez,arch,fedora_42,0.0,20,7,0,27
bluez,arch,fedora_43,0.0,20,7,0,27
bluez,arch,rhel_8,0.0,20,11,0,31
bluez,arch,rhel_9,0.0,20,7,0,27
bluez,debian_bookworm,fedora_42,0.0,57,7,0,64
bluez,debian_bookworm,fedora_43,0.0,57,7,0,64
bluez,debian_bookworm,rhel_8,0.0,57,11,0,68
bluez,debian_bookworm,rhel_9,0.0,57,7,0,64
bluez,fedora_42,ubuntu_focal,0.0,7,56,0,63
bluez,fedora_42,ubuntu_jammy,0.0,7,55,0,62
bluez,fedora_42,ubuntu_noble,0.0,7,107,0,114
bluez,fedora_43,ubuntu_focal,0.0,7,56,0,63
bluez,fedora_43,ubuntu_jammy,0.0,7,55,0,62
bluez,fedora_43,ubuntu_noble,0.0,7,107,0,114
bluez,rhel_8,ubuntu_focal,0.0,11,56,0,67
bluez,rhel_8,ubuntu_jammy,0.0,11,55,0,66
bluez,rhel_8,ubuntu_noble,0.0,11,107,0,118
bluez,rhel_9,ubuntu_focal,0.0,7,56,0,63
bluez,rhel_9,ubuntu_jammy,0.0,7,55,0,62
bluez,rhel_9,ubuntu_noble,0.0,7,107,0,114
box2d-dev,arch,ubuntu_focal,0.0,13,56,0,69
box2d-dev,fedora_42,ubuntu_focal,0.0,91,56,0,147
box2d-dev,fedora_43,ubuntu_focal,0.0,91,56,0,147
ca-certificates,debian_bookworm,fedora_42,0.0,159,771,0,930
ca-certificates,debian_bookworm,fedora_43,0.0,159,763,0,922
ca-certificates,debian_bookworm,rhel_8,0.0,159,28,0,187
ca-certificates,debian_bookworm,rhel_9,0.0,159,504,0,663
ca-certificates,fedora_42,ubuntu_focal,0.0,771,145,0,916
ca-certificates,fedora_42,ubuntu_jammy,0.0,771,144,0,915
ca-certificates,fedora_42,ubuntu_noble,0.0,771,163,0,934
ca-certificates,fedora_43,ubuntu_focal,0.0,763,145,0,908
ca-certificates,fedora_43,ubuntu_jammy,0.0,763,144,0,907
ca-certificates,fedora_43,ubuntu_noble,0.0,763,163,0,926
ca-certificates,rhel_8,ubuntu_focal,0.0,28,145,0,173
ca-certificates,rhel_8,ubuntu_jammy,0.0,28,144,0,172
ca-certificates,rhel_8,ubuntu_noble,0.0,28,163,0,191
ca-certificates,rhel_9,ubuntu_focal,0.0,504,145,0,649
ca-certificates,rhel_9,ubuntu_jammy,0.0,504,144,0,648
ca-certificates,rhel_9,ubuntu_noble,0.0,504,163,0,667
cgal-qt5-dev,debian_bookworm,fedora_42,0.0,74,3663,0,3737
cgal-qt5-dev,debian_bookworm,fedora_43,0.0,74,3661,0,3735
cgal-qt5-dev,fedora_42,ubuntu_focal,0.0,3663,74,0,3737
cgal-qt5-dev,fedora_42,ubuntu_jammy,0.0,3663,74,0,3737
cgal-qt5-dev,fedora_42,ubuntu_noble,0.0,3663,74,0,3737
cgal-qt5-dev,fedora_43,ubuntu_focal,0.0,3661,74,0,3735
cgal-qt5-dev,fedora_43,ubuntu_jammy,0.0,3661,74,0,3735
cgal-qt5-dev,fedora_43,ubuntu_noble,0.0,3661,74,0,3735
chromium-browser,arch,ubuntu_focal,0.0,248,13,0,261
chromium-browser,arch,ubuntu_jammy,0.0,248,13,0,261
chromium-browser,arch,ubuntu_noble,0.0,248,13,0,261
chromium-browser,debian_bookworm,ubuntu_focal,0.0,28,13,0,41
chromium-browser,debian_bookworm,ubuntu_jammy,0.0,28,13,0,41
chromium-browser,debian_bookworm,ubuntu_noble,0.0,28,13,0,41
clang-tidy,alpine_edge,opensuse_15.2,0.0,57,1,0,58
clang-tidy,arch,opensuse_15.2,0.0,2524,1,0,2525
clang-tidy,debian_bookworm,opensuse_15.2,0.0,7,1,0,8
clang-tidy,fedora_42,opensuse_15.2,0.0,202,1,0,203
clang-tidy,fedora_43,opensuse_15.2,0.0,204,1,0,205
clang-tidy,opensuse_15.2,rhel_8,0.0,1,379,0,380
clang-tidy,opensuse_15.2,rhel_9,0.0,1,202,0,203
clang-tidy,opensuse_15.2,ubuntu_focal,0.0,1,7,0,8
clang-tidy,opensuse_15.2,ubuntu_jammy,0.0,1,8,0,9
clang-tidy,opensuse_15.2,ubuntu_noble,0.0,1,7,0,8
clangd,alpine_edge,opensuse_15.2,0.0,57,1,0,58
clangd,arch,opensuse_15.2,0.0,2524,1,0,2525
clangd,debian_bookworm,opensuse_15.2,0.0,4,1,0,5
clangd,fedora_42,opensuse_15.2,0.0,202,1,0,203
clangd,fedora_43,opensuse_15.2,0.0,204,1,0,205
clangd,opensuse_15.2,rhel_8,0.0,1,379,0,380
clangd,opensuse_15.2,rhel_9,0.0,1,202,0,203
clangd,opensuse_15.2,ubuntu_focal,0.0,1,5,0,6
clangd,opensuse_15.2,ubuntu_jammy,0.0,1,5,0,6
clangd,opensuse_15.2,ubuntu_noble,0.0,1,4,0,5
cmake,alpine_edge,opensuse_15.2,0.0,3997,1,0,3998
cmake,arch,opensuse_15.2,0.0,6298,1,0,6299
cmake,debian_bookworm,opensuse_15.2,0.0,12,1,0,13
cmake,fedora_42,opensuse_15.2,0.0,53,1,0,54
cmake,fedora_43,opensuse_15.2,0.0,53,1,0,54
cmake,opensuse_15.2,ubuntu_focal,0.0,1,13,0,14
cmake,opensuse_15.2,ubuntu_jammy,0.0,1,14,0,15
cmake,opensuse_15.2,ubuntu_noble,0.0,1,12,0,13
collada-dom,fedora_42,ubuntu_jammy,0.0,466,2,0,468
collada-dom,fedora_42,ubuntu_noble,0.0,466,2,0,468
collada-dom,fedora_43,ubuntu_jammy,0.0,466,2,0,468
collada-dom,fedora_43,ubuntu_noble,0.0,466,2,0,468
collectd,debian_bookworm,fedora_42,0.0,8,164,0,172
collectd,debian_bookworm,fedora_43,0.0,8,164,0,172
collectd,fedora_42,ubuntu_focal,0.0,164,10,0,174
collectd,fedora_42,ubuntu_noble,0.0,164,7,0,171
collectd,fedora_43,ubuntu_focal,0.0,164,10,0,174
collectd,fedora_43,ubuntu_noble,0.0,164,7,0,171
cppunit,alpine_edge,debian_bookworm,0.0,3,78,0,81
cppunit,alpine_edge,fedora_42,0.0,3,74,0,77
cppunit,alpine_edge,fedora_43,0.0,3,74,0,77
cppunit,alpine_edge,rhel_8,0.0,3,74,0,77
cppunit,alpine_edge,rhel_9,0.0,3,74,0,77
cppunit,alpine_edge,ubuntu_focal,0.0,3,76,0,79
cppunit,alpine_edge,ubuntu_jammy,0.0,3,76,0,79
cppunit,alpine_edge,ubuntu_noble,0.0,3,76,0,79
crypto++,arch,debian_bookworm,0.0,197,202,0,399
crypto++,arch,ubuntu_focal,0.0,197,153,0,350
crypto++,arch,ubuntu_jammy,0.0,197,201,0,398
crypto++,arch,ubuntu_noble,0.0,197,201,0,398
crypto++,debian_bookworm,fedora_42,0.0,202,3485,0,3687
crypto++,debian_bookworm,fedora_43,0.0,202,3485,0,3687
crypto++,fedora_42,ubuntu_focal,0.0,3485,153,0,3638
crypto++,fedora_42,ubuntu_jammy,0.0,3485,201,0,3686
crypto++,fedora_42,ubuntu_noble,0.0,3485,201,0,3686
crypto++,fedora_43,ubuntu_focal,0.0,3485,153,0,3638
crypto++,fedora_43,ubuntu_jammy,0.0,3485,201,0,3686
crypto++,fedora_43,ubuntu_noble,0.0,3485,201,0,3686
cython3,debian_bookworm,fedora_42,0.0,315,692,0,1007
cython3,debian_bookworm,fedora_43,0.0,315,714,0,1029
cython3,fedora_42,ubuntu_focal,0.0,692,306,0,998
cython3,fedora_42,ubuntu_jammy,0.0,692,313,0,1005
cython3,fedora_43,ubuntu_focal,0.0,714,306,0,1020
cython3,fedora_43,ubuntu_jammy,0.0,714,313,0,1027
emacs,arch,debian_bookworm,0.0,5916,2,0,5918
emacs,arch,ubuntu_focal,0.0,5916,2,0,5918
emacs,arch,ubuntu_jammy,0.0,5916,2,0,5918
emacs,arch,ubuntu_noble,0.0,5916,2,0,5918
emacs,debian_bookworm,fedora_42,0.0,2,1607,0,1609
emacs,fedora_42,ubuntu_focal,0.0,1607,2,0,1609
emacs,fedora_42,ubuntu_jammy,0.0,1607,2,0,1609
emacs,fedora_42,ubuntu_noble,0.0,1607,2,0,1609
embree,arch,ubuntu_focal,0.0,162,128,0,290
embree,arch,ubuntu_jammy,0.0,162,138,0,300
embree,fedora_42,ubuntu_focal,0.0,138,128,0,266
embree,fedora_42,ubuntu_jammy,0.0,138,138,0,276
embree,fedora_42,ubuntu_noble,0.0,138,150,0,288
embree,fedora_43,ubuntu_focal,0.0,246,128,0,374
embree,fedora_43,ubuntu_jammy,0.0,246,138,0,384
embree,fedora_43,ubuntu_noble,0.0,246,150,0,396
ethtool,alpine_edge,debian_bookworm,0.0,2,11,0,13
ethtool,alpine_edge,fedora_42,0.0,2,10,0,12
ethtool,alpine_edge,ubuntu_focal,0.0,2,11,0,13
ethtool,alpine_edge,ubuntu_jammy,0.0,2,11,0,13
fluid,debian_bookworm,fedora_42,0.0,148,9,0,157
fluid,debian_bookworm,fedora_43,0.0,148,9,0,157
fluid,debian_bookworm,ubuntu_focal,0.0,148,15,0,163
fluid,debian_bookworm,ubuntu_jammy,0.0,148,15,0,163
fluid,debian_bookworm,ubuntu_noble,0.0,148,14,0,162
freetype,alpine_edge,debian_bookworm,0.0,2,6,0,8
freetype,alpine_edge,ubuntu_focal,0.0,2,5,0,7
freetype,alpine_edge,ubuntu_jammy,0.0,2,5,0,7
freetype,alpine_edge,ubuntu_noble,0.0,2,5,0,7
freetype,arch,debian_bookworm,0.0,62,6,0,68
freetype,arch,ubuntu_focal,0.0,62,5,0,67
freetype,arch,ubuntu_jammy,0.0,62,5,0,67
freetype,arch,ubuntu_noble,0.0,62,5,0,67
freetype,debian_bookworm,fedora_42,0.0,6,10,0,16
freetype,debian_bookworm,fedora_43,0.0,6,10,0,16
freetype,fedora_42,ubuntu_focal,0.0,10,5,0,15
freetype,fedora_42,ubuntu_jammy,0.0,10,5,0,15
freetype,fedora_42,ubuntu_noble,0.0,10,5,0,15
freetype,fedora_43,ubuntu_focal,0.0,10,5,0,15
freetype,fedora_43,ubuntu_jammy,0.0,10,5,0,15
freetype,fedora_43,ubuntu_noble,0.0,10,5,0,15
gettext-base,debian_bookworm,fedora_42,0.0,68,152,0,220
gettext-base,debian_bookworm,fedora_43,0.0,68,152,0,220
gettext-base,fedora_42,ubuntu_focal,0.0,152,21,0,173
gettext-base,fedora_42,ubuntu_jammy,0.0,152,26,0,178
gettext-base,fedora_42,ubuntu_noble,0.0,152,26,0,178
gettext-base,fedora_43,ubuntu_focal,0.0,152,21,0,173
gettext-base,fedora_43,ubuntu_jammy,0.0,152,26,0,178
gettext-base,fedora_43,ubuntu_noble,0.0,152,26,0,178
git,debian_bookworm,fedora_43,0.0,851,8,0,859
git,fedora_43,ubuntu_focal,0.0,8,702,0,710
git,fedora_43,ubuntu_jammy,0.0,8,748,0,756
git,fedora_43,ubuntu_noble,0.0,8,831,0,839
glut,arch,debian_bookworm,0.0,102,3,0,105
glut,arch,ubuntu_noble,0.0,102,2,0,104
glut,debian_bookworm,fedora_42,0.0,3,370,0,373
glut,debian_bookworm,fedora_43,0.0,3,370,0,373
glut,debian_bookworm,opensuse_15.2,0.0,3,149,0,152
glut,debian_bookworm,rhel_8,0.0,3,146,0,149
glut,debian_bookworm,rhel_9,0.0,3,155,0,158
glut,fedora_42,ubuntu_noble,0.0,370,2,0,372
glut,fedora_43,ubuntu_noble,0.0,370,2,0,372
glut,opensuse_15.2,ubuntu_noble,0.0,149,2,0,151
glut,rhel_8,ubuntu_noble,0.0,146,2,0,148
glut,rhel_9,ubuntu_noble,0.0,155,2,0,157
gnuplot,arch,debian_bookworm,0.0,50,3,0,53
gnuplot,arch,ubuntu_focal,0.0,50,3,0,53
gnuplot,arch,ubuntu_jammy,0.0,50,3,0,53
gnuplot,arch,ubuntu_noble,0.0,50,2,0,52
gnuplot,debian_bookworm,fedora_42,0.0,3,9,0,12
gnuplot,debian_bookworm,fedora_43,0.0,3,9,0,12
gnuplot,fedora_42,ubuntu_focal,0.0,9,3,0,12
gnuplot,fedora_42,ubuntu_jammy,0.0,9,3,0,12
gnuplot,fedora_42,ubuntu_noble,0.0,9,2,0,11
gnuplot,fedora_43,ubuntu_focal,0.0,9,3,0,12
gnuplot,fedora_43,ubuntu_jammy,0.0,9,3,0,12
gnuplot,fedora_43,ubuntu_noble,0.0,9,2,0,11
google-mock,alpine_edge,debian_bookworm,0.0,2,3,0,5
google-mock,alpine_edge,fedora_42,0.0,2,50,0,52
google-mock,alpine_edge,fedora_43,0.0,2,50,0,52
google-mock,alpine_edge,opensuse_15.2,0.0,2,41,0,43
google-mock,alpine_edge,rhel_8,0.0,2,53,0,55
google-mock,alpine_edge,rhel_9,0.0,2,46,0,48
google-mock,alpine_edge,ubuntu_focal,0.0,2,3,0,5
google-mock,alpine_edge,ubuntu_jammy,0.0,2,3,0,5
google-mock,alpine_edge,ubuntu_noble,0.0,2,3,0,5
google-mock,arch,debian_bookworm,0.0,59,3,0,62
google-mock,arch,ubuntu_focal,0.0,59,3,0,62
google-mock,arch,ubuntu_jammy,0.0,59,3,0,62
google-mock,arch,ubuntu_noble,0.0,59,3,0,62
google-mock,debian_bookworm,fedora_42,0.0,3,50,0,53
google-mock,debian_bookworm,fedora_43,0.0,3,50,0,53
google-mock,debian_bookworm,opensuse_15.2,0.0,3,41,0,44
google-mock,debian_bookworm,rhel_8,0.0,3,53,0,56
google-mock,debian_bookworm,rhel_9,0.0,3,46,0,49
google-mock,fedora_42,ubuntu_focal,0.0,50,3,0,53
google-mock,fedora_42,ubuntu_jammy,0.0,50,3,0,53
google-mock,fedora_42,ubuntu_noble,0.0,50,3,0,53
google-mock,fedora_43,ubuntu_focal,0.0,50,3,0,53
google-mock,fedora_43,ubuntu_jammy,0.0,50,3,0,53
google-mock,fedora_43,ubuntu_noble,0.0,50,3,0,53
google-mock,opensuse_15.2,ubuntu_focal,0.0,41,3,0,44
google-mock,opensuse_15.2,ubuntu_jammy,0.0,41,3,0,44
google-mock,opensuse_15.2,ubuntu_noble,0.0,41,3,0,44
google-mock,rhel_8,ubuntu_focal,0.0,53,3,0,56
google-mock,rhel_8,ubuntu_jammy,0.0,53,3,0,56
google-mock,rhel_8,ubuntu_noble,0.0,53,3,0,56
google-mock,rhel_9,ubuntu_focal,0.0,46,3,0,49
google-mock,rhel_9,ubuntu_jammy,0.0,46,3,0,49
google-mock,rhel_9,ubuntu_noble,0.0,46,3,0,49
gstreamer1.0-alsa,debian_bookworm,fedora_42,0.0,4,282,0,286
gstreamer1.0-alsa,debian_bookworm,fedora_43,0.0,4,282,0,286
gstreamer1.0-alsa,debian_bookworm,rhel_8,0.0,4,440,0,444
gstreamer1.0-alsa,debian_bookworm,rhel_9,0.0,4,266,0,270
gstreamer1.0-alsa,fedora_42,ubuntu_focal,0.0,282,7,0,289
gstreamer1.0-alsa,fedora_42,ubuntu_jammy,0.0,282,3,0,285
gstreamer1.0-alsa,fedora_42,ubuntu_noble,0.0,282,3,0,285
gstreamer1.0-alsa,fedora_43,ubuntu_focal,0.0,282,7,0,289
gstreamer1.0-alsa,fedora_43,ubuntu_jammy,0.0,282,3,0,285
gstreamer1.0-alsa,fedora_43,ubuntu_noble,0.0,282,3,0,285
gstreamer1.0-alsa,rhel_8,ubuntu_focal,0.0,440,7,0,447
gstreamer1.0-alsa,rhel_8,ubuntu_jammy,0.0,440,3,0,443
gstreamer1.0-alsa,rhel_8,ubuntu_noble,0.0,440,3,0,443
gstreamer1.0-alsa,rhel_9,ubuntu_focal,0.0,266,7,0,273
gstreamer1.0-alsa,rhel_9,ubuntu_jammy,0.0,266,3,0,269
gstreamer1.0-alsa,rhel_9,ubuntu_noble,0.0,266,3,0,269
gstreamer1.0-gl,arch,debian_bookworm,0.0,7,4,0,11
gstreamer1.0-gl,arch,ubuntu_focal,0.0,7,7,0,14
gstreamer1.0-gl,arch,ubuntu_jammy,0.0,7,3,0,10
gstreamer1.0-gl,arch,ubuntu_noble,0.0,7,3,0,10
gstreamer1.0-gl,debian_bookworm,fedora_42,0.0,4,282,0,286
gstreamer1.0-gl,debian_bookworm,fedora_43,0.0,4,282,0,286
gstreamer1.0-gl,debian_bookworm,rhel_8,0.0,4,440,0,444
gstreamer1.0-gl,debian_bookworm,rhel_9,0.0,4,266,0,270
gstreamer1.0-gl,fedora_42,ubuntu_focal,0.0,282,7,0,289
gstreamer1.0-gl,fedora_42,ubuntu_jammy,0.0,282,3,0,285
gstreamer1.0-gl,fedora_42,ubuntu_noble,0.0,282,3,0,285
gstreamer1.0-gl,fedora_43,ubuntu_focal,0.0,282,7,0,289
gstreamer1.0-gl,fedora_43,ubuntu_jammy,0.0,282,3,0,285
gstreamer1.0-gl,fedora_43,ubuntu_noble,0.0,282,3,0,285
gstreamer1.0-gl,rhel_8,ubuntu_focal,0.0,440,7,0,447
gstreamer1.0-gl,rhel_8,ubuntu_jammy,0.0,440,3,0,443
gstreamer1.0-gl,rhel_8,ubuntu_noble,0.0,440,3,0,443
gstreamer1.0-gl,rhel_9,ubuntu_focal,0.0,266,7,0,273
gstreamer1.0-gl,rhel_9,ubuntu_jammy,0.0,266,3,0,269
gstreamer1.0-gl,rhel_9,ubuntu_noble,0.0,266,3,0,269
gstreamer1.0-libav,arch,debian_bookworm,0.0,1,4,0,5
gstreamer1.0-libav,arch,opensuse_15.2,0.0,1,2,0,3
gstreamer1.0-libav,arch,ubuntu_focal,0.0,1,8,0,9
gstreamer1.0-libav,arch,ubuntu_jammy,0.0,1,3,0,4
gstreamer1.0-libav,arch,ubuntu_noble,0.0,1,3,0,4
gstreamer1.0-libav,debian_bookworm,opensuse_15.2,0.0,4,2,0,6
gstreamer1.0-libav,opensuse_15.2,ubuntu_focal,0.0,2,8,0,10
gstreamer1.0-libav,opensuse_15.2,ubuntu_jammy,0.0,2,3,0,5
gstreamer1.0-libav,opensuse_15.2,ubuntu_noble,0.0,2,3,0,5
gstreamer1.0-plugins-bad,arch,debian_bookworm,0.0,65,193,0,258
gstreamer1.0-plugins-bad,arch,opensuse_15.2,0.0,65,111,0,176
gstreamer1.0-plugins-bad,arch,ubuntu_focal,0.0,65,174,0,239
gstreamer1.0-plugins-bad,arch,ubuntu_jammy,0.0,65,183,0,248
gstreamer1.0-plugins-bad,arch,ubuntu_noble,0.0,65,197,0,262
gstreamer1.0-plugins-ugly,arch,opensuse_15.2,0.0,55,9,0,64
gstreamer1.0-plugins-ugly,debian_bookworm,opensuse_15.2,0.0,62,9,0,71
gstreamer1.0-plugins-ugly,fedora_42,opensuse_15.2,0.0,12,9,0,21
gstreamer1.0-plugins-ugly,fedora_43,opensuse_15.2,0.0,12,9,0,21
gstreamer1.0-plugins-ugly,opensuse_15.2,ubuntu_focal,0.0,9,64,0,73
gstreamer1.0-plugins-ugly,opensuse_15.2,ubuntu_jammy,0.0,9,61,0,70
gstreamer1.0-plugins-ugly,opensuse_15.2,ubuntu_noble,0.0,9,58,0,67
gstreamer1.0-x,arch,debian_bookworm,0.0,223,6,0,229
gstreamer1.0-x,arch,fedora_42,0.0,223,282,0,505
gstreamer1.0-x,arch,fedora_43,0.0,223,282,0,505
gstreamer1.0-x,arch,ubuntu_focal,0.0,223,9,0,232
gstreamer1.0-x,arch,ubuntu_jammy,0.0,223,5,0,228
gstreamer1.0-x,arch,ubuntu_noble,0.0,223,5,0,228
gstreamer1.0-x,debian_bookworm,fedora_42,0.0,6,282,0,288
gstreamer1.0-x,debian_bookworm,fedora_43,0.0,6,282,0,288
gstreamer1.0-x,debian_bookworm,opensuse_15.2,0.0,6,9,0,15
gstreamer1.0-x,fedora_42,opensuse_15.2,0.0,282,9,0,291
gstreamer1.0-x,fedora_42,ubuntu_focal,0.0,282,9,0,291
gstreamer1.0-x,fedora_42,ubuntu_jammy,0.0,282,5,0,287
gstreamer1.0-x,fedora_42,ubuntu_noble,0.0,282,5,0,287
gstreamer1.0-x,fedora_43,opensuse_15.2,0.0,282,9,0,291
gstreamer1.0-x,fedora_43,ubuntu_focal,0.0,282,9,0,291
gstreamer1.0-x,fedora_43,ubuntu_jammy,0.0,282,5,0,287
gstreamer1.0-x,fedora_43,ubuntu_noble,0.0,282,5,0,287
gstreamer1.0-x,opensuse_15.2,ubuntu_focal,0.0,9,9,0,18
gstreamer1.0-x,opensuse_15.2,ubuntu_jammy,0.0,9,5,0,14
gstreamer1.0-x,opensuse_15.2,ubuntu_noble,0.0,9,5,0,14
hdf5,arch,debian_bookworm,0.0,233,145,0,378
hdf5,arch,ubuntu_focal,0.0,233,147,0,380
hdf5,arch,ubuntu_jammy,0.0,233,144,0,377
hdf5,arch,ubuntu_noble,0.0,233,144,0,377
hdf5,debian_bookworm,fedora_42,0.0,145,193,0,338
hdf5,debian_bookworm,fedora_43,0.0,145,193,0,338
hdf5,fedora_42,ubuntu_focal,0.0,193,147,0,340
hdf5,fedora_42,ubuntu_jammy,0.0,193,144,0,337
hdf5,fedora_42,ubuntu_noble,0.0,193,144,0,337
hdf5,fedora_43,ubuntu_focal,0.0,193,147,0,340
hdf5,fedora_43,ubuntu_jammy,0.0,193,144,0,337
hdf5,fedora_43,ubuntu_noble,0.0,193,144,0,337
ifstat,debian_bookworm,opensuse_15.2,0.0,7,178,0,185
ifstat,fedora_42,opensuse_15.2,0.0,7,178,0,185
ifstat,fedora_43,opensuse_15.2,0.0,7,178,0,185
ifstat,opensuse_15.2,ubuntu_focal,0.0,178,7,0,185
ifstat,opensuse_15.2,ubuntu_jammy,0.0,178,7,0,185
ifstat,opensuse_15.2,ubuntu_noble,0.0,178,7,0,185
imagemagick,arch,debian_bookworm,0.0,820,5,0,825
imagemagick,arch,ubuntu_focal,0.0,820,4,0,824
imagemagick,arch,ubuntu_jammy,0.0,820,4,0,824
imagemagick,arch,ubuntu_noble,0.0,820,3,0,823
imagemagick,debian_bookworm,fedora_42,0.0,5,32,0,37
imagemagick,debian_bookworm,fedora_43,0.0,5,32,0,37
imagemagick,fedora_42,ubuntu_focal,0.0,32,4,0,36
imagemagick,fedora_42,ubuntu_jammy,0.0,32,4,0,36
imagemagick,fedora_42,ubuntu_noble,0.0,32,3,0,35
imagemagick,fedora_43,ubuntu_focal,0.0,32,4,0,36
imagemagick,fedora_43,ubuntu_jammy,0.0,32,4,0,36
imagemagick,fedora_43,ubuntu_noble,0.0,32,3,0,35
java,alpine_edge,arch,0.0,8,548,0,556
java,alpine_edge,debian_bookworm,0.0,8,1,0,9
java,alpine_edge,ubuntu_focal,0.0,8,1,0,9
java,alpine_edge,ubuntu_jammy,0.0,8,1,0,9
java,alpine_edge,ubuntu_noble,0.0,8,1,0,9
java,arch,debian_bookworm,0.0,548,1,0,549
java,arch,ubuntu_focal,0.0,548,1,0,549
java,arch,ubuntu_jammy,0.0,548,1,0,549
java,arch,ubuntu_noble,0.0,548,1,0,549
jython,arch,debian_bookworm,0.0,3933,20,0,3953
jython,arch,ubuntu_focal,0.0,3933,1384,0,5317
jython,arch,ubuntu_jammy,0.0,3933,19,0,3952
jython,arch,ubuntu_noble,0.0,3933,19,0,3952
language-pack-de,fedora_42,ubuntu_focal,0.0,21,2,0,23
language-pack-de,fedora_42,ubuntu_jammy,0.0,21,2,0,23
language-pack-de,fedora_42,ubuntu_noble,0.0,21,2,0,23
language-pack-de,fedora_43,ubuntu_focal,0.0,21,2,0,23
language-pack-de,fedora_43,ubuntu_jammy,0.0,21,2,0,23
language-pack-de,fedora_43,ubuntu_noble,0.0,21,2,0,23
language-pack-en,fedora_42,ubuntu_focal,0.0,21,2,0,23
language-pack-en,fedora_42,ubuntu_jammy,0.0,21,2,0,23
language-pack-en,fedora_42,ubuntu_noble,0.0,21,2,0,23
language-pack-en,fedora_43,ubuntu_focal,0.0,21,2,0,23
language-pack-en,fedora_43,ubuntu_jammy,0.0,21,2,0,23
language-pack-en,fedora_43,ubuntu_noble,0.0,21,2,0,23
lensfun,alpine_edge,debian_bookworm,0.0,58,5,0,63
lensfun,alpine_edge,opensuse_15.2,0.0,58,2,0,60
lensfun,alpine_edge,ubuntu_focal,0.0,58,4,0,62
lensfun,alpine_edge,ubuntu_jammy,0.0,58,4,0,62
lensfun,alpine_edge,ubuntu_noble,0.0,58,4,0,62
lensfun,arch,debian_bookworm,0.0,71,5,0,76
lensfun,arch,opensuse_15.2,0.0,71,2,0,73
lensfun,arch,ubuntu_focal,0.0,71,4,0,75
lensfun,arch,ubuntu_jammy,0.0,71,4,0,75
lensfun,arch,ubuntu_noble,0.0,71,4,0,75
lensfun,debian_bookworm,fedora_42,0.0,5,66,0,71
lensfun,debian_bookworm,fedora_43,0.0,5,66,0,71
lensfun,debian_bookworm,opensuse_15.2,0.0,5,2,0,7
lensfun,debian_bookworm,rhel_8,0.0,5,62,0,67
lensfun,debian_bookworm,rhel_9,0.0,5,63,0,68
lensfun,fedora_42,ubuntu_focal,0.0,66,4,0,70
lensfun,fedora_42,ubuntu_jammy,0.0,66,4,0,70
lensfun,fedora_42,ubuntu_noble,0.0,66,4,0,70
lensfun,fedora_43,ubuntu_focal,0.0,66,4,0,70
lensfun,fedora_43,ubuntu_jammy,0.0,66,4,0,70
lensfun,fedora_43,ubuntu_noble,0.0,66,4,0,70
lensfun,opensuse_15.2,ubuntu_focal,0.0,2,4,0,6
lensfun,opensuse_15.2,ubuntu_jammy,0.0,2,4,0,6
lensfun,opensuse_15.2,ubuntu_noble,0.0,2,4,0,6
lensfun,rhel_8,ubuntu_focal,0.0,62,4,0,66
lensfun,rhel_8,ubuntu_jammy,0.0,62,4,0,66
lensfun,rhel_8,ubuntu_noble,0.0,62,4,0,66
lensfun,rhel_9,ubuntu_focal,0.0,63,4,0,67
lensfun,rhel_9,ubuntu_jammy,0.0,63,4,0,67
lensfun,rhel_9,ubuntu_noble,0.0,63,4,0,67
libalglib-dev,debian_bookworm,fedora_42,0.0,23,19,0,42
libalglib-dev,debian_bookworm,fedora_43,0.0,23,19,0,42
libalglib-dev,fedora_42,ubuntu_focal,0.0,19,20,0,39
libalglib-dev,fedora_42,ubuntu_jammy,0.0,19,23,0,42
libalglib-dev,fedora_42,ubuntu_noble,0.0,19,23,0,42
libalglib-dev,fedora_43,ubuntu_focal,0.0,19,20,0,39
libalglib-dev,fedora_43,ubuntu_jammy,0.0,19,23,0,42
libalglib-dev,fedora_43,ubuntu_noble,0.0,19,23,0,42
libasound2-dev,debian_bookworm,fedora_42,0.0,75,98,0,173
libasound2-dev,debian_bookworm,fedora_43,0.0,75,98,0,173
libasound2-dev,fedora_42,ubuntu_focal,0.0,98,73,0,171
libasound2-dev,fedora_42,ubuntu_jammy,0.0,98,74,0,172
libasound2-dev,fedora_42,ubuntu_noble,0.0,98,76,0,174
libasound2-dev,fedora_43,ubuntu_focal,0.0,98,73,0,171
libasound2-dev,fedora_43,ubuntu_jammy,0.0,98,74,0,172
libasound2-dev,fedora_43,ubuntu_noble,0.0,98,76,0,174
libatomic,alpine_edge,debian_bookworm,0.0,2,3,0,5
libatomic,alpine_edge,ubuntu_focal,0.0,2,3,0,5
libatomic,alpine_edge,ubuntu_jammy,0.0,2,3,0,5
libatomic,alpine_edge,ubuntu_noble,0.0,2,3,0,5
libatomic,arch,debian_bookworm,0.0,53,3,0,56
libatomic,arch,ubuntu_focal,0.0,53,3,0,56
libatomic,arch,ubuntu_jammy,0.0,53,3,0,56
libatomic,arch,ubuntu_noble,0.0,53,3,0,56
libatomic,debian_bookworm,fedora_42,0.0,3,6,0,9
libatomic,debian_bookworm,fedora_43,0.0,3,6,0,9
libatomic,debian_bookworm,rhel_8,0.0,3,14,0,17
libatomic,debian_bookworm,rhel_9,0.0,3,6,0,9
libatomic,fedora_42,ubuntu_focal,0.0,6,3,0,9
libatomic,fedora_42,ubuntu_jammy,0.0,6,3,0,9
libatomic,fedora_42,ubuntu_noble,0.0,6,3,0,9
libatomic,fedora_43,ubuntu_focal,0.0,6,3,0,9
libatomic,fedora_43,ubuntu_jammy,0.0,6,3,0,9
libatomic,fedora_43,ubuntu_noble,0.0,6,3,0,9
libatomic,rhel_8,ubuntu_focal,0.0,14,3,0,17
libatomic,rhel_8,ubuntu_jammy,0.0,14,3,0,17
libatomic,rhel_8,ubuntu_noble,0.0,14,3,0,17
libatomic,rhel_9,ubuntu_focal,0.0,6,3,0,9
libatomic,rhel_9,ubuntu_jammy,0.0,6,3,0,9
libatomic,rhel_9,ubuntu_noble,0.0,6,3,0,9
libavdevice-dev,arch,debian_bookworm,0.0,263,9,0,272
libavdevice-dev,arch,ubuntu_focal,0.0,263,7,0,270
libavdevice-dev,arch,ubuntu_jammy,0.0,263,7,0,270
libavdevice-dev,arch,ubuntu_noble,0.0,263,8,0,271
libavdevice-dev,debian_bookworm,fedora_42,0.0,9,8,0,17
libavdevice-dev,debian_bookworm,fedora_43,0.0,9,8,0,17
libavdevice-dev,debian_bookworm,rhel_9,0.0,9,6,0,15
libavdevice-dev,fedora_42,ubuntu_focal,0.0,8,7,0,15
libavdevice-dev,fedora_42,ubuntu_jammy,0.0,8,7,0,15
libavdevice-dev,fedora_42,ubuntu_noble,0.0,8,8,0,16
libavdevice-dev,fedora_43,ubuntu_focal,0.0,8,7,0,15
libavdevice-dev,fedora_43,ubuntu_jammy,0.0,8,7,0,15
libavdevice-dev,fedora_43,ubuntu_noble,0.0,8,8,0,16
libavdevice-dev,rhel_9,ubuntu_focal,0.0,6,7,0,13
libavdevice-dev,rhel_9,ubuntu_jammy,0.0,6,7,0,13
libavdevice-dev,rhel_9,ubuntu_noble,0.0,6,8,0,14
libbackward-cpp-dev,debian_bookworm,opensuse_15.2,0.0,4,2,0,6
libbackward-cpp-dev,opensuse_15.2,ubuntu_focal,0.0,2,4,0,6
libbackward-cpp-dev,opensuse_15.2,ubuntu_jammy,0.0,2,4,0,6
libbackward-cpp-dev,opensuse_15.2,ubuntu_noble,0.0,2,4,0,6
libblas-dev,arch,debian_bookworm,0.0,13,9,0,22
libblas-dev,arch,ubuntu_focal,0.0,13,9,0,22
libblas-dev,arch,ubuntu_jammy,0.0,13,9,0,22
libblas-dev,arch,ubuntu_noble,0.0,13,9,0,22
libblas-dev,debian_bookworm,fedora_42,0.0,9,36,0,45
libblas-dev,debian_bookworm,fedora_43,0.0,9,36,0,45
libblas-dev,debian_bookworm,rhel_8,0.0,9,12,0,21
libblas-dev,debian_bookworm,rhel_9,0.0,9,20,0,29
libblas-dev,fedora_42,ubuntu_focal,0.0,36,9,0,45
libblas-dev,fedora_42,ubuntu_jammy,0.0,36,9,0,45
libblas-dev,fedora_42,ubuntu_noble,0.0,36,9,0,45
libblas-dev,fedora_43,ubuntu_focal,0.0,36,9,0,45
libblas-dev,fedora_43,ubuntu_jammy,0.0,36,9,0,45
libblas-dev,fedora_43,ubuntu_noble,0.0,36,9,0,45
libblas-dev,rhel_8,ubuntu_focal,0.0,12,9,0,21
libblas-dev,rhel_8,ubuntu_jammy,0.0,12,9,0,21
libblas-dev,rhel_8,ubuntu_noble,0.0,12,9,0,21
libblas-dev,rhel_9,ubuntu_focal,0.0,20,9,0,29
libblas-dev,rhel_9,ubuntu_jammy,0.0,20,9,0,29
libblas-dev,rhel_9,ubuntu_noble,0.0,20,9,0,29
libbluetooth,arch,debian_bookworm,0.0,20,8,0,28
libbluetooth,arch,fedora_42,0.0,20,7,0,27
libbluetooth,arch,fedora_43,0.0,20,7,0,27
libbluetooth,arch,rhel_8,0.0,20,11,0,31
libbluetooth,arch,rhel_9,0.0,20,7,0,27
libbluetooth,arch,ubuntu_focal,0.0,20,7,0,27
libbluetooth,arch,ubuntu_jammy,0.0,20,7,0,27
libbluetooth,arch,ubuntu_noble,0.0,20,6,0,26
libbluetooth,debian_bookworm,fedora_42,0.0,8,7,0,15
libbluetooth,debian_bookworm,fedora_43,0.0,8,7,0,15
libbluetooth,debian_bookworm,rhel_8,0.0,8,11,0,19
libbluetooth,debian_bookworm,rhel_9,0.0,8,7,0,15
libbluetooth,fedora_42,ubuntu_focal,0.0,7,7,0,14
libbluetooth,fedora_42,ubuntu_jammy,0.0,7,7,0,14
libbluetooth,fedora_42,ubuntu_noble,0.0,7,6,0,13
libbluetooth,fedora_43,ubuntu_focal,0.0,7,7,0,14
libbluetooth,fedora_43,ubuntu_jammy,0.0,7,7,0,14
libbluetooth,fedora_43,ubuntu_noble,0.0,7,6,0,13
libbluetooth,rhel_8,ubuntu_focal,0.0,11,7,0,18
libbluetooth,rhel_8,ubuntu_jammy,0.0,11,7,0,18
libbluetooth,rhel_8,ubuntu_noble,0.0,11,6,0,17
libbluetooth,rhel_9,ubuntu_focal,0.0,7,7,0,14
libbluetooth,rhel_9,ubuntu_jammy,0.0,7,7,0,14
libbluetooth,rhel_9,ubuntu_noble,0.0,7,6,0,13
libbluetooth-dev,arch,debian_bookworm,0.0,20,54,0,74
libbluetooth-dev,arch,fedora_42,0.0,20,91,0,111
libbluetooth-dev,arch,fedora_43,0.0,20,95,0,115
libbluetooth-dev,arch,rhel_8,0.0,20,38,0,58
libbluetooth-dev,arch,rhel_9,0.0,20,88,0,108
libbluetooth-dev,arch,ubuntu_focal,0.0,20,42,0,62
libbluetooth-dev,arch,ubuntu_jammy,0.0,20,41,0,61
libbluetooth-dev,arch,ubuntu_noble,0.0,20,113,0,133
libboost-atomic,arch,fedora_42,0.0,52,5,0,57
libboost-atomic,arch,fedora_43,0.0,52,5,0,57
libboost-atomic,arch,opensuse_15.2,0.0,52,1,0,53
libboost-atomic,arch,rhel_8,0.0,52,5,0,57
libboost-atomic,arch,rhel_9,0.0,52,7,0,59
libboost-atomic,arch,ubuntu_focal,0.0,52,4,0,56
libboost-atomic,arch,ubuntu_jammy,0.0,52,5,0,57
libboost-atomic,arch,ubuntu_noble,0.0,52,4,0,56
libboost-atomic,fedora_42,opensuse_15.2,0.0,5,1,0,6
libboost-atomic,fedora_42,ubuntu_focal,0.0,5,4,0,9
libboost-atomic,fedora_42,ubuntu_jammy,0.0,5,5,0,10
libboost-atomic,fedora_42,ubuntu_noble,0.0,5,4,0,9
libboost-atomic,fedora_43,opensuse_15.2,0.0,5,1,0,6
libboost-atomic,fedora_43,ubuntu_focal,0.0,5,4,0,9
libboost-atomic,fedora_43,ubuntu_jammy,0.0,5,5,0,10
libboost-atomic,fedora_43,ubuntu_noble,0.0,5,4,0,9
libboost-atomic,opensuse_15.2,rhel_9,0.0,1,7,0,8
libboost-atomic,opensuse_15.2,ubuntu_focal,0.0,1,4,0,5
libboost-atomic,opensuse_15.2,ubuntu_jammy,0.0,1,5,0,6
libboost-atomic,opensuse_15.2,ubuntu_noble,0.0,1,4,0,5
libboost-atomic,rhel_8,ubuntu_focal,0.0,5,4,0,9
libboost-atomic,rhel_8,ubuntu_jammy,0.0,5,5,0,10
libboost-atomic,rhel_8,ubuntu_noble,0.0,5,4,0,9
libboost-atomic,rhel_9,ubuntu_focal,0.0,7,4,0,11
libboost-atomic,rhel_9,ubuntu_jammy,0.0,7,5,0,12
libboost-atomic,rhel_9,ubuntu_noble,0.0,7,4,0,11
libboost-atomic,ubuntu_focal,ubuntu_jammy,0.0,4,5,0,9
libboost-atomic,ubuntu_focal,ubuntu_noble,0.0,4,4,0,8
libboost-atomic,ubuntu_jammy,ubuntu_noble,0.0,5,4,0,9
libboost-atomic-dev,arch,debian_bookworm,0.0,16522,2,0,16524
libboost-atomic-dev,arch,opensuse_15.2,0.0,16522,1,0,16523
libboost-atomic-dev,arch,ubuntu_focal,0.0,16522,2,0,16524
libboost-atomic-dev,arch,ubuntu_jammy,0.0,16522,2,0,16524
libboost-atomic-dev,arch,ubuntu_noble,0.0,16522,2,0,16524
libboost-atomic-dev,debian_bookworm,fedora_42,0.0,2,16077,0,16079
libboost-atomic-dev,debian_bookworm,fedora_43,0.0,2,16077,0,16079
libboost-atomic-dev,debian_bookworm,opensuse_15.2,0.0,2,1,0,3
libboost-atomic-dev,debian_bookworm,rhel_8,0.0,2,13011,0,13013
libboost-atomic-dev,debian_bookworm,rhel_9,0.0,2,15105,0,15107
libboost-atomic-dev,fedora_42,ubuntu_focal,0.0,16077,2,0,16079
libboost-atomic-dev,fedora_42,ubuntu_jammy,0.0,16077,2,0,16079
libboost-atomic-dev,fedora_42,ubuntu_noble,0.0,16077,2,0,16079
libboost-atomic-dev,fedora_43,ubuntu_focal,0.0,16077,2,0,16079
libboost-atomic-dev,fedora_43,ubuntu_jammy,0.0,16077,2,0,16079
libboost-atomic-dev,fedora_43,ubuntu_noble,0.0,16077,2,0,16079
libboost-atomic-dev,opensuse_15.2,ubuntu_focal,0.0,1,2,0,3
libboost-atomic-dev,opensuse_15.2,ubuntu_jammy,0.0,1,2,0,3
libboost-atomic-dev,opensuse_15.2,ubuntu_noble,0.0,1,2,0,3
libboost-atomic-dev,rhel_8,ubuntu_focal,0.0,13011,2,0,13013
libboost-atomic-dev,rhel_8,ubuntu_jammy,0.0,13011,2,0,13013
libboost-atomic-dev,rhel_8,ubuntu_noble,0.0,13011,2,0,13013
libboost-atomic-dev,rhel_9,ubuntu_focal,0.0,15105,2,0,15107
libboost-atomic-dev,rhel_9,ubuntu_jammy,0.0,15105,2,0,15107
libboost-atomic-dev,rhel_9,ubuntu_noble,0.0,15105,2,0,15107
libboost-chrono-dev,arch,debian_bookworm,0.0,16522,2,0,16524
libboost-chrono-dev,arch,opensuse_15.2,0.0,16522,1,0,16523
libboost-chrono-dev,arch,ubuntu_focal,0.0,16522,2,0,16524
libboost-chrono-dev,arch,ubuntu_jammy,0.0,16522,2,0,16524
libboost-chrono-dev,arch,ubuntu_noble,0.0,16522,2,0,16524
libboost-chrono-dev,debian_bookworm,fedora_42,0.0,2,16077,0,16079
libboost-chrono-dev,debian_bookworm,fedora_43,0.0,2,16077,0,16079
libboost-chrono-dev,debian_bookworm,opensuse_15.2,0.0,2,1,0,3
libboost-chrono-dev,debian_bookworm,rhel_8,0.0,2,13011,0,13013
libboost-chrono-dev,debian_bookworm,rhel_9,0.0,2,15105,0,15107
libboost-chrono-dev,fedora_42,ubuntu_focal,0.0,16077,2,0,16079
libboost-chrono-dev,fedora_42,ubuntu_jammy,0.0,16077,2,0,16079
libboost-chrono-dev,fedora_42,ubuntu_noble,0.0,16077,2,0,16079
libboost-chrono-dev,fedora_43,ubuntu_focal,0.0,16077,2,0,16079
libboost-chrono-dev,fedora_43,ubuntu_jammy,0.0,16077,2,0,16079
libboost-chrono-dev,fedora_43,ubuntu_noble,0.0,16077,2,0,16079
libboost-chrono-dev,opensuse_15.2,ubuntu_focal,0.0,1,2,0,3
libboost-chrono-dev,opensuse_15.2,ubuntu_jammy,0.0,1,2,0,3
libboost-chrono-dev,opensuse_15.2,ubuntu_noble,0.0,1,2,0,3
libboost-chrono-dev,rhel_8,ubuntu_focal,0.0,13011,2,0,13013
libboost-chrono-dev,rhel_8,ubuntu_jammy,0.0,13011,2,0,13013
libboost-chrono-dev,rhel_8,ubuntu_noble,0.0,13011,2,0,13013
libboost-chrono-dev,rhel_9,ubuntu_focal,0.0,15105,2,0,15107
libboost-chrono-dev,rhel_9,ubuntu_jammy,0.0,15105,2,0,15107
libboost-chrono-dev,rhel_9,ubuntu_noble,0.0,15105,2,0,15107
libboost-coroutine,arch,fedora_42,0.0,52,5,0,57
libboost-coroutine,arch,fedora_43,0.0,52,5,0,57
libboost-coroutine,arch,opensuse_15.2,0.0,52,1,0,53
libboost-coroutine,arch,rhel_8,0.0,52,5,0,57
libboost-coroutine,arch,rhel_9,0.0,52,7,0,59
libboost-coroutine,arch,ubuntu_focal,0.0,52,4,0,56
libboost-coroutine,arch,ubuntu_jammy,0.0,52,5,0,57
libboost-coroutine,arch,ubuntu_noble,0.0,52,4,0,56
libboost-coroutine,fedora_42,opensuse_15.2,0.0,5,1,0,6
libboost-coroutine,fedora_42,ubuntu_focal,0.0,5,4,0,9
libboost-coroutine,fedora_42,ubuntu_jammy,0.0,5,5,0,10
libboost-coroutine,fedora_42,ubuntu_noble,0.0,5,4,0,9
libboost-coroutine,fedora_43,opensuse_15.2,0.0,5,1,0,6
libboost-coroutine,fedora_43,ubuntu_focal,0.0,5,4,0,9
libboost-coroutine,fedora_43,ubuntu_jammy,0.0,5,5,0,10
libboost-coroutine,fedora_43,ubuntu_noble,0.0,5,4,0,9
libboost-coroutine,opensuse_15.2,rhel_9,0.0,1,7,0,8
libboost-coroutine,opensuse_15.2,ubuntu_focal,0.0,1,4,0,5
libboost-coroutine,opensuse_15.2,ubuntu_jammy,0.0,1,5,0,6
libboost-coroutine,opensuse_15.2,ubuntu_noble,0.0,1,4,0,5
libboost-coroutine,rhel_8,ubuntu_focal,0.0,5,4,0,9
libboost-coroutine,rhel_8,ubuntu_jammy,0.0,5,5,0,10
libboost-coroutine,rhel_8,ubuntu_noble,0.0,5,4,0,9
libboost-coroutine,rhel_9,ubuntu_focal,0.0,7,4,0,11
libboost-coroutine,rhel_9,ubuntu_jammy,0.0,7,5,0,12
libboost-coroutine,rhel_9,ubuntu_noble,0.0,7,4,0,11
libboost-coroutine,ubuntu_focal,ubuntu_jammy,0.0,4,5,0,9
libboost-coroutine,ubuntu_focal,ubuntu_noble,0.0,4,4,0,8
libboost-coroutine,ubuntu_jammy,ubuntu_noble,0.0,5,4,0,9
libboost-coroutine-dev,arch,debian_bookworm,0.0,16522,2,0,16524
libboost-coroutine-dev,arch,opensuse_15.2,0.0,16522,1,0,16523
libboost-coroutine-dev,arch,ubuntu_focal,0.0,16522,2,0,16524
libboost-coroutine-dev,arch,ubuntu_jammy,0.0,16522,2,0,16524
libboost-coroutine-dev,arch,ubuntu_noble,0.0,16522,2,0,16524
libboost-coroutine-dev,debian_bookworm,fedora_42,0.0,2,16077,0,16079
libboost-coroutine-dev,debian_bookworm,fedora_43,0.0,2,16077,0,16079
libboost-coroutine-dev,debian_bookworm,opensuse_15.2,0.0,2,1,0,3
libboost-coroutine-dev,debian_bookworm,rhel_8,0.0,2,13011,0,13013
libboost-coroutine-dev,debian_bookworm,rhel_9,0.0,2,15105,0,15107
libboost-coroutine-dev,fedora_42,ubuntu_focal,0.0,16077,2,0,16079
libboost-coroutine-dev,fedora_42,ubuntu_jammy,0.0,16077,2,0,16079
libboost-coroutine-dev,fedora_42,ubuntu_noble,0.0,16077,2,0,16079
libboost-coroutine-dev,fedora_43,ubuntu_focal,0.0,16077,2,0,16079
libboost-coroutine-dev,fedora_43,ubuntu_jammy,0.0,16077,2,0,16079
libboost-coroutine-dev,fedora_43,ubuntu_noble,0.0,16077,2,0,16079
libboost-coroutine-dev,opensuse_15.2,ubuntu_focal,0.0,1,2,0,3
libboost-coroutine-dev,opensuse_15.2,ubuntu_jammy,0.0,1,2,0,3
libboost-coroutine-dev,opensuse_15.2,ubuntu_noble,0.0,1,2,0,3
libboost-coroutine-dev,rhel_8,ubuntu_focal,0.0,13011,2,0,13013
libboost-coroutine-dev,rhel_8,ubuntu_jammy,0.0,13011,2,0,13013
libboost-coroutine-dev,rhel_8,ubuntu_noble,0.0,13011,2,0,13013
libboost-coroutine-dev,rhel_9,ubuntu_focal,0.0,15105,2,0,15107
libboost-coroutine-dev,rhel_9,ubuntu_jammy,0.0,15105,2,0,15107
libboost-coroutine-dev,rhel_9,ubuntu_noble,0.0,15105,2,0,15107
libboost-date-time,arch,debian_bookworm,0.0,52,4,0,56
libboost-date-time,arch,fedora_42,0.0,52,5,0,57
libboost-date-time,arch,fedora_43,0.0,52,5,0,57
libboost-date-time,arch,opensuse_15.2,0.0,52,1,0,53
libboost-date-time,arch,rhel_8,0.0,52,5,0,57
libboost-date-time,arch,rhel_9,0.0,52,7,0,59
libboost-date-time,arch,ubuntu_focal,0.0,52,4,0,56
libboost-date-time,arch,ubuntu_jammy,0.0,52,5,0,57
libboost-date-time,arch,ubuntu_noble,0.0,52,4,0,56
libboost-date-time,debian_bookworm,fedora_42,0.0,4,5,0,9
libboost-date-time,debian_bookworm,fedora_43,0.0,4,5,0,9
libboost-date-time,debian_bookworm,opensuse_15.2,0.0,4,1,0,5
libboost-date-time,debian_bookworm,rhel_8,0.0,4,5,0,9
libboost-date-time,debian_bookworm,rhel_9,0.0,4,7,0,11
libboost-date-time,debian_bookworm,ubuntu_focal,0.0,4,4,0,8
libboost-date-time,debian_bookworm,ubuntu_jammy,0.0,4,5,0,9
libboost-date-time,debian_bookworm,ubuntu_noble,0.0,4,4,0,8
libboost-date-time,fedora_42,opensuse_15.2,0.0,5,1,0,6
libboost-date-time,fedora_42,ubuntu_focal,0.0,5,4,0,9
libboost-date-time,fedora_42,ubuntu_jammy,0.0,5,5,0,10
libboost-date-time,fedora_42,ubuntu_noble,0.0,5,4,0,9
libboost-date-time,fedora_43,opensuse_15.2,0.0,5,1,0,6
libboost-date-time,fedora_43,ubuntu_focal,0.0,5,4,0,9
libboost-date-time,fedora_43,ubuntu_jammy,0.0,5,5,0,10
libboost-date-time,fedora_43,ubuntu_noble,0.0,5,4,0,9
libboost-date-time,opensuse_15.2,rhel_9,0.0,1,7,0,8
libboost-date-time,opensuse_15.2,ubuntu_focal,0.0,1,4,0,5
libboost-date-time,opensuse_15.2,ubuntu_jammy,0.0,1,5,0,6
libboost-date-time,opensuse_15.2,ubuntu_noble,0.0,1,4,0,5
libboost-date-time,rhel_8,ubuntu_focal,0.0,5,4,0,9
libboost-date-time,rhel_8,ubuntu_jammy,0.0,5,5,0,10
libboost-date-time,rhel_8,ubuntu_noble,0.0,5,4,0,9
libboost-date-time,rhel_9,ubuntu_focal,0.0,7,4,0,11
libboost-date-time,rhel_9,ubuntu_jammy,0.0,7,5,0,12
libboost-date-time,rhel_9,ubuntu_noble,0.0,7,4,0,11
libboost-date-time,ubuntu_focal,ubuntu_jammy,0.0,4,5,0,9
libboost-date-time,ubuntu_focal,ubuntu_noble,0.0,4,4,0,8
libboost-date-time,ubuntu_jammy,ubuntu_noble,0.0,5,4,0,9
libboost-date-time-dev,arch,debian_bookworm,0.0,16522,2,0,16524
libboost-date-time-dev,arch,opensuse_15.2,0.0,16522,1,0,16523
libboost-date-time-dev,arch,ubuntu_focal,0.0,16522,2,0,16524
libboost-date-time-dev,arch,ubuntu_jammy,0.0,16522,2,0,16524
libboost-date-time-dev,arch,ubuntu_noble,0.0,16522,2,0,16524
libboost-date-time-dev,debian_bookworm,fedora_42,0.0,2,16077,0,16079
libboost-date-time-dev,debian_bookworm,fedora_43,0.0,2,16077,0,16079
libboost-date-time-dev,debian_bookworm,opensuse_15.2,0.0,2,1,0,3
libboost-date-time-dev,debian_bookworm,rhel_8,0.0,2,13011,0,13013
libboost-date-time-dev,debian_bookworm,rhel_9,0.0,2,15105,0,15107
libboost-date-time-dev,fedora_42,ubuntu_focal,0.0,16077,2,0,16079
libboost-date-time-dev,fedora_42,ubuntu_jammy,0.0,16077,2,0,16079
libboost-date-time-dev,fedora_42,ubuntu_noble,0.0,16077,2,0,16079
libboost-date-time-dev,fedora_43,ubuntu_focal,0.0,16077,2,0,16079
libboost-date-time-dev,fedora_43,ubuntu_jammy,0.0,16077,2,0,16079
libboost-date-time-dev,fedora_43,ubuntu_noble,0.0,16077,2,0,16079
libboost-date-time-dev,opensuse_15.2,ubuntu_focal,0.0,1,2,0,3
libboost-date-time-dev,opensuse_15.2,ubuntu_jammy,0.0,1,2,0,3
libboost-date-time-dev,opensuse_15.2,ubuntu_noble,0.0,1,2,0,3
libboost-date-time-dev,rhel_8,ubuntu_focal,0.0,13011,2,0,13013
libboost-date-time-dev,rhel_8,ubuntu_jammy,0.0,13011,2,0,13013
libboost-date-time-dev,rhel_8,ubuntu_noble,0.0,13011,2,0,13013
libboost-date-time-dev,rhel_9,ubuntu_focal,0.0,15105,2,0,15107
libboost-date-time-dev,rhel_9,ubuntu_jammy,0.0,15105,2,0,15107
libboost-date-time-dev,rhel_9,ubuntu_noble,0.0,15105,2,0,15107
libboost-dev,arch,debian_bookworm,0.0,16522,2,0,16524
libboost-dev,arch,ubuntu_focal,0.0,16522,2,0,16524
libboost-dev,arch,ubuntu_jammy,0.0,16522,2,0,16524
libboost-dev,arch,ubuntu_noble,0.0,16522,2,0,16524
libboost-dev,debian_bookworm,fedora_42,0.0,2,16077,0,16079
libboost-dev,debian_bookworm,fedora_43,0.0,2,16077,0,16079
libboost-dev,debian_bookworm,opensuse_15.2,0.0,2,12940,0,12942
libboost-dev,debian_bookworm,rhel_8,0.0,2,13011,0,13013
libboost-dev,debian_bookworm,rhel_9,0.0,2,15105,0,15107
libboost-dev,fedora_42,ubuntu_focal,0.0,16077,2,0,16079
libboost-dev,fedora_42,ubuntu_jammy,0.0,16077,2,0,16079
libboost-dev,fedora_42,ubuntu_noble,0.0,16077,2,0,16079
libboost-dev,fedora_43,ubuntu_focal,0.0,16077,2,0,16079
libboost-dev,fedora_43,ubuntu_jammy,0.0,16077,2,0,16079
libboost-dev,fedora_43,ubuntu_noble,0.0,16077,2,0,16079
libboost-dev,opensuse_15.2,ubuntu_focal,0.0,12940,2,0,12942
libboost-dev,opensuse_15.2,ubuntu_jammy,0.0,12940,2,0,12942
libboost-dev,opensuse_15.2,ubuntu_noble,0.0,12940,2,0,12942
libboost-dev,rhel_8,ubuntu_focal,0.0,13011,2,0,13013
libboost-dev,rhel_8,ubuntu_jammy,0.0,13011,2,0,13013
libboost-dev,rhel_8,ubuntu_noble,0.0,13011,2,0,13013
libboost-dev,rhel_9,ubuntu_focal,0.0,15105,2,0,15107
libboost-dev,rhel_9,ubuntu_jammy,0.0,15105,2,0,15107
libboost-dev,rhel_9,ubuntu_noble,0.0,15105,2,0,15107
libboost-filesystem,arch,debian_bookworm,0.0,52,2,0,54
libboost-filesystem,arch,fedora_42,0.0,52,5,0,57
libboost-filesystem,arch,fedora_43,0.0,52,5,0,57
libboost-filesystem,arch,opensuse_15.2,0.0,52,1,0,53
libboost-filesystem,arch,rhel_8,0.0,52,5,0,57
libboost-filesystem,arch,rhel_9,0.0,52,7,0,59
libboost-filesystem,arch,ubuntu_focal,0.0,52,4,0,56
libboost-filesystem,arch,ubuntu_jammy,0.0,52,5,0,57
libboost-filesystem,arch,ubuntu_noble,0.0,52,4,0,56
libboost-filesystem,debian_bookworm,fedora_42,0.0,2,5,0,7
libboost-filesystem,debian_bookworm,fedora_43,0.0,2,5,0,7
libboost-filesystem,debian_bookworm,opensuse_15.2,0.0,2,1,0,3
libboost-filesystem,debian_bookworm,rhel_8,0.0,2,5,0,7
libboost-filesystem,debian_bookworm,rhel_9,0.0,2,7,0,9
libboost-filesystem,debian_bookworm,ubuntu_focal,0.0,2,4,0,6
libboost-filesystem,debian_bookworm,ubuntu_jammy,0.0,2,5,0,7
libboost-filesystem,debian_bookworm,ubuntu_noble,0.0,2,4,0,6
libboost-filesystem,fedora_42,opensuse_15.2,0.0,5,1,0,6
libboost-filesystem,fedora_42,ubuntu_focal,0.0,5,4,0,9
libboost-filesystem,fedora_42,ubuntu_jammy,0.0,5,5,0,10
libboost-filesystem,fedora_42,ubuntu_noble,0.0,5,4,0,9
libboost-filesystem,fedora_43,opensuse_15.2,0.0,5,1,0,6
libboost-filesystem,fedora_43,ubuntu_focal,0.0,5,4,0,9
libboost-filesystem,fedora_43,ubuntu_jammy,0.0,5,5,0,10
libboost-filesystem,fedora_43,ubuntu_noble,0.0,5,4,0,9
libboost-filesystem,opensuse_15.2,rhel_9,0.0,1,7,0,8
libboost-filesystem,opensuse_15.2,ubuntu_focal,0.0,1,4,0,5
libboost-filesystem,opensuse_15.2,ubuntu_jammy,0.0,1,5,0,6
libboost-filesystem,opensuse_15.2,ubuntu_noble,0.0,1,4,0,5
libboost-filesystem,rhel_8,ubuntu_focal,0.0,5,4,0,9
libboost-filesystem,rhel_8,ubuntu_jammy,0.0,5,5,0,10
libboost-filesystem,rhel_8,ubuntu_noble,0.0,5,4,0,9
libboost-filesystem,rhel_9,ubuntu_focal,0.0,7,4,0,11
libboost-filesystem,rhel_9,ubuntu_jammy,0.0,7,5,0,12
libboost-filesystem,rhel_9,ubuntu_noble,0.0,7,4,0,11
libboost-filesystem,ubuntu_focal,ubuntu_jammy,0.0,4,5,0,9
libboost-filesystem,ubuntu_focal,ubuntu_noble,0.0,4,4,0,8
libboost-filesystem,ubuntu_jammy,ubuntu_noble,0.0,5,4,0,9
libboost-filesystem-dev,arch,debian_bookworm,0.0,16522,2,0,16524
libboost-filesystem-dev,arch,opensuse_15.2,0.0,16522,1,0,16523
libboost-filesystem-dev,arch,ubuntu_focal,0.0,16522,2,0,16524
libboost-filesystem-dev,arch,ubuntu_jammy,0.0,16522,2,0,16524
libboost-filesystem-dev,arch,ubuntu_noble,0.0,16522,2,0,16524
libboost-filesystem-dev,debian_bookworm,fedora_42,0.0,2,16077,0,16079
libboost-filesystem-dev,debian_bookworm,fedora_43,0.0,2,16077,0,16079
libboost-filesystem-dev,debian_bookworm,opensuse_15.2,0.0,2,1,0,3
libboost-filesystem-dev,debian_bookworm,rhel_8,0.0,2,13011,0,13013
libboost-filesystem-dev,debian_bookworm,rhel_9,0.0,2,15105,0,15107
libboost-filesystem-dev,fedora_42,ubuntu_focal,0.0,16077,2,0,16079
libboost-filesystem-dev,fedora_42,ubuntu_jammy,0.0,16077,2,0,16079
libboost-filesystem-dev,fedora_42,ubuntu_noble,0.0,16077,2,0,16079
libboost-filesystem-dev,fedora_43,ubuntu_focal,0.0,16077,2,0,16079
libboost-filesystem-dev,fedora_43,ubuntu_jammy,0.0,16077,2,0,16079
libboost-filesystem-dev,fedora_43,ubuntu_noble,0.0,16077,2,0,16079
libboost-filesystem-dev,opensuse_15.2,ubuntu_focal,0.0,1,2,0,3
libboost-filesystem-dev,opensuse_15.2,ubuntu_jammy,0.0,1,2,0,3
libboost-filesystem-dev,opensuse_15.2,ubuntu_noble,0.0,1,2,0,3
libboost-filesystem-dev,rhel_8,ubuntu_focal,0.0,13011,2,0,13013
libboost-filesystem-dev,rhel_8,ubuntu_jammy,0.0,13011,2,0,13013
libboost-filesystem-dev,rhel_8,ubuntu_noble,0.0,13011,2,0,13013
libboost-filesystem-dev,rhel_9,ubuntu_focal,0.0,15105,2,0,15107
libboost-filesystem-dev,rhel_9,ubuntu_jammy,0.0,15105,2,0,15107
libboost-filesystem-dev,rhel_9,ubuntu_noble,0.0,15105,2,0,15107
libboost-iostreams,arch,fedora_42,0.0,52,5,0,57
libboost-iostreams,arch,fedora_43,0.0,52,5,0,57
libboost-iostreams,arch,opensuse_15.2,0.0,52,1,0,53
libboost-iostreams,arch,rhel_8,0.0,52,5,0,57
libboost-iostreams,arch,rhel_9,0.0,52,7,0,59
libboost-iostreams,arch,ubuntu_focal,0.0,52,4,0,56
libboost-iostreams,arch,ubuntu_jammy,0.0,52,5,0,57
libboost-iostreams,arch,ubuntu_noble,0.0,52,4,0,56
libboost-iostreams,fedora_42,opensuse_15.2,0.0,5,1,0,6
libboost-iostreams,fedora_42,ubuntu_focal,0.0,5,4,0,9
libboost-iostreams,fedora_42,ubuntu_jammy,0.0,5,5,0,10
libboost-iostreams,fedora_42,ubuntu_noble,0.0,5,4,0,9
libboost-iostreams,fedora_43,opensuse_15.2,0.0,5,1,0,6
libboost-iostreams,fedora_43,ubuntu_focal,0.0,5,4,0,9
libboost-iostreams,fedora_43,ubuntu_jammy,0.0,5,5,0,10
libboost-iostreams,fedora_43,ubuntu_noble,0.0,5,4,0,9
libboost-iostreams,opensuse_15.2,rhel_9,0.0,1,7,0,8
libboost-iostreams,opensuse_15.2,ubuntu_focal,0.0,1,4,0,5
libboost-iostreams,opensuse_15.2,ubuntu_jammy,0.0,1,5,0,6
libboost-iostreams,opensuse_15.2,ubuntu_noble,0.0,1,4,0,5
libboost-iostreams,rhel_8,ubuntu_focal,0.0,5,4,0,9
libboost-iostreams,rhel_8,ubuntu_jammy,0.0,5,5,0,10
libboost-iostreams,rhel_8,ubuntu_noble,0.0,5,4,0,9
libboost-iostreams,rhel_9,ubuntu_focal,0.0,7,4,0,11
libboost-iostreams,rhel_9,ubuntu_jammy,0.0,7,5,0,12
libboost-iostreams,rhel_9,ubuntu_noble,0.0,7,4,0,11
libboost-iostreams,ubuntu_focal,ubuntu_jammy,0.0,4,5,0,9
libboost-iostreams,ubuntu_focal,ubuntu_noble,0.0,4,4,0,8
libboost-iostreams,ubuntu_jammy,ubuntu_noble,0.0,5,4,0,9
libboost-iostreams-dev,arch,debian_bookworm,0.0,16522,2,0,16524
libboost-iostreams-dev,arch,opensuse_15.2,0.0,16522,1,0,16523
libboost-iostreams-dev,arch,ubuntu_focal,0.0,16522,2,0,16524
libboost-iostreams-dev,arch,ubuntu_jammy,0.0,16522,2,0,16524
libboost-iostreams-dev,arch,ubuntu_noble,0.0,16522,2,0,16524
libboost-iostreams-dev,debian_bookworm,fedora_42,0.0,2,16077,0,16079
libboost-iostreams-dev,debian_bookworm,fedora_43,0.0,2,16077,0,16079
libboost-iostreams-dev,debian_bookworm,opensuse_15.2,0.0,2,1,0,3
libboost-iostreams-dev,debian_bookworm,rhel_8,0.0,2,13011,0,13013
libboost-iostreams-dev,debian_bookworm,rhel_9,0.0,2,15105,0,15107
libboost-iostreams-dev,fedora_42,ubuntu_focal,0.0,16077,2,0,16079
libboost-iostreams-dev,fedora_42,ubuntu_jammy,0.0,16077,2,0,16079
libboost-iostreams-dev,fedora_42,ubuntu_noble,0.0,16077,2,0,16079
libboost-iostreams-dev,fedora_43,ubuntu_focal,0.0,16077,2,0,16079
libboost-iostreams-dev,fedora_43,ubuntu_jammy,0.0,16077,2,0,16079
libboost-iostreams-dev,fedora_43,ubuntu_noble,0.0,16077,2,0,16079
libboost-iostreams-dev,opensuse_15.2,ubuntu_focal,0.0,1,2,0,3
libboost-iostreams-dev,opensuse_15.2,ubuntu_jammy,0.0,1,2,0,3
libboost-iostreams-dev,opensuse_15.2,ubuntu_noble,0.0,1,2,0,3
libboost-iostreams-dev,rhel_8,ubuntu_focal,0.0,13011,2,0,13013
libboost-iostreams-dev,rhel_8,ubuntu_jammy,0.0,13011,2,0,13013
libboost-iostreams-dev,rhel_8,ubuntu_noble,0.0,13011,2,0,13013
libboost-iostreams-dev,rhel_9,ubuntu_focal,0.0,15105,2,0,15107
libboost-iostreams-dev,rhel_9,ubuntu_jammy,0.0,15105,2,0,15107
libboost-iostreams-dev,rhel_9,ubuntu_noble,0.0,15105,2,0,15107
libboost-math,arch,fedora_42,0.0,52,25,0,77
libboost-math,arch,fedora_43,0.0,52,25,0,77
libboost-math,arch,opensuse_15.2,0.0,52,6,0,58
libboost-math,arch,rhel_8,0.0,52,25,0,77
libboost-math,arch,rhel_9,0.0,52,37,0,89
libboost-math,arch,ubuntu_focal,0.0,52,9,0,61
libboost-math,arch,ubuntu_jammy,0.0,52,10,0,62
libboost-math,arch,ubuntu_noble,0.0,52,9,0,61
libboost-math,fedora_42,opensuse_15.2,0.0,25,6,0,31
libboost-math,fedora_42,ubuntu_focal,0.0,25,9,0,34
libboost-math,fedora_42,ubuntu_jammy,0.0,25,10,0,35
libboost-math,fedora_42,ubuntu_noble,0.0,25,9,0,34
libboost-math,fedora_43,opensuse_15.2,0.0,25,6,0,31
libboost-math,fedora_43,ubuntu_focal,0.0,25,9,0,34
libboost-math,fedora_43,ubuntu_jammy,0.0,25,10,0,35
libboost-math,fedora_43,ubuntu_noble,0.0,25,9,0,34
libboost-math,opensuse_15.2,rhel_9,0.0,6,37,0,43
libboost-math,opensuse_15.2,ubuntu_focal,0.0,6,9,0,15
libboost-math,opensuse_15.2,ubuntu_jammy,0.0,6,10,0,16
libboost-math,opensuse_15.2,ubuntu_noble,0.0,6,9,0,15
libboost-math,rhel_8,ubuntu_focal,0.0,25,9,0,34
libboost-math,rhel_8,ubuntu_jammy,0.0,25,10,0,35
libboost-math,rhel_8,ubuntu_noble,0.0,25,9,0,34
libboost-math,rhel_9,ubuntu_focal,0.0,37,9,0,46
libboost-math,rhel_9,ubuntu_jammy,0.0,37,10,0,47
libboost-math,rhel_9,ubuntu_noble,0.0,37,9,0,46
libboost-math,ubuntu_focal,ubuntu_jammy,0.0,9,10,0,19
libboost-math,ubuntu_focal,ubuntu_noble,0.0,9,9,0,18
libboost-math,ubuntu_jammy,ubuntu_noble,0.0,10,9,0,19
libboost-math-dev,arch,debian_bookworm,0.0,16522,2,0,16524
libboost-math-dev,arch,opensuse_15.2,0.0,16522,6,0,16528
libboost-math-dev,arch,ubuntu_focal,0.0,16522,2,0,16524
libboost-math-dev,arch,ubuntu_jammy,0.0,16522,2,0,16524
libboost-math-dev,arch,ubuntu_noble,0.0,16522,2,0,16524
libboost-math-dev,debian_bookworm,fedora_42,0.0,2,16077,0,16079
libboost-math-dev,debian_bookworm,fedora_43,0.0,2,16077,0,16079
libboost-math-dev,debian_bookworm,opensuse_15.2,0.0,2,6,0,8
libboost-math-dev,debian_bookworm,rhel_8,0.0,2,13011,0,13013
libboost-math-dev,debian_bookworm,rhel_9,0.0,2,15105,0,15107
libboost-math-dev,fedora_42,ubuntu_focal,0.0,16077,2,0,16079
libboost-math-dev,fedora_42,ubuntu_jammy,0.0,16077,2,0,16079
libboost-math-dev,fedora_42,ubuntu_noble,0.0,16077,2,0,16079
libboost-math-dev,fedora_43,ubuntu_focal,0.0,16077,2,0,16079
libboost-math-dev,fedora_43,ubuntu_jammy,0.0,16077,2,0,16079
libboost-math-dev,fedora_43,ubuntu_noble,0.0,16077,2,0,16079
libboost-math-dev,opensuse_15.2,ubuntu_focal,0.0,6,2,0,8
libboost-math-dev,opensuse_15.2,ubuntu_jammy,0.0,6,2,0,8
libboost-math-dev,opensuse_15.2,ubuntu_noble,0.0,6,2,0,8
libboost-math-dev,rhel_8,ubuntu_focal,0.0,13011,2,0,13013
libboost-math-dev,rhel_8,ubuntu_jammy,0.0,13011,2,0,13013
libboost-math-dev,rhel_8,ubuntu_noble,0.0,13011,2,0,13013
libboost-math-dev,rhel_9,ubuntu_focal,0.0,15105,2,0,15107
libboost-math-dev,rhel_9,ubuntu_jammy,0.0,15105,2,0,15107
libboost-math-dev,rhel_9,ubuntu_noble,0.0,15105,2,0,15107
libboost-program-options,arch,fedora_42,0.0,52,5,0,57
libboost-program-options,arch,fedora_43,0.0,52,5,0,57
libboost-program-options,arch,opensuse_15.2,0.0,52,1,0,53
libboost-program-options,arch,rhel_8,0.0,52,5,0,57
libboost-program-options,arch,rhel_9,0.0,52,7,0,59
libboost-program-options,arch,ubuntu_focal,0.0,52,4,0,56
libboost-program-options,arch,ubuntu_jammy,0.0,52,5,0,57
libboost-program-options,arch,ubuntu_noble,0.0,52,4,0,56
libboost-program-options,fedora_42,opensuse_15.2,0.0,5,1,0,6
libboost-program-options,fedora_42,ubuntu_focal,0.0,5,4,0,9
libboost-program-options,fedora_42,ubuntu_jammy,0.0,5,5,0,10
libboost-program-options,fedora_42,ubuntu_noble,0.0,5,4,0,9
libboost-program-options,fedora_43,opensuse_15.2,0.0,5,1,0,6
libboost-program-options,fedora_43,ubuntu_focal,0.0,5,4,0,9
libboost-program-options,fedora_43,ubuntu_jammy,0.0,5,5,0,10
libboost-program-options,fedora_43,ubuntu_noble,0.0,5,4,0,9
libboost-program-options,opensuse_15.2,rhel_9,0.0,1,7,0,8
libboost-program-options,opensuse_15.2,ubuntu_focal,0.0,1,4,0,5
libboost-program-options,opensuse_15.2,ubuntu_jammy,0.0,1,5,0,6
libboost-program-options,opensuse_15.2,ubuntu_noble,0.0,1,4,0,5
libboost-program-options,rhel_8,ubuntu_focal,0.0,5,4,0,9
libboost-program-options,rhel_8,ubuntu_jammy,0.0,5,5,0,10
libboost-program-options,rhel_8,ubuntu_noble,0.0,5,4,0,9
libboost-program-options,rhel_9,ubuntu_focal,0.0,7,4,0,11
libboost-program-options,rhel_9,ubuntu_jammy,0.0,7,5,0,12
libboost-program-options,rhel_9,ubuntu_noble,0.0,7,4,0,11
libboost-program-options,ubuntu_focal,ubuntu_jammy,0.0,4,5,0,9
libboost-program-options,ubuntu_focal,ubuntu_noble,0.0,4,4,0,8
libboost-program-options,ubuntu_jammy,ubuntu_noble,0.0,5,4,0,9
libboost-program-options-dev,arch,debian_bookworm,0.0,16522,2,0,16524
libboost-program-options-dev,arch,opensuse_15.2,0.0,16522,1,0,16523
libboost-program-options-dev,arch,ubuntu_focal,0.0,16522,2,0,16524
libboost-program-options-dev,arch,ubuntu_jammy,0.0,16522,2,0,16524
libboost-program-options-dev,arch,ubuntu_noble,0.0,16522,2,0,16524
libboost-program-options-dev,debian_bookworm,fedora_42,0.0,2,16077,0,16079
libboost-program-options-dev,debian_bookworm,fedora_43,0.0,2,16077,0,16079
libboost-program-options-dev,debian_bookworm,opensuse_15.2,0.0,2,1,0,3
libboost-program-options-dev,debian_bookworm,rhel_8,0.0,2,13011,0,13013
libboost-program-options-dev,debian_bookworm,rhel_9,0.0,2,15105,0,15107
libboost-program-options-dev,fedora_42,ubuntu_focal,0.0,16077,2,0,16079
libboost-program-options-dev,fedora_42,ubuntu_jammy,0.0,16077,2,0,16079
libboost-program-options-dev,fedora_42,ubuntu_noble,0.0,16077,2,0,16079
libboost-program-options-dev,fedora_43,ubuntu_focal,0.0,16077,2,0,16079
libboost-program-options-dev,fedora_43,ubuntu_jammy,0.0,16077,2,0,16079
libboost-program-options-dev,fedora_43,ubuntu_noble,0.0,16077,2,0,16079
libboost-program-options-dev,opensuse_15.2,ubuntu_focal,0.0,1,2,0,3
libboost-program-options-dev,opensuse_15.2,ubuntu_jammy,0.0,1,2,0,3
libboost-program-options-dev,opensuse_15.2,ubuntu_noble,0.0,1,2,0,3
libboost-program-options-dev,rhel_8,ubuntu_focal,0.0,13011,2,0,13013
libboost-program-options-dev,rhel_8,ubuntu_jammy,0.0,13011,2,0,13013
libboost-program-options-dev,rhel_8,ubuntu_noble,0.0,13011,2,0,13013
libboost-program-options-dev,rhel_9,ubuntu_focal,0.0,15105,2,0,15107
libboost-program-options-dev,rhel_9,ubuntu_jammy,0.0,15105,2,0,15107
libboost-program-options-dev,rhel_9,ubuntu_noble,0.0,15105,2,0,15107
libboost-random,arch,debian_bookworm,0.0,52,4,0,56
libboost-random,arch,fedora_42,0.0,52,5,0,57
libboost-random,arch,fedora_43,0.0,52,5,0,57
libboost-random,arch,opensuse_15.2,0.0,52,1,0,53
libboost-random,arch,rhel_8,0.0,52,5,0,57
libboost-random,arch,rhel_9,0.0,52,7,0,59
libboost-random,arch,ubuntu_focal,0.0,52,4,0,56
libboost-random,arch,ubuntu_jammy,0.0,52,5,0,57
libboost-random,arch,ubuntu_noble,0.0,52,4,0,56
libboost-random,debian_bookworm,fedora_42,0.0,4,5,0,9
libboost-random,debian_bookworm,fedora_43,0.0,4,5,0,9
libboost-random,debian_bookworm,opensuse_15.2,0.0,4,1,0,5
libboost-random,debian_bookworm,rhel_8,0.0,4,5,0,9
libboost-random,debian_bookworm,rhel_9,0.0,4,7,0,11
libboost-random,debian_bookworm,ubuntu_focal,0.0,4,4,0,8
libboost-random,debian_bookworm,ubuntu_jammy,0.0,4,5,0,9
libboost-random,debian_bookworm,ubuntu_noble,0.0,4,4,0,8
libboost-random,fedora_42,opensuse_15.2,0.0,5,1,0,6
libboost-random,fedora_42,ubuntu_focal,0.0,5,4,0,9
libboost-random,fedora_42,ubuntu_jammy,0.0,5,5,0,10
libboost-random,fedora_42,ubuntu_noble,0.0,5,4,0,9
libboost-random,fedora_43,opensuse_15.2,0.0,5,1,0,6
libboost-random,fedora_43,ubuntu_focal,0.0,5,4,0,9
libboost-random,fedora_43,ubuntu_jammy,0.0,5,5,0,10
libboost-random,fedora_43,ubuntu_noble,0.0,5,4,0,9
libboost-random,opensuse_15.2,rhel_9,0.0,1,7,0,8
libboost-random,opensuse_15.2,ubuntu_focal,0.0,1,4,0,5
libboost-random,opensuse_15.2,ubuntu_jammy,0.0,1,5,0,6
libboost-random,opensuse_15.2,ubuntu_noble,0.0,1,4,0,5
libboost-random,rhel_8,ubuntu_focal,0.0,5,4,0,9
libboost-random,rhel_8,ubuntu_jammy,0.0,5,5,0,10
libboost-random,rhel_8,ubuntu_noble,0.0,5,4,0,9
libboost-random,rhel_9,ubuntu_focal,0.0,7,4,0,11
libboost-random,rhel_9,ubuntu_jammy,0.0,7,5,0,12
libboost-random,rhel_9,ubuntu_noble,0.0,7,4,0,11
libboost-random,ubuntu_focal,ubuntu_jammy,0.0,4,5,0,9
libboost-random,ubuntu_focal,ubuntu_noble,0.0,4,4,0,8
libboost-random,ubuntu_jammy,ubuntu_noble,0.0,5,4,0,9
libboost-random-dev,arch,debian_bookworm,0.0,16522,2,0,16524
libboost-random-dev,arch,opensuse_15.2,0.0,16522,1,0,16523
libboost-random-dev,arch,ubuntu_focal,0.0,16522,2,0,16524
libboost-random-dev,arch,ubuntu_jammy,0.0,16522,2,0,16524
libboost-random-dev,arch,ubuntu_noble,0.0,16522,2,0,16524
libboost-random-dev,debian_bookworm,fedora_42,0.0,2,16077,0,16079
libboost-random-dev,debian_bookworm,fedora_43,0.0,2,16077,0,16079
libboost-random-dev,debian_bookworm,opensuse_15.2,0.0,2,1,0,3
libboost-random-dev,debian_bookworm,rhel_8,0.0,2,13011,0,13013
libboost-random-dev,debian_bookworm,rhel_9,0.0,2,15105,0,15107
libboost-random-dev,fedora_42,ubuntu_focal,0.0,16077,2,0,16079
libboost-random-dev,fedora_42,ubuntu_jammy,0.0,16077,2,0,16079
libboost-random-dev,fedora_42,ubuntu_noble,0.0,16077,2,0,16079
libboost-random-dev,fedora_43,ubuntu_focal,0.0,16077,2,0,16079
libboost-random-dev,fedora_43,ubuntu_jammy,0.0,16077,2,0,16079
libboost-random-dev,fedora_43,ubuntu_noble,0.0,16077,2,0,16079
libboost-random-dev,opensuse_15.2,ubuntu_focal,0.0,1,2,0,3
libboost-random-dev,opensuse_15.2,ubuntu_jammy,0.0,1,2,0,3
libboost-random-dev,opensuse_15.2,ubuntu_noble,0.0,1,2,0,3
libboost-random-dev,rhel_8,ubuntu_focal,0.0,13011,2,0,13013
libboost-random-dev,rhel_8,ubuntu_jammy,0.0,13011,2,0,13013
libboost-random-dev,rhel_8,ubuntu_noble,0.0,13011,2,0,13013
libboost-random-dev,rhel_9,ubuntu_focal,0.0,15105,2,0,15107
libboost-random-dev,rhel_9,ubuntu_jammy,0.0,15105,2,0,15107
libboost-random-dev,rhel_9,ubuntu_noble,0.0,15105,2,0,15107
libboost-regex,arch,fedora_42,0.0,52,5,0,57
libboost-regex,arch,fedora_43,0.0,52,5,0,57
libboost-regex,arch,opensuse_15.2,0.0,52,1,0,53
libboost-regex,arch,rhel_8,0.0,52,5,0,57
libboost-regex,arch,rhel_9,0.0,52,7,0,59
libboost-regex,arch,ubuntu_focal,0.0,52,4,0,56
libboost-regex,arch,ubuntu_jammy,0.0,52,5,0,57
libboost-regex,arch,ubuntu_noble,0.0,52,4,0,56
libboost-regex,fedora_42,opensuse_15.2,0.0,5,1,0,6
libboost-regex,fedora_42,ubuntu_focal,0.0,5,4,0,9
libboost-regex,fedora_42,ubuntu_jammy,0.0,5,5,0,10
libboost-regex,fedora_42,ubuntu_noble,0.0,5,4,0,9
libboost-regex,fedora_43,opensuse_15.2,0.0,5,1,0,6
libboost-regex,fedora_43,ubuntu_focal,0.0,5,4,0,9
libboost-regex,fedora_43,ubuntu_jammy,0.0,5,5,0,10
libboost-regex,fedora_43,ubuntu_noble,0.0,5,4,0,9
libboost-regex,opensuse_15.2,rhel_9,0.0,1,7,0,8
libboost-regex,opensuse_15.2,ubuntu_focal,0.0,1,4,0,5
libboost-regex,opensuse_15.2,ubuntu_jammy,0.0,1,5,0,6
libboost-regex,opensuse_15.2,ubuntu_noble,0.0,1,4,0,5
libboost-regex,rhel_8,ubuntu_focal,0.0,5,4,0,9
libboost-regex,rhel_8,ubuntu_jammy,0.0,5,5,0,10
libboost-regex,rhel_8,ubuntu_noble,0.0,5,4,0,9
libboost-regex,rhel_9,ubuntu_focal,0.0,7,4,0,11
libboost-regex,rhel_9,ubuntu_jammy,0.0,7,5,0,12
libboost-regex,rhel_9,ubuntu_noble,0.0,7,4,0,11
libboost-regex,ubuntu_focal,ubuntu_jammy,0.0,4,5,0,9
libboost-regex,ubuntu_focal,ubuntu_noble,0.0,4,4,0,8
libboost-regex,ubuntu_jammy,ubuntu_noble,0.0,5,4,0,9
libboost-regex-dev,arch,debian_bookworm,0.0,16522,2,0,16524
libboost-regex-dev,arch,opensuse_15.2,0.0,16522,1,0,16523
libboost-regex-dev,arch,ubuntu_focal,0.0,16522,2,0,16524
libboost-regex-dev,arch,ubuntu_jammy,0.0,16522,2,0,16524
libboost-regex-dev,arch,ubuntu_noble,0.0,16522,2,0,16524
libboost-regex-dev,debian_bookworm,fedora_42,0.0,2,16077,0,16079
libboost-regex-dev,debian_bookworm,fedora_43,0.0,2,16077,0,16079
libboost-regex-dev,debian_bookworm,opensuse_15.2,0.0,2,1,0,3
libboost-regex-dev,debian_bookworm,rhel_8,0.0,2,13011,0,13013
libboost-regex-dev,debian_bookworm,rhel_9,0.0,2,15105,0,15107
libboost-regex-dev,fedora_42,ubuntu_focal,0.0,16077,2,0,16079
libboost-regex-dev,fedora_42,ubuntu_jammy,0.0,16077,2,0,16079
libboost-regex-dev,fedora_42,ubuntu_noble,0.0,16077,2,0,16079
libboost-regex-dev,fedora_43,ubuntu_focal,0.0,16077,2,0,16079
libboost-regex-dev,fedora_43,ubuntu_jammy,0.0,16077,2,0,16079
libboost-regex-dev,fedora_43,ubuntu_noble,0.0,16077,2,0,16079
libboost-regex-dev,opensuse_15.2,ubuntu_focal,0.0,1,2,0,3
libboost-regex-dev,opensuse_15.2,ubuntu_jammy,0.0,1,2,0,3
libboost-regex-dev,opensuse_15.2,ubuntu_noble,0.0,1,2,0,3
libboost-regex-dev,rhel_8,ubuntu_focal,0.0,13011,2,0,13013
libboost-regex-dev,rhel_8,ubuntu_jammy,0.0,13011,2,0,13013
libboost-regex-dev,rhel_8,ubuntu_noble,0.0,13011,2,0,13013
libboost-regex-dev,rhel_9,ubuntu_focal,0.0,15105,2,0,15107
libboost-regex-dev,rhel_9,ubuntu_jammy,0.0,15105,2,0,15107
libboost-regex-dev,rhel_9,ubuntu_noble,0.0,15105,2,0,15107
libboost-serialization,arch,fedora_42,0.0,52,9,0,61
libboost-serialization,arch,fedora_43,0.0,52,9,0,61
libboost-serialization,arch,opensuse_15.2,0.0,52,2,0,54
libboost-serialization,arch,rhel_8,0.0,52,9,0,61
libboost-serialization,arch,rhel_9,0.0,52,13,0,65
libboost-serialization,arch,ubuntu_focal,0.0,52,5,0,57
libboost-serialization,arch,ubuntu_jammy,0.0,52,6,0,58
libboost-serialization,arch,ubuntu_noble,0.0,52,5,0,57
libboost-serialization,fedora_42,opensuse_15.2,0.0,9,2,0,11
libboost-serialization,fedora_42,ubuntu_focal,0.0,9,5,0,14
libboost-serialization,fedora_42,ubuntu_jammy,0.0,9,6,0,15
libboost-serialization,fedora_42,ubuntu_noble,0.0,9,5,0,14
libboost-serialization,fedora_43,opensuse_15.2,0.0,9,2,0,11
libboost-serialization,fedora_43,ubuntu_focal,0.0,9,5,0,14
libboost-serialization,fedora_43,ubuntu_jammy,0.0,9,6,0,15
libboost-serialization,fedora_43,ubuntu_noble,0.0,9,5,0,14
libboost-serialization,opensuse_15.2,rhel_9,0.0,2,13,0,15
libboost-serialization,opensuse_15.2,ubuntu_focal,0.0,2,5,0,7
libboost-serialization,opensuse_15.2,ubuntu_jammy,0.0,2,6,0,8
libboost-serialization,opensuse_15.2,ubuntu_noble,0.0,2,5,0,7
libboost-serialization,rhel_8,ubuntu_focal,0.0,9,5,0,14
libboost-serialization,rhel_8,ubuntu_jammy,0.0,9,6,0,15
libboost-serialization,rhel_8,ubuntu_noble,0.0,9,5,0,14
libboost-serialization,rhel_9,ubuntu_focal,0.0,13,5,0,18
libboost-serialization,rhel_9,ubuntu_jammy,0.0,13,6,0,19
libboost-serialization,rhel_9,ubuntu_noble,0.0,13,5,0,18
libboost-serialization,ubuntu_focal,ubuntu_jammy,0.0,5,6,0,11
libboost-serialization,ubuntu_focal,ubuntu_noble,0.0,5,5,0,10
libboost-serialization,ubuntu_jammy,ubuntu_noble,0.0,6,5,0,11
libboost-serialization-dev,arch,debian_bookworm,0.0,16522,2,0,16524
libboost-serialization-dev,arch,opensuse_15.2,0.0,16522,2,0,16524
libboost-serialization-dev,arch,ubuntu_focal,0.0,16522,2,0,16524
libboost-serialization-dev,arch,ubuntu_jammy,0.0,16522,2,0,16524
libboost-serialization-dev,arch,ubuntu_noble,0.0,16522,2,0,16524
libboost-serialization-dev,debian_bookworm,fedora_42,0.0,2,16077,0,16079
libboost-serialization-dev,debian_bookworm,fedora_43,0.0,2,16077,0,16079
libboost-serialization-dev,debian_bookworm,opensuse_15.2,0.0,2,2,0,4
libboost-serialization-dev,debian_bookworm,rhel_8,0.0,2,13011,0,13013
libboost-serialization-dev,debian_bookworm,rhel_9,0.0,2,15105,0,15107
libboost-serialization-dev,fedora_42,ubuntu_focal,0.0,16077,2,0,16079
libboost-serialization-dev,fedora_42,ubuntu_jammy,0.0,16077,2,0,16079
libboost-serialization-dev,fedora_42,ubuntu_noble,0.0,16077,2,0,16079
libboost-serialization-dev,fedora_43,ubuntu_focal,0.0,16077,2,0,16079
libboost-serialization-dev,fedora_43,ubuntu_jammy,0.0,16077,2,0,16079
libboost-serialization-dev,fedora_43,ubuntu_noble,0.0,16077,2,0,16079
libboost-serialization-dev,opensuse_15.2,ubuntu_focal,0.0,2,2,0,4
libboost-serialization-dev,opensuse_15.2,ubuntu_jammy,0.0,2,2,0,4
libboost-serialization-dev,opensuse_15.2,ubuntu_noble,0.0,2,2,0,4
libboost-serialization-dev,rhel_8,ubuntu_focal,0.0,13011,2,0,13013
libboost-serialization-dev,rhel_8,ubuntu_jammy,0.0,13011,2,0,13013
libboost-serialization-dev,rhel_8,ubuntu_noble,0.0,13011,2,0,13013
libboost-serialization-dev,rhel_9,ubuntu_focal,0.0,15105,2,0,15107
libboost-serialization-dev,rhel_9,ubuntu_jammy,0.0,15105,2,0,15107
libboost-serialization-dev,rhel_9,ubuntu_noble,0.0,15105,2,0,15107
libboost-system,arch,fedora_42,0.0,52,5,0,57
libboost-system,arch,fedora_43,0.0,52,5,0,57
libboost-system,arch,opensuse_15.2,0.0,52,1,0,53
libboost-system,arch,rhel_8,0.0,52,5,0,57
libboost-system,arch,rhel_9,0.0,52,7,0,59
libboost-system,arch,ubuntu_focal,0.0,52,4,0,56
libboost-system,arch,ubuntu_jammy,0.0,52,5,0,57
libboost-system,arch,ubuntu_noble,0.0,52,4,0,56
libboost-system,fedora_42,opensuse_15.2,0.0,5,1,0,6
libboost-system,fedora_42,ubuntu_focal,0.0,5,4,0,9
libboost-system,fedora_42,ubuntu_jammy,0.0,5,5,0,10
libboost-system,fedora_42,ubuntu_noble,0.0,5,4,0,9
libboost-system,fedora_43,opensuse_15.2,0.0,5,1,0,6
libboost-system,fedora_43,ubuntu_focal,0.0,5,4,0,9
libboost-system,fedora_43,ubuntu_jammy,0.0,5,5,0,10
libboost-system,fedora_43,ubuntu_noble,0.0,5,4,0,9
libboost-system,opensuse_15.2,rhel_9,0.0,1,7,0,8
libboost-system,opensuse_15.2,ubuntu_focal,0.0,1,4,0,5
libboost-system,opensuse_15.2,ubuntu_jammy,0.0,1,5,0,6
libboost-system,opensuse_15.2,ubuntu_noble,0.0,1,4,0,5
libboost-system,rhel_8,ubuntu_focal,0.0,5,4,0,9
libboost-system,rhel_8,ubuntu_jammy,0.0,5,5,0,10
libboost-system,rhel_8,ubuntu_noble,0.0,5,4,0,9
libboost-system,rhel_9,ubuntu_focal,0.0,7,4,0,11
libboost-system,rhel_9,ubuntu_jammy,0.0,7,5,0,12
libboost-system,rhel_9,ubuntu_noble,0.0,7,4,0,11
libboost-system,ubuntu_focal,ubuntu_jammy,0.0,4,5,0,9
libboost-system,ubuntu_focal,ubuntu_noble,0.0,4,4,0,8
libboost-system,ubuntu_jammy,ubuntu_noble,0.0,5,4,0,9
libboost-system-dev,arch,debian_bookworm,0.0,16522,2,0,16524
libboost-system-dev,arch,opensuse_15.2,0.0,16522,1,0,16523
libboost-system-dev,arch,ubuntu_focal,0.0,16522,2,0,16524
libboost-system-dev,arch,ubuntu_jammy,0.0,16522,2,0,16524
libboost-system-dev,arch,ubuntu_noble,0.0,16522,2,0,16524
libboost-system-dev,debian_bookworm,fedora_42,0.0,2,16077,0,16079
libboost-system-dev,debian_bookworm,fedora_43,0.0,2,16077,0,16079
libboost-system-dev,debian_bookworm,opensuse_15.2,0.0,2,1,0,3
libboost-system-dev,debian_bookworm,rhel_8,0.0,2,13011,0,13013
libboost-system-dev,debian_bookworm,rhel_9,0.0,2,15105,0,15107
libboost-system-dev,fedora_42,ubuntu_focal,0.0,16077,2,0,16079
libboost-system-dev,fedora_42,ubuntu_jammy,0.0,16077,2,0,16079
libboost-system-dev,fedora_42,ubuntu_noble,0.0,16077,2,0,16079
libboost-system-dev,fedora_43,ubuntu_focal,0.0,16077,2,0,16079
libboost-system-dev,fedora_43,ubuntu_jammy,0.0,16077,2,0,16079
libboost-system-dev,fedora_43,ubuntu_noble,0.0,16077,2,0,16079
libboost-system-dev,opensuse_15.2,ubuntu_focal,0.0,1,2,0,3
libboost-system-dev,opensuse_15.2,ubuntu_jammy,0.0,1,2,0,3
libboost-system-dev,opensuse_15.2,ubuntu_noble,0.0,1,2,0,3
libboost-system-dev,rhel_8,ubuntu_focal,0.0,13011,2,0,13013
libboost-system-dev,rhel_8,ubuntu_jammy,0.0,13011,2,0,13013
libboost-system-dev,rhel_8,ubuntu_noble,0.0,13011,2,0,13013
libboost-system-dev,rhel_9,ubuntu_focal,0.0,15105,2,0,15107
libboost-system-dev,rhel_9,ubuntu_jammy,0.0,15105,2,0,15107
libboost-system-dev,rhel_9,ubuntu_noble,0.0,15105,2,0,15107
libboost-thread,arch,debian_bookworm,0.0,52,4,0,56
libboost-thread,arch,fedora_42,0.0,52,5,0,57
libboost-thread,arch,fedora_43,0.0,52,5,0,57
libboost-thread,arch,opensuse_15.2,0.0,52,1,0,53
libboost-thread,arch,rhel_8,0.0,52,5,0,57
libboost-thread,arch,rhel_9,0.0,52,7,0,59
libboost-thread,arch,ubuntu_focal,0.0,52,4,0,56
libboost-thread,arch,ubuntu_jammy,0.0,52,5,0,57
libboost-thread,arch,ubuntu_noble,0.0,52,4,0,56
libboost-thread,debian_bookworm,fedora_42,0.0,4,5,0,9
libboost-thread,debian_bookworm,fedora_43,0.0,4,5,0,9
libboost-thread,debian_bookworm,opensuse_15.2,0.0,4,1,0,5
libboost-thread,debian_bookworm,rhel_8,0.0,4,5,0,9
libboost-thread,debian_bookworm,rhel_9,0.0,4,7,0,11
libboost-thread,debian_bookworm,ubuntu_focal,0.0,4,4,0,8
libboost-thread,debian_bookworm,ubuntu_jammy,0.0,4,5,0,9
libboost-thread,debian_bookworm,ubuntu_noble,0.0,4,4,0,8
libboost-thread,fedora_42,opensuse_15.2,0.0,5,1,0,6
libboost-thread,fedora_42,ubuntu_focal,0.0,5,4,0,9
libboost-thread,fedora_42,ubuntu_jammy,0.0,5,5,0,10
libboost-thread,fedora_42,ubuntu_noble,0.0,5,4,0,9
libboost-thread,fedora_43,opensuse_15.2,0.0,5,1,0,6
libboost-thread,fedora_43,ubuntu_focal,0.0,5,4,0,9
libboost-thread,fedora_43,ubuntu_jammy,0.0,5,5,0,10
libboost-thread,fedora_43,ubuntu_noble,0.0,5,4,0,9
libboost-thread,opensuse_15.2,rhel_9,0.0,1,7,0,8
libboost-thread,opensuse_15.2,ubuntu_focal,0.0,1,4,0,5
libboost-thread,opensuse_15.2,ubuntu_jammy,0.0,1,5,0,6
libboost-thread,opensuse_15.2,ubuntu_noble,0.0,1,4,0,5
libboost-thread,rhel_8,ubuntu_focal,0.0,5,4,0,9
libboost-thread,rhel_8,ubuntu_jammy,0.0,5,5,0,10
libboost-thread,rhel_8,ubuntu_noble,0.0,5,4,0,9
libboost-thread,rhel_9,ubuntu_focal,0.0,7,4,0,11
libboost-thread,rhel_9,ubuntu_jammy,0.0,7,5,0,12
libboost-thread,rhel_9,ubuntu_noble,0.0,7,4,0,11
libboost-thread,ubuntu_focal,ubuntu_jammy,0.0,4,5,0,9
libboost-thread,ubuntu_focal,ubuntu_noble,0.0,4,4,0,8
libboost-thread,ubuntu_jammy,ubuntu_noble,0.0,5,4,0,9
libboost-thread-dev,arch,debian_bookworm,0.0,16522,2,0,16524
libboost-thread-dev,arch,opensuse_15.2,0.0,16522,1,0,16523
libboost-thread-dev,arch,ubuntu_focal,0.0,16522,2,0,16524
libboost-thread-dev,arch,ubuntu_jammy,0.0,16522,2,0,16524
libboost-thread-dev,arch,ubuntu_noble,0.0,16522,2,0,16524
libboost-thread-dev,debian_bookworm,fedora_42,0.0,2,16077,0,16079
libboost-thread-dev,debian_bookworm,fedora_43,0.0,2,16077,0,16079
libboost-thread-dev,debian_bookworm,opensuse_15.2,0.0,2,1,0,3
libboost-thread-dev,debian_bookworm,rhel_8,0.0,2,13011,0,13013
libboost-thread-dev,debian_bookworm,rhel_9,0.0,2,15105,0,15107
libboost-thread-dev,fedora_42,ubuntu_focal,0.0,16077,2,0,16079
libboost-thread-dev,fedora_42,ubuntu_jammy,0.0,16077,2,0,16079
libboost-thread-dev,fedora_42,ubuntu_noble,0.0,16077,2,0,16079
libboost-thread-dev,fedora_43,ubuntu_focal,0.0,16077,2,0,16079
libboost-thread-dev,fedora_43,ubuntu_jammy,0.0,16077,2,0,16079
libboost-thread-dev,fedora_43,ubuntu_noble,0.0,16077,2,0,16079
libboost-thread-dev,opensuse_15.2,ubuntu_focal,0.0,1,2,0,3
libboost-thread-dev,opensuse_15.2,ubuntu_jammy,0.0,1,2,0,3
libboost-thread-dev,opensuse_15.2,ubuntu_noble,0.0,1,2,0,3
libboost-thread-dev,rhel_8,ubuntu_focal,0.0,13011,2,0,13013
libboost-thread-dev,rhel_8,ubuntu_jammy,0.0,13011,2,0,13013
libboost-thread-dev,rhel_8,ubuntu_noble,0.0,13011,2,0,13013
libboost-thread-dev,rhel_9,ubuntu_focal,0.0,15105,2,0,15107
libboost-thread-dev,rhel_9,ubuntu_jammy,0.0,15105,2,0,15107
libboost-thread-dev,rhel_9,ubuntu_noble,0.0,15105,2,0,15107
libboost-timer,arch,fedora_42,0.0,52,5,0,57
libboost-timer,arch,fedora_43,0.0,52,5,0,57
libboost-timer,arch,opensuse_15.2,0.0,52,1,0,53
libboost-timer,arch,rhel_8,0.0,52,5,0,57
libboost-timer,arch,rhel_9,0.0,52,7,0,59
libboost-timer,arch,ubuntu_focal,0.0,52,4,0,56
libboost-timer,arch,ubuntu_jammy,0.0,52,5,0,57
libboost-timer,arch,ubuntu_noble,0.0,52,4,0,56
libboost-timer,fedora_42,opensuse_15.2,0.0,5,1,0,6
libboost-timer,fedora_42,ubuntu_focal,0.0,5,4,0,9
libboost-timer,fedora_42,ubuntu_jammy,0.0,5,5,0,10
libboost-timer,fedora_42,ubuntu_noble,0.0,5,4,0,9
libboost-timer,fedora_43,opensuse_15.2,0.0,5,1,0,6
libboost-timer,fedora_43,ubuntu_focal,0.0,5,4,0,9
libboost-timer,fedora_43,ubuntu_jammy,0.0,5,5,0,10
libboost-timer,fedora_43,ubuntu_noble,0.0,5,4,0,9
libboost-timer,opensuse_15.2,rhel_9,0.0,1,7,0,8
libboost-timer,opensuse_15.2,ubuntu_focal,0.0,1,4,0,5
libboost-timer,opensuse_15.2,ubuntu_jammy,0.0,1,5,0,6
libboost-timer,opensuse_15.2,ubuntu_noble,0.0,1,4,0,5
libboost-timer,rhel_8,ubuntu_focal,0.0,5,4,0,9
libboost-timer,rhel_8,ubuntu_jammy,0.0,5,5,0,10
libboost-timer,rhel_8,ubuntu_noble,0.0,5,4,0,9
libboost-timer,rhel_9,ubuntu_focal,0.0,7,4,0,11
libboost-timer,rhel_9,ubuntu_jammy,0.0,7,5,0,12
libboost-timer,rhel_9,ubuntu_noble,0.0,7,4,0,11
libboost-timer,ubuntu_focal,ubuntu_jammy,0.0,4,5,0,9
libboost-timer,ubuntu_focal,ubuntu_noble,0.0,4,4,0,8
libboost-timer,ubuntu_jammy,ubuntu_noble,0.0,5,4,0,9
libboost-timer-dev,arch,debian_bookworm,0.0,16522,2,0,16524
libboost-timer-dev,arch,opensuse_15.2,0.0,16522,1,0,16523
libboost-timer-dev,arch,ubuntu_focal,0.0,16522,2,0,16524
libboost-timer-dev,arch,ubuntu_jammy,0.0,16522,2,0,16524
libboost-timer-dev,arch,ubuntu_noble,0.0,16522,2,0,16524
libboost-timer-dev,debian_bookworm,fedora_42,0.0,2,16077,0,16079
libboost-timer-dev,debian_bookworm,fedora_43,0.0,2,16077,0,16079
libboost-timer-dev,debian_bookworm,opensuse_15.2,0.0,2,1,0,3
libboost-timer-dev,debian_bookworm,rhel_8,0.0,2,13011,0,13013
libboost-timer-dev,debian_bookworm,rhel_9,0.0,2,15105,0,15107
libboost-timer-dev,fedora_42,ubuntu_focal,0.0,16077,2,0,16079
libboost-timer-dev,fedora_42,ubuntu_jammy,0.0,16077,2,0,16079
libboost-timer-dev,fedora_42,ubuntu_noble,0.0,16077,2,0,16079
libboost-timer-dev,fedora_43,ubuntu_focal,0.0,16077,2,0,16079
libboost-timer-dev,fedora_43,ubuntu_jammy,0.0,16077,2,0,16079
libboost-timer-dev,fedora_43,ubuntu_noble,0.0,16077,2,0,16079
libboost-timer-dev,opensuse_15.2,ubuntu_focal,0.0,1,2,0,3
libboost-timer-dev,opensuse_15.2,ubuntu_jammy,0.0,1,2,0,3
libboost-timer-dev,opensuse_15.2,ubuntu_noble,0.0,1,2,0,3
libboost-timer-dev,rhel_8,ubuntu_focal,0.0,13011,2,0,13013
libboost-timer-dev,rhel_8,ubuntu_jammy,0.0,13011,2,0,13013
libboost-timer-dev,rhel_8,ubuntu_noble,0.0,13011,2,0,13013
libboost-timer-dev,rhel_9,ubuntu_focal,0.0,15105,2,0,15107
libboost-timer-dev,rhel_9,ubuntu_jammy,0.0,15105,2,0,15107
libboost-timer-dev,rhel_9,ubuntu_noble,0.0,15105,2,0,15107
libbsd-dev,alpine_edge,debian_bookworm,0.0,2,274,0,276
libbsd-dev,alpine_edge,fedora_42,0.0,2,272,0,274
libbsd-dev,alpine_edge,fedora_43,0.0,2,272,0,274
libbsd-dev,alpine_edge,ubuntu_focal,0.0,2,254,0,256
libbsd-dev,alpine_edge,ubuntu_jammy,0.0,2,273,0,275
libbsd-dev,alpine_edge,ubuntu_noble,0.0,2,273,0,275
libc++-dev,alpine_edge,debian_bookworm,0.0,1681,3,0,1684
libc++-dev,alpine_edge,opensuse_15.2,0.0,1681,4,0,1685
libc++-dev,alpine_edge,ubuntu_focal,0.0,1681,3,0,1684
libc++-dev,alpine_edge,ubuntu_jammy,0.0,1681,3,0,1684
libc++-dev,alpine_edge,ubuntu_noble,0.0,1681,3,0,1684
libc++-dev,arch,debian_bookworm,0.0,1819,3,0,1822
libc++-dev,arch,opensuse_15.2,0.0,1819,4,0,1823
libc++-dev,arch,ubuntu_focal,0.0,1819,3,0,1822
libc++-dev,arch,ubuntu_jammy,0.0,1819,3,0,1822
libc++-dev,arch,ubuntu_noble,0.0,1819,3,0,1822
libc++-dev,debian_bookworm,fedora_42,0.0,3,2219,0,2222
libc++-dev,debian_bookworm,fedora_43,0.0,3,1815,0,1818
libc++-dev,debian_bookworm,opensuse_15.2,0.0,3,4,0,7
libc++-dev,fedora_42,opensuse_15.2,0.0,2219,4,0,2223
libc++-dev,fedora_42,ubuntu_focal,0.0,2219,3,0,2222
libc++-dev,fedora_42,ubuntu_jammy,0.0,2219,3,0,2222
libc++-dev,fedora_42,ubuntu_noble,0.0,2219,3,0,2222
libc++-dev,fedora_43,opensuse_15.2,0.0,1815,4,0,1819
libc++-dev,fedora_43,ubuntu_focal,0.0,1815,3,0,1818
libc++-dev,fedora_43,ubuntu_jammy,0.0,1815,3,0,1818
libc++-dev,fedora_43,ubuntu_noble,0.0,1815,3,0,1818
libc++-dev,opensuse_15.2,ubuntu_focal,0.0,4,3,0,7
libc++-dev,opensuse_15.2,ubuntu_jammy,0.0,4,3,0,7
libc++-dev,opensuse_15.2,ubuntu_noble,0.0,4,3,0,7
libcap-ng0,arch,debian_bookworm,0.0,39,8,0,47
libcap-ng0,arch,ubuntu_focal,0.0,39,4,0,43
libcap-ng0,arch,ubuntu_jammy,0.0,39,4,0,43
libcap-ng0,arch,ubuntu_noble,0.0,39,6,0,45
libcap2,arch,debian_bookworm,0.0,101,8,0,109
libcap2,arch,ubuntu_focal,0.0,101,4,0,105
libcap2,arch,ubuntu_jammy,0.0,101,4,0,105
libcap2,arch,ubuntu_noble,0.0,101,6,0,107
libccd-dev,debian_bookworm,fedora_42,0.0,15,8,0,23
libccd-dev,debian_bookworm,fedora_43,0.0,15,8,0,23
libccd-dev,fedora_42,rhel_8,0.0,8,12,0,20
libccd-dev,fedora_42,rhel_9,0.0,8,12,0,20
libccd-dev,fedora_42,ubuntu_focal,0.0,8,10,0,18
libccd-dev,fedora_42,ubuntu_jammy,0.0,8,14,0,22
libccd-dev,fedora_42,ubuntu_noble,0.0,8,14,0,22
libccd-dev,fedora_43,rhel_8,0.0,8,12,0,20
libccd-dev,fedora_43,rhel_9,0.0,8,12,0,20
libccd-dev,fedora_43,ubuntu_focal,0.0,8,10,0,18
libccd-dev,fedora_43,ubuntu_jammy,0.0,8,14,0,22
libccd-dev,fedora_43,ubuntu_noble,0.0,8,14,0,22
libcdd-dev,arch,ubuntu_focal,0.0,130,12,0,142
libcdd-dev,debian_bookworm,fedora_42,0.0,15,15,0,30
libcdd-dev,debian_bookworm,fedora_43,0.0,15,15,0,30
libcdd-dev,fedora_42,ubuntu_focal,0.0,15,12,0,27
libcdd-dev,fedora_42,ubuntu_jammy,0.0,15,14,0,29
libcdd-dev,fedora_42,ubuntu_noble,0.0,15,14,0,29
libcdd-dev,fedora_43,ubuntu_focal,0.0,15,12,0,27
libcdd-dev,fedora_43,ubuntu_jammy,0.0,15,14,0,29
libcdd-dev,fedora_43,ubuntu_noble,0.0,15,14,0,29
libclang-dev,arch,debian_bookworm,0.0,2524,2,0,2526
libclang-dev,arch,ubuntu_focal,0.0,2524,3,0,2527
libclang-dev,arch,ubuntu_jammy,0.0,2524,3,0,2527
libclang-dev,arch,ubuntu_noble,0.0,2524,2,0,2526
libclang-dev,debian_bookworm,fedora_42,0.0,2,2553,0,2555
libclang-dev,debian_bookworm,fedora_43,0.0,2,2736,0,2738
libclang-dev,debian_bookworm,rhel_8,0.0,2,2580,0,2582
libclang-dev,debian_bookworm,rhel_9,0.0,2,2553,0,2555
libclang-dev,fedora_42,ubuntu_focal,0.0,2553,3,0,2556
libclang-dev,fedora_42,ubuntu_jammy,0.0,2553,3,0,2556
libclang-dev,fedora_42,ubuntu_noble,0.0,2553,2,0,2555
libclang-dev,fedora_43,ubuntu_focal,0.0,2736,3,0,2739
libclang-dev,fedora_43,ubuntu_jammy,0.0,2736,3,0,2739
libclang-dev,fedora_43,ubuntu_noble,0.0,2736,2,0,2738
libclang-dev,rhel_8,ubuntu_focal,0.0,2580,3,0,2583
libclang-dev,rhel_8,ubuntu_jammy,0.0,2580,3,0,2583
libclang-dev,rhel_8,ubuntu_noble,0.0,2580,2,0,2582
libclang-dev,rhel_9,ubuntu_focal,0.0,2553,3,0,2556
libclang-dev,rhel_9,ubuntu_jammy,0.0,2553,3,0,2556
libclang-dev,rhel_9,ubuntu_noble,0.0,2553,2,0,2555
libcoin80-dev,debian_bookworm,fedora_42,0.0,884,3757,0,4641
libcoin80-dev,debian_bookworm,fedora_43,0.0,884,3736,0,4620
libcoin80-dev,fedora_42,ubuntu_focal,0.0,3757,883,0,4640
libcoin80-dev,fedora_42,ubuntu_jammy,0.0,3757,883,0,4640
libcoin80-dev,fedora_42,ubuntu_noble,0.0,3757,883,0,4640
libcoin80-dev,fedora_43,ubuntu_focal,0.0,3736,883,0,4619
libcoin80-dev,fedora_43,ubuntu_jammy,0.0,3736,883,0,4619
libcoin80-dev,fedora_43,ubuntu_noble,0.0,3736,883,0,4619
libedit,arch,debian_bookworm,0.0,51,9,0,60
libedit,arch,ubuntu_focal,0.0,51,8,0,59
libedit,arch,ubuntu_jammy,0.0,51,8,0,59
libedit,arch,ubuntu_noble,0.0,51,8,0,59
libedit,debian_bookworm,fedora_42,0.0,9,10,0,19
libedit,debian_bookworm,fedora_43,0.0,9,10,0,19
libedit,debian_bookworm,rhel_8,0.0,9,10,0,19
libedit,debian_bookworm,rhel_9,0.0,9,10,0,19
libedit,fedora_42,ubuntu_focal,0.0,10,8,0,18
libedit,fedora_42,ubuntu_jammy,0.0,10,8,0,18
libedit,fedora_42,ubuntu_noble,0.0,10,8,0,18
libedit,fedora_43,ubuntu_focal,0.0,10,8,0,18
libedit,fedora_43,ubuntu_jammy,0.0,10,8,0,18
libedit,fedora_43,ubuntu_noble,0.0,10,8,0,18
libedit,rhel_8,ubuntu_focal,0.0,10,8,0,18
libedit,rhel_8,ubuntu_jammy,0.0,10,8,0,18
libedit,rhel_8,ubuntu_noble,0.0,10,8,0,18
libedit,rhel_9,ubuntu_focal,0.0,10,8,0,18
libedit,rhel_9,ubuntu_jammy,0.0,10,8,0,18
libedit,rhel_9,ubuntu_noble,0.0,10,8,0,18
libespeak-ng1,arch,debian_bookworm,0.0,380,5,0,385
libespeak-ng1,arch,opensuse_15.2,0.0,380,341,0,721
libespeak-ng1,arch,ubuntu_focal,0.0,380,4,0,384
libespeak-ng1,arch,ubuntu_jammy,0.0,380,4,0,384
libespeak-ng1,arch,ubuntu_noble,0.0,380,4,0,384
libespeak-ng1,debian_bookworm,fedora_42,0.0,5,508,0,513
libespeak-ng1,debian_bookworm,fedora_43,0.0,5,508,0,513
libespeak-ng1,debian_bookworm,opensuse_15.2,0.0,5,341,0,346
libespeak-ng1,debian_bookworm,rhel_8,0.0,5,357,0,362
libespeak-ng1,debian_bookworm,rhel_9,0.0,5,446,0,451
libespeak-ng1,fedora_42,ubuntu_focal,0.0,508,4,0,512
libespeak-ng1,fedora_42,ubuntu_jammy,0.0,508,4,0,512
libespeak-ng1,fedora_42,ubuntu_noble,0.0,508,4,0,512
libespeak-ng1,fedora_43,ubuntu_focal,0.0,508,4,0,512
libespeak-ng1,fedora_43,ubuntu_jammy,0.0,508,4,0,512
libespeak-ng1,fedora_43,ubuntu_noble,0.0,508,4,0,512
libespeak-ng1,opensuse_15.2,ubuntu_focal,0.0,341,4,0,345
libespeak-ng1,opensuse_15.2,ubuntu_jammy,0.0,341,4,0,345
libespeak-ng1,opensuse_15.2,ubuntu_noble,0.0,341,4,0,345
libespeak-ng1,rhel_8,ubuntu_focal,0.0,357,4,0,361
libespeak-ng1,rhel_8,ubuntu_jammy,0.0,357,4,0,361
libespeak-ng1,rhel_8,ubuntu_noble,0.0,357,4,0,361
libespeak-ng1,rhel_9,ubuntu_focal,0.0,446,4,0,450
libespeak-ng1,rhel_9,ubuntu_jammy,0.0,446,4,0,450
libespeak-ng1,rhel_9,ubuntu_noble,0.0,446,4,0,450
libexif,alpine_edge,debian_bookworm,0.0,2,31,0,33
libexif,alpine_edge,ubuntu_focal,0.0,2,6,0,8
libexif,alpine_edge,ubuntu_jammy,0.0,2,4,0,6
libexif,alpine_edge,ubuntu_noble,0.0,2,4,0,6
libexif,arch,ubuntu_focal,0.0,53,6,0,59
libexif,arch,ubuntu_jammy,0.0,53,4,0,57
libexif,arch,ubuntu_noble,0.0,53,4,0,57
libexif,fedora_42,ubuntu_focal,0.0,37,6,0,43
libexif,fedora_42,ubuntu_jammy,0.0,37,4,0,41
libexif,fedora_42,ubuntu_noble,0.0,37,4,0,41
libexif,fedora_43,ubuntu_focal,0.0,37,6,0,43
libexif,fedora_43,ubuntu_jammy,0.0,37,4,0,41
libexif,fedora_43,ubuntu_noble,0.0,37,4,0,41
libexif,rhel_8,ubuntu_focal,0.0,35,6,0,41
libexif,rhel_8,ubuntu_jammy,0.0,35,4,0,39
libexif,rhel_8,ubuntu_noble,0.0,35,4,0,39
libexif,rhel_9,ubuntu_focal,0.0,35,6,0,41
libexif,rhel_9,ubuntu_jammy,0.0,35,4,0,39
libexif,rhel_9,ubuntu_noble,0.0,35,4,0,39
libfcl,debian_bookworm,fedora_42,0.0,7,10,0,17
libfcl,debian_bookworm,fedora_43,0.0,7,10,0,17
libfcl,debian_bookworm,rhel_8,0.0,7,7,0,14
libfcl,debian_bookworm,rhel_9,0.0,7,7,0,14
libfcl,debian_bookworm,ubuntu_focal,0.0,7,4,0,11
libfcl,fedora_42,ubuntu_focal,0.0,10,4,0,14
libfcl,fedora_42,ubuntu_jammy,0.0,10,5,0,15
libfcl,fedora_42,ubuntu_noble,0.0,10,5,0,15
libfcl,fedora_43,ubuntu_focal,0.0,10,4,0,14
libfcl,fedora_43,ubuntu_jammy,0.0,10,5,0,15
libfcl,fedora_43,ubuntu_noble,0.0,10,5,0,15
libfcl,rhel_8,ubuntu_focal,0.0,7,4,0,11
libfcl,rhel_8,ubuntu_jammy,0.0,7,5,0,12
libfcl,rhel_8,ubuntu_noble,0.0,7,5,0,12
libfcl,rhel_9,ubuntu_focal,0.0,7,4,0,11
libfcl,rhel_9,ubuntu_jammy,0.0,7,5,0,12
libfcl,rhel_9,ubuntu_noble,0.0,7,5,0,12
libfcl,ubuntu_focal,ubuntu_jammy,0.0,4,5,0,9
libfcl,ubuntu_focal,ubuntu_noble,0.0,4,5,0,9
libflann,arch,debian_bookworm,0.0,83,7,0,90
libflann,arch,ubuntu_focal,0.0,83,6,0,89
libflann,arch,ubuntu_jammy,0.0,83,6,0,89
libflann,arch,ubuntu_noble,0.0,83,6,0,89
libflann,debian_bookworm,fedora_42,0.0,7,13,0,20
libflann,debian_bookworm,fedora_43,0.0,7,13,0,20
libflann,debian_bookworm,rhel_8,0.0,7,7,0,14
libflann,debian_bookworm,rhel_9,0.0,7,7,0,14
libflann,fedora_42,ubuntu_focal,0.0,13,6,0,19
libflann,fedora_42,ubuntu_jammy,0.0,13,6,0,19
libflann,fedora_42,ubuntu_noble,0.0,13,6,0,19
libflann,fedora_43,ubuntu_focal,0.0,13,6,0,19
libflann,fedora_43,ubuntu_jammy,0.0,13,6,0,19
libflann,fedora_43,ubuntu_noble,0.0,13,6,0,19
libflann,rhel_8,ubuntu_focal,0.0,7,6,0,13
libflann,rhel_8,ubuntu_jammy,0.0,7,6,0,13
libflann,rhel_8,ubuntu_noble,0.0,7,6,0,13
libflann,rhel_9,ubuntu_focal,0.0,7,6,0,13
libflann,rhel_9,ubuntu_jammy,0.0,7,6,0,13
libflann,rhel_9,ubuntu_noble,0.0,7,6,0,13
libfontconfig1-dev,arch,debian_bookworm,0.0,331,3,0,334
libfontconfig1-dev,arch,ubuntu_jammy,0.0,331,2,0,333
libfontconfig1-dev,arch,ubuntu_noble,0.0,331,2,0,333
libfontconfig1-dev,debian_bookworm,fedora_42,0.0,3,231,0,234
libfontconfig1-dev,debian_bookworm,fedora_43,0.0,3,235,0,238
libfontconfig1-dev,fedora_42,ubuntu_jammy,0.0,231,2,0,233
libfontconfig1-dev,fedora_42,ubuntu_noble,0.0,231,2,0,233
libfontconfig1-dev,fedora_43,ubuntu_jammy,0.0,235,2,0,237
libfontconfig1-dev,fedora_43,ubuntu_noble,0.0,235,2,0,237
libfreeimage,alpine_edge,debian_bookworm,0.0,2,5,0,7
libfreeimage,alpine_edge,opensuse_15.2,0.0,2,2,0,4
libfreeimage,alpine_edge,rhel_8,0.0,2,7,0,9
libfreeimage,alpine_edge,rhel_9,0.0,2,7,0,9
libfreeimage,alpine_edge,ubuntu_focal,0.0,2,4,0,6
libfreeimage,alpine_edge,ubuntu_jammy,0.0,2,4,0,6
libfreeimage,alpine_edge,ubuntu_noble,0.0,2,4,0,6
libfreeimage,debian_bookworm,fedora_42,0.0,5,10,0,15
libfreeimage,debian_bookworm,fedora_43,0.0,5,10,0,15
libfreeimage,debian_bookworm,opensuse_15.2,0.0,5,2,0,7
libfreeimage,debian_bookworm,rhel_8,0.0,5,7,0,12
libfreeimage,debian_bookworm,rhel_9,0.0,5,7,0,12
libfreeimage,fedora_42,ubuntu_focal,0.0,10,4,0,14
libfreeimage,fedora_42,ubuntu_jammy,0.0,10,4,0,14
libfreeimage,fedora_42,ubuntu_noble,0.0,10,4,0,14
libfreeimage,fedora_43,ubuntu_focal,0.0,10,4,0,14
libfreeimage,fedora_43,ubuntu_jammy,0.0,10,4,0,14
libfreeimage,fedora_43,ubuntu_noble,0.0,10,4,0,14
libfreeimage,opensuse_15.2,ubuntu_focal,0.0,2,4,0,6
libfreeimage,opensuse_15.2,ubuntu_jammy,0.0,2,4,0,6
libfreeimage,opensuse_15.2,ubuntu_noble,0.0,2,4,0,6
libfreeimage,rhel_8,ubuntu_focal,0.0,7,4,0,11
libfreeimage,rhel_8,ubuntu_jammy,0.0,7,4,0,11
libfreeimage,rhel_8,ubuntu_noble,0.0,7,4,0,11
libfreeimage,rhel_9,ubuntu_focal,0.0,7,4,0,11
libfreeimage,rhel_9,ubuntu_jammy,0.0,7,4,0,11
libfreeimage,rhel_9,ubuntu_noble,0.0,7,4,0,11
libfreenect-dev,debian_bookworm,fedora_42,0.0,13,106,0,119
libfreenect-dev,debian_bookworm,fedora_43,0.0,13,74,0,87
libfreenect-dev,debian_bookworm,rhel_8,0.0,13,83,0,96
libfreenect-dev,debian_bookworm,rhel_9,0.0,13,83,0,96
libfreenect-dev,fedora_42,ubuntu_focal,0.0,106,12,0,118
libfreenect-dev,fedora_42,ubuntu_jammy,0.0,106,12,0,118
libfreenect-dev,fedora_42,ubuntu_noble,0.0,106,12,0,118
libfreenect-dev,fedora_43,ubuntu_focal,0.0,74,12,0,86
libfreenect-dev,fedora_43,ubuntu_jammy,0.0,74,12,0,86
libfreenect-dev,fedora_43,ubuntu_noble,0.0,74,12,0,86
libfreenect-dev,rhel_8,ubuntu_focal,0.0,83,12,0,95
libfreenect-dev,rhel_8,ubuntu_jammy,0.0,83,12,0,95
libfreenect-dev,rhel_8,ubuntu_noble,0.0,83,12,0,95
libfreenect-dev,rhel_9,ubuntu_focal,0.0,83,12,0,95
libfreenect-dev,rhel_9,ubuntu_jammy,0.0,83,12,0,95
libfreenect-dev,rhel_9,ubuntu_noble,0.0,83,12,0,95
libfreetype-dev,alpine_edge,opensuse_15.2,0.0,58,26,0,84
libfreetype-dev,arch,opensuse_15.2,0.0,62,26,0,88
libfreetype-dev,debian_bookworm,opensuse_15.2,0.0,61,26,0,87
libfreetype-dev,fedora_42,opensuse_15.2,0.0,246,26,0,272
libfreetype-dev,fedora_43,opensuse_15.2,0.0,246,26,0,272
libfreetype-dev,opensuse_15.2,rhel_8,0.0,26,162,0,188
libfreetype-dev,opensuse_15.2,rhel_9,0.0,26,224,0,250
libfreetype-dev,opensuse_15.2,ubuntu_focal,0.0,26,55,0,81
libfreetype-dev,opensuse_15.2,ubuntu_jammy,0.0,26,59,0,85
libfreetype-dev,opensuse_15.2,ubuntu_noble,0.0,26,60,0,86
libfreetype6,alpine_edge,debian_bookworm,0.0,2,6,0,8
libfreetype6,alpine_edge,ubuntu_focal,0.0,2,5,0,7
libfreetype6,alpine_edge,ubuntu_jammy,0.0,2,5,0,7
libfreetype6,alpine_edge,ubuntu_noble,0.0,2,5,0,7
libfreetype6,arch,debian_bookworm,0.0,62,6,0,68
libfreetype6,arch,ubuntu_focal,0.0,62,5,0,67
libfreetype6,arch,ubuntu_jammy,0.0,62,5,0,67
libfreetype6,arch,ubuntu_noble,0.0,62,5,0,67
libfreetype6,debian_bookworm,fedora_42,0.0,6,10,0,16
libfreetype6,debian_bookworm,fedora_43,0.0,6,10,0,16
libfreetype6,debian_bookworm,rhel_8,0.0,6,14,0,20
libfreetype6,debian_bookworm,rhel_9,0.0,6,10,0,16
libfreetype6,fedora_42,ubuntu_focal,0.0,10,5,0,15
libfreetype6,fedora_42,ubuntu_jammy,0.0,10,5,0,15
libfreetype6,fedora_42,ubuntu_noble,0.0,10,5,0,15
libfreetype6,fedora_43,ubuntu_focal,0.0,10,5,0,15
libfreetype6,fedora_43,ubuntu_jammy,0.0,10,5,0,15
libfreetype6,fedora_43,ubuntu_noble,0.0,10,5,0,15
libfreetype6,rhel_8,ubuntu_focal,0.0,14,5,0,19
libfreetype6,rhel_8,ubuntu_jammy,0.0,14,5,0,19
libfreetype6,rhel_8,ubuntu_noble,0.0,14,5,0,19
libfreetype6,rhel_9,ubuntu_focal,0.0,10,5,0,15
libfreetype6,rhel_9,ubuntu_jammy,0.0,10,5,0,15
libfreetype6,rhel_9,ubuntu_noble,0.0,10,5,0,15
libftdi-dev,arch,debian_bookworm,0.0,39,110,0,149
libftdi-dev,arch,ubuntu_focal,0.0,39,109,0,148
libftdi-dev,arch,ubuntu_jammy,0.0,39,109,0,148
libftdi-dev,arch,ubuntu_noble,0.0,39,123,0,162
libftdi-dev,debian_bookworm,fedora_42,0.0,110,20,0,130
libftdi-dev,debian_bookworm,fedora_43,0.0,110,20,0,130
libftdi-dev,debian_bookworm,opensuse_15.2,0.0,110,32,0,142
libftdi-dev,debian_bookworm,rhel_8,0.0,110,10,0,120
libftdi-dev,debian_bookworm,rhel_9,0.0,110,14,0,124
libftdi-dev,fedora_42,ubuntu_focal,0.0,20,109,0,129
libftdi-dev,fedora_42,ubuntu_jammy,0.0,20,109,0,129
libftdi-dev,fedora_42,ubuntu_noble,0.0,20,123,0,143
libftdi-dev,fedora_43,ubuntu_focal,0.0,20,109,0,129
libftdi-dev,fedora_43,ubuntu_jammy,0.0,20,109,0,129
libftdi-dev,fedora_43,ubuntu_noble,0.0,20,123,0,143
libftdi-dev,opensuse_15.2,ubuntu_focal,0.0,32,109,0,141
libftdi-dev,opensuse_15.2,ubuntu_jammy,0.0,32,109,0,141
libftdi-dev,opensuse_15.2,ubuntu_noble,0.0,32,123,0,155
libftdi-dev,rhel_8,ubuntu_focal,0.0,10,109,0,119
libftdi-dev,rhel_8,ubuntu_jammy,0.0,10,109,0,119
libftdi-dev,rhel_8,ubuntu_noble,0.0,10,123,0,133
libftdi-dev,rhel_9,ubuntu_focal,0.0,14,109,0,123
libftdi-dev,rhel_9,ubuntu_jammy,0.0,14,109,0,123
libftdi-dev,rhel_9,ubuntu_noble,0.0,14,123,0,137
libgeotiff-dev,arch,debian_bookworm,0.0,34,33,0,67
libgeotiff-dev,arch,ubuntu_focal,0.0,34,30,0,64
libgeotiff-dev,arch,ubuntu_jammy,0.0,34,31,0,65
libgeotiff-dev,arch,ubuntu_noble,0.0,34,31,0,65
libgeotiff-dev,debian_bookworm,fedora_42,0.0,33,23,0,56
libgeotiff-dev,debian_bookworm,fedora_43,0.0,33,23,0,56
libgeotiff-dev,fedora_42,ubuntu_focal,0.0,23,30,0,53
libgeotiff-dev,fedora_42,ubuntu_jammy,0.0,23,31,0,54
libgeotiff-dev,fedora_42,ubuntu_noble,0.0,23,31,0,54
libgeotiff-dev,fedora_43,ubuntu_focal,0.0,23,30,0,53
libgeotiff-dev,fedora_43,ubuntu_jammy,0.0,23,31,0,54
libgeotiff-dev,fedora_43,ubuntu_noble,0.0,23,31,0,54
libgirepository-dev,arch,ubuntu_noble,0.0,195,4,0,199
libgirepository-dev,fedora_42,ubuntu_noble,0.0,309,4,0,313
libgirepository-dev,fedora_43,ubuntu_noble,0.0,309,4,0,313
libgmock-dev,alpine_edge,debian_bookworm,0.0,2,24,0,26
libgmock-dev,alpine_edge,fedora_42,0.0,2,50,0,52
libgmock-dev,alpine_edge,fedora_43,0.0,2,50,0,52
libgmock-dev,alpine_edge,rhel_8,0.0,2,53,0,55
libgmock-dev,alpine_edge,rhel_9,0.0,2,46,0,48
libgmock-dev,alpine_edge,ubuntu_focal,0.0,2,30,0,32
libgmock-dev,alpine_edge,ubuntu_jammy,0.0,2,24,0,26
libgmock-dev,alpine_edge,ubuntu_noble,0.0,2,24,0,26
libgomp1,arch,debian_bookworm,0.0,53,3,0,56
libgomp1,arch,ubuntu_focal,0.0,53,3,0,56
libgomp1,arch,ubuntu_jammy,0.0,53,3,0,56
libgomp1,arch,ubuntu_noble,0.0,53,3,0,56
libgstreamer-plugins-bad1.0-dev,arch,debian_bookworm,0.0,65,211,0,276
libgstreamer-plugins-bad1.0-dev,arch,fedora_42,0.0,65,273,0,338
libgstreamer-plugins-bad1.0-dev,arch,fedora_43,0.0,65,273,0,338
libgstreamer-plugins-bad1.0-dev,arch,ubuntu_focal,0.0,65,85,0,150
libgstreamer-plugins-bad1.0-dev,arch,ubuntu_jammy,0.0,65,113,0,178
libgstreamer-plugins-bad1.0-dev,arch,ubuntu_noble,0.0,65,229,0,294
libgstreamer-plugins-base1.0-dev,arch,debian_bookworm,0.0,7,239,0,246
libgstreamer-plugins-base1.0-dev,arch,fedora_42,0.0,7,275,0,282
libgstreamer-plugins-base1.0-dev,arch,fedora_43,0.0,7,275,0,282
libgstreamer-plugins-base1.0-dev,arch,opensuse_15.2,0.0,7,220,0,227
libgstreamer-plugins-base1.0-dev,arch,rhel_8,0.0,7,246,0,253
libgstreamer-plugins-base1.0-dev,arch,rhel_9,0.0,7,267,0,274
libgstreamer-plugins-base1.0-dev,arch,ubuntu_focal,0.0,7,225,0,232
libgstreamer-plugins-base1.0-dev,arch,ubuntu_jammy,0.0,7,237,0,244
libgstreamer-plugins-base1.0-dev,arch,ubuntu_noble,0.0,7,245,0,252
libgstrtspserver-1.0-0,arch,debian_bookworm,0.0,32,5,0,37
libgstrtspserver-1.0-0,arch,ubuntu_focal,0.0,32,4,0,36
libgstrtspserver-1.0-0,arch,ubuntu_jammy,0.0,32,4,0,36
libgstrtspserver-1.0-0,arch,ubuntu_noble,0.0,32,4,0,36
libgstrtspserver-1.0-0,debian_bookworm,fedora_42,0.0,5,14,0,19
libgstrtspserver-1.0-0,debian_bookworm,fedora_43,0.0,5,14,0,19
libgstrtspserver-1.0-0,fedora_42,ubuntu_focal,0.0,14,4,0,18
libgstrtspserver-1.0-0,fedora_42,ubuntu_jammy,0.0,14,4,0,18
libgstrtspserver-1.0-0,fedora_42,ubuntu_noble,0.0,14,4,0,18
libgstrtspserver-1.0-0,fedora_43,ubuntu_focal,0.0,14,4,0,18
libgstrtspserver-1.0-0,fedora_43,ubuntu_jammy,0.0,14,4,0,18
libgstrtspserver-1.0-0,fedora_43,ubuntu_noble,0.0,14,4,0,18
libgts,debian_bookworm,fedora_42,0.0,11,49,0,60
libgts,debian_bookworm,fedora_43,0.0,11,49,0,60
libgts,fedora_42,ubuntu_focal,0.0,49,8,0,57
libgts,fedora_42,ubuntu_jammy,0.0,49,9,0,58
libgts,fedora_42,ubuntu_noble,0.0,49,9,0,58
libgts,fedora_43,ubuntu_focal,0.0,49,8,0,57
libgts,fedora_43,ubuntu_jammy,0.0,49,9,0,58
libgts,fedora_43,ubuntu_noble,0.0,49,9,0,58
libhdf5-dev,arch,debian_bookworm,0.0,233,145,0,378
libhdf5-dev,arch,ubuntu_focal,0.0,233,147,0,380
libhdf5-dev,arch,ubuntu_jammy,0.0,233,144,0,377
libhdf5-dev,arch,ubuntu_noble,0.0,233,144,0,377
libhdf5-dev,debian_bookworm,fedora_42,0.0,145,193,0,338
libhdf5-dev,debian_bookworm,fedora_43,0.0,145,193,0,338
libhdf5-dev,debian_bookworm,rhel_8,0.0,145,231,0,376
libhdf5-dev,debian_bookworm,rhel_9,0.0,145,246,0,391
libhdf5-dev,fedora_42,ubuntu_focal,0.0,193,147,0,340
libhdf5-dev,fedora_42,ubuntu_jammy,0.0,193,144,0,337
libhdf5-dev,fedora_42,ubuntu_noble,0.0,193,144,0,337
libhdf5-dev,fedora_43,ubuntu_focal,0.0,193,147,0,340
libhdf5-dev,fedora_43,ubuntu_jammy,0.0,193,144,0,337
libhdf5-dev,fedora_43,ubuntu_noble,0.0,193,144,0,337
libhdf5-dev,rhel_8,ubuntu_focal,0.0,231,147,0,378
libhdf5-dev,rhel_8,ubuntu_jammy,0.0,231,144,0,375
libhdf5-dev,rhel_8,ubuntu_noble,0.0,231,144,0,375
libhdf5-dev,rhel_9,ubuntu_focal,0.0,246,147,0,393
libhdf5-dev,rhel_9,ubuntu_jammy,0.0,246,144,0,390
libhdf5-dev,rhel_9,ubuntu_noble,0.0,246,144,0,390
libi2c-dev,arch,debian_bookworm,0.0,1028,8,0,1036
libi2c-dev,arch,fedora_42,0.0,1028,4,0,1032
libi2c-dev,arch,fedora_43,0.0,1028,4,0,1032
libi2c-dev,arch,ubuntu_focal,0.0,1028,6,0,1034
libi2c-dev,arch,ubuntu_jammy,0.0,1028,6,0,1034
libi2c-dev,arch,ubuntu_noble,0.0,1028,6,0,1034
libjpeg,arch,debian_bookworm,0.0,46,6,0,52
libjpeg,arch,ubuntu_focal,0.0,46,2,0,48
libjpeg,arch,ubuntu_jammy,0.0,46,2,0,48
libjpeg,arch,ubuntu_noble,0.0,46,2,0,48
libjpeg,debian_bookworm,fedora_42,0.0,6,21,0,27
libjpeg,debian_bookworm,fedora_43,0.0,6,21,0,27
libjpeg,debian_bookworm,opensuse_15.2,0.0,6,14,0,20
libjpeg,debian_bookworm,rhel_8,0.0,6,16,0,22
libjpeg,debian_bookworm,rhel_9,0.0,6,24,0,30
libjpeg,fedora_42,ubuntu_focal,0.0,21,2,0,23
libjpeg,fedora_42,ubuntu_jammy,0.0,21,2,0,23
libjpeg,fedora_42,ubuntu_noble,0.0,21,2,0,23
libjpeg,fedora_43,ubuntu_focal,0.0,21,2,0,23
libjpeg,fedora_43,ubuntu_jammy,0.0,21,2,0,23
libjpeg,fedora_43,ubuntu_noble,0.0,21,2,0,23
libjpeg,opensuse_15.2,ubuntu_focal,0.0,14,2,0,16
libjpeg,opensuse_15.2,ubuntu_jammy,0.0,14,2,0,16
libjpeg,opensuse_15.2,ubuntu_noble,0.0,14,2,0,16
libjpeg,rhel_8,ubuntu_focal,0.0,16,2,0,18
libjpeg,rhel_8,ubuntu_jammy,0.0,16,2,0,18
libjpeg,rhel_8,ubuntu_noble,0.0,16,2,0,18
libjpeg,rhel_9,ubuntu_focal,0.0,24,2,0,26
libjpeg,rhel_9,ubuntu_jammy,0.0,24,2,0,26
libjpeg,rhel_9,ubuntu_noble,0.0,24,2,0,26
libjson-glib,debian_bookworm,fedora_42,0.0,49,73,0,122
libjson-glib,debian_bookworm,fedora_43,0.0,49,74,0,123
libjson-glib,fedora_42,ubuntu_focal,0.0,73,18,0,91
libjson-glib,fedora_42,ubuntu_jammy,0.0,73,49,0,122
libjson-glib,fedora_42,ubuntu_noble,0.0,73,49,0,122
libjson-glib,fedora_43,ubuntu_focal,0.0,74,18,0,92
libjson-glib,fedora_43,ubuntu_jammy,0.0,74,49,0,123
libjson-glib,fedora_43,ubuntu_noble,0.0,74,49,0,123
libjsoncpp,arch,opensuse_15.2,0.0,16,3,0,19
libjsoncpp,arch,ubuntu_focal,0.0,16,8,0,24
libjsoncpp,arch,ubuntu_jammy,0.0,16,6,0,22
libjsoncpp,arch,ubuntu_noble,0.0,16,6,0,22
libjsoncpp,fedora_42,opensuse_15.2,0.0,9,3,0,12
libjsoncpp,fedora_42,ubuntu_focal,0.0,9,8,0,17
libjsoncpp,fedora_42,ubuntu_jammy,0.0,9,6,0,15
libjsoncpp,fedora_42,ubuntu_noble,0.0,9,6,0,15
libjsoncpp,fedora_43,opensuse_15.2,0.0,9,3,0,12
libjsoncpp,fedora_43,ubuntu_focal,0.0,9,8,0,17
libjsoncpp,fedora_43,ubuntu_jammy,0.0,9,6,0,15
libjsoncpp,fedora_43,ubuntu_noble,0.0,9,6,0,15
libjsoncpp,opensuse_15.2,rhel_9,0.0,3,6,0,9
libjsoncpp,opensuse_15.2,ubuntu_focal,0.0,3,8,0,11
libjsoncpp,opensuse_15.2,ubuntu_jammy,0.0,3,6,0,9
libjsoncpp,opensuse_15.2,ubuntu_noble,0.0,3,6,0,9
libjsoncpp,rhel_8,ubuntu_focal,0.0,6,8,0,14
libjsoncpp,rhel_8,ubuntu_jammy,0.0,6,6,0,12
libjsoncpp,rhel_8,ubuntu_noble,0.0,6,6,0,12
libjsoncpp,rhel_9,ubuntu_focal,0.0,6,8,0,14
libjsoncpp,rhel_9,ubuntu_jammy,0.0,6,6,0,12
libjsoncpp,rhel_9,ubuntu_noble,0.0,6,6,0,12
libjsoncpp,ubuntu_focal,ubuntu_jammy,0.0,8,6,0,14
libjsoncpp,ubuntu_focal,ubuntu_noble,0.0,8,6,0,14
libjsoncpp-dev,arch,debian_bookworm,0.0,16,19,0,35
libjsoncpp-dev,arch,ubuntu_focal,0.0,16,18,0,34
libjsoncpp-dev,arch,ubuntu_jammy,0.0,16,19,0,35
libjsoncpp-dev,arch,ubuntu_noble,0.0,16,19,0,35
libjsoncpp-dev,debian_bookworm,fedora_42,0.0,19,24,0,43
libjsoncpp-dev,debian_bookworm,fedora_43,0.0,19,24,0,43
libjsoncpp-dev,debian_bookworm,opensuse_15.2,0.0,19,18,0,37
libjsoncpp-dev,debian_bookworm,rhel_8,0.0,19,15,0,34
libjsoncpp-dev,debian_bookworm,rhel_9,0.0,19,17,0,36
libjsoncpp-dev,fedora_42,ubuntu_focal,0.0,24,18,0,42
libjsoncpp-dev,fedora_42,ubuntu_jammy,0.0,24,19,0,43
libjsoncpp-dev,fedora_42,ubuntu_noble,0.0,24,19,0,43
libjsoncpp-dev,fedora_43,ubuntu_focal,0.0,24,18,0,42
libjsoncpp-dev,fedora_43,ubuntu_jammy,0.0,24,19,0,43
libjsoncpp-dev,fedora_43,ubuntu_noble,0.0,24,19,0,43
libjsoncpp-dev,opensuse_15.2,ubuntu_focal,0.0,18,18,0,36
libjsoncpp-dev,opensuse_15.2,ubuntu_jammy,0.0,18,19,0,37
libjsoncpp-dev,opensuse_15.2,ubuntu_noble,0.0,18,19,0,37
libjsoncpp-dev,rhel_8,ubuntu_focal,0.0,15,18,0,33
libjsoncpp-dev,rhel_8,ubuntu_jammy,0.0,15,19,0,34
libjsoncpp-dev,rhel_8,ubuntu_noble,0.0,15,19,0,34
libjsoncpp-dev,rhel_9,ubuntu_focal,0.0,17,18,0,35
libjsoncpp-dev,rhel_9,ubuntu_jammy,0.0,17,19,0,36
libjsoncpp-dev,rhel_9,ubuntu_noble,0.0,17,19,0,36
liblapack-dev,arch,debian_bookworm,0.0,12,6,0,18
liblapack-dev,arch,opensuse_15.2,0.0,12,1,0,13
liblapack-dev,arch,ubuntu_focal,0.0,12,6,0,18
liblapack-dev,arch,ubuntu_jammy,0.0,12,6,0,18
liblapack-dev,arch,ubuntu_noble,0.0,12,6,0,18
liblapack-dev,debian_bookworm,fedora_42,0.0,6,43,0,49
liblapack-dev,debian_bookworm,fedora_43,0.0,6,57,0,63
liblapack-dev,debian_bookworm,opensuse_15.2,0.0,6,1,0,7
liblapack-dev,debian_bookworm,rhel_8,0.0,6,12,0,18
liblapack-dev,debian_bookworm,rhel_9,0.0,6,17,0,23
liblapack-dev,fedora_42,ubuntu_focal,0.0,43,6,0,49
liblapack-dev,fedora_42,ubuntu_jammy,0.0,43,6,0,49
liblapack-dev,fedora_42,ubuntu_noble,0.0,43,6,0,49
liblapack-dev,fedora_43,ubuntu_focal,0.0,57,6,0,63
liblapack-dev,fedora_43,ubuntu_jammy,0.0,57,6,0,63
liblapack-dev,fedora_43,ubuntu_noble,0.0,57,6,0,63
liblapack-dev,opensuse_15.2,ubuntu_focal,0.0,1,6,0,7
liblapack-dev,opensuse_15.2,ubuntu_jammy,0.0,1,6,0,7
liblapack-dev,opensuse_15.2,ubuntu_noble,0.0,1,6,0,7
liblapack-dev,rhel_8,ubuntu_focal,0.0,12,6,0,18
liblapack-dev,rhel_8,ubuntu_jammy,0.0,12,6,0,18
liblapack-dev,rhel_8,ubuntu_noble,0.0,12,6,0,18
liblapack-dev,rhel_9,ubuntu_focal,0.0,17,6,0,23
liblapack-dev,rhel_9,ubuntu_jammy,0.0,17,6,0,23
liblapack-dev,rhel_9,ubuntu_noble,0.0,17,6,0,23
liblinear-dev,debian_bookworm,fedora_42,0.0,7,6,0,13
liblinear-dev,debian_bookworm,fedora_43,0.0,7,6,0,13
liblinear-dev,fedora_42,ubuntu_focal,0.0,6,7,0,13
liblinear-dev,fedora_42,ubuntu_jammy,0.0,6,7,0,13
liblinear-dev,fedora_42,ubuntu_noble,0.0,6,7,0,13
liblinear-dev,fedora_43,ubuntu_focal,0.0,6,7,0,13
liblinear-dev,fedora_43,ubuntu_jammy,0.0,6,7,0,13
liblinear-dev,fedora_43,ubuntu_noble,0.0,6,7,0,13
liblz4,arch,debian_bookworm,0.0,15,4,0,19
liblz4,arch,ubuntu_focal,0.0,15,4,0,19
liblz4,arch,ubuntu_jammy,0.0,15,4,0,19
liblz4,arch,ubuntu_noble,0.0,15,4,0,19
liblz4,debian_bookworm,fedora_42,0.0,4,7,0,11
liblz4,debian_bookworm,fedora_43,0.0,4,7,0,11
liblz4,debian_bookworm,rhel_8,0.0,4,9,0,13
liblz4,debian_bookworm,rhel_9,0.0,4,7,0,11
liblz4,fedora_42,ubuntu_focal,0.0,7,4,0,11
liblz4,fedora_42,ubuntu_jammy,0.0,7,4,0,11
liblz4,fedora_42,ubuntu_noble,0.0,7,4,0,11
liblz4,fedora_43,ubuntu_focal,0.0,7,4,0,11
liblz4,fedora_43,ubuntu_jammy,0.0,7,4,0,11
liblz4,fedora_43,ubuntu_noble,0.0,7,4,0,11
liblz4,rhel_8,ubuntu_focal,0.0,9,4,0,13
liblz4,rhel_8,ubuntu_jammy,0.0,9,4,0,13
liblz4,rhel_8,ubuntu_noble,0.0,9,4,0,13
liblz4,rhel_9,ubuntu_focal,0.0,7,4,0,11
liblz4,rhel_9,ubuntu_jammy,0.0,7,4,0,11
liblz4,rhel_9,ubuntu_noble,0.0,7,4,0,11
libmagick,arch,debian_bookworm,0.0,820,2,0,822
libmagick,arch,ubuntu_focal,0.0,820,2,0,822
libmagick,arch,ubuntu_jammy,0.0,820,2,0,822
libmagick,arch,ubuntu_noble,0.0,820,2,0,822
libmagick,debian_bookworm,fedora_42,0.0,2,114,0,116
libmagick,debian_bookworm,fedora_43,0.0,2,114,0,116
libmagick,fedora_42,ubuntu_focal,0.0,114,2,0,116
libmagick,fedora_42,ubuntu_jammy,0.0,114,2,0,116
libmagick,fedora_42,ubuntu_noble,0.0,114,2,0,116
libmagick,fedora_43,ubuntu_focal,0.0,114,2,0,116
libmagick,fedora_43,ubuntu_jammy,0.0,114,2,0,116
libmagick,fedora_43,ubuntu_noble,0.0,114,2,0,116
libmarble-dev,arch,debian_bookworm,0.0,18,168,0,186
libmarble-dev,arch,ubuntu_focal,0.0,18,165,0,183
libmarble-dev,arch,ubuntu_jammy,0.0,18,165,0,183
libmarble-dev,arch,ubuntu_noble,0.0,18,167,0,185
libmnl-dev,alpine_edge,opensuse_15.2,0.0,3,3,0,6
libmnl-dev,arch,opensuse_15.2,0.0,5,3,0,8
libmnl-dev,debian_bookworm,opensuse_15.2,0.0,6,3,0,9
libmnl-dev,opensuse_15.2,ubuntu_focal,0.0,3,7,0,10
libmnl-dev,opensuse_15.2,ubuntu_jammy,0.0,3,6,0,9
libmnl-dev,opensuse_15.2,ubuntu_noble,0.0,3,27,0,30
libmockito-java,debian_bookworm,fedora_42,0.0,9,6,0,15
libmockito-java,debian_bookworm,fedora_43,0.0,9,6,0,15
libmockito-java,debian_bookworm,rhel_8,0.0,9,5,0,14
libmockito-java,debian_bookworm,rhel_9,0.0,9,6,0,15
libmockito-java,fedora_42,ubuntu_focal,0.0,6,9,0,15
libmockito-java,fedora_42,ubuntu_jammy,0.0,6,9,0,15
libmockito-java,fedora_42,ubuntu_noble,0.0,6,9,0,15
libmockito-java,fedora_43,ubuntu_focal,0.0,6,9,0,15
libmockito-java,fedora_43,ubuntu_jammy,0.0,6,9,0,15
libmockito-java,fedora_43,ubuntu_noble,0.0,6,9,0,15
libmockito-java,rhel_8,ubuntu_focal,0.0,5,9,0,14
libmockito-java,rhel_8,ubuntu_jammy,0.0,5,9,0,14
libmockito-java,rhel_8,ubuntu_noble,0.0,5,9,0,14
libmockito-java,rhel_9,ubuntu_focal,0.0,6,9,0,15
libmockito-java,rhel_9,ubuntu_jammy,0.0,6,9,0,15
libmockito-java,rhel_9,ubuntu_noble,0.0,6,9,0,15
libmodbus5,debian_bookworm,fedora_42,0.0,7,10,0,17
libmodbus5,debian_bookworm,fedora_43,0.0,7,10,0,17
libmodbus5,fedora_42,ubuntu_focal,0.0,10,6,0,16
libmodbus5,fedora_42,ubuntu_jammy,0.0,10,6,0,16
libmodbus5,fedora_42,ubuntu_noble,0.0,10,7,0,17
libmodbus5,fedora_43,ubuntu_focal,0.0,10,6,0,16
libmodbus5,fedora_43,ubuntu_jammy,0.0,10,6,0,16
libmodbus5,fedora_43,ubuntu_noble,0.0,10,7,0,17
libmpg123-dev,arch,debian_bookworm,0.0,29,21,0,50
libmpg123-dev,arch,ubuntu_noble,0.0,29,25,0,54
libmpg123-dev,debian_bookworm,fedora_42,0.0,21,300,0,321
libmpg123-dev,debian_bookworm,fedora_43,0.0,21,263,0,284
libmpg123-dev,fedora_42,ubuntu_noble,0.0,300,25,0,325
libmpg123-dev,fedora_43,ubuntu_noble,0.0,263,25,0,288
libmpich-dev,debian_bookworm,fedora_42,0.0,51,1905,0,1956
libmpich-dev,debian_bookworm,fedora_43,0.0,51,1905,0,1956
libmpich-dev,fedora_42,ubuntu_focal,0.0,1905,51,0,1956
libmpich-dev,fedora_42,ubuntu_jammy,0.0,1905,49,0,1954
libmpich-dev,fedora_42,ubuntu_noble,0.0,1905,57,0,1962
libmpich-dev,fedora_43,ubuntu_focal,0.0,1905,51,0,1956
libmpich-dev,fedora_43,ubuntu_jammy,0.0,1905,49,0,1954
libmpich-dev,fedora_43,ubuntu_noble,0.0,1905,57,0,1962
libmysqlclient-dev,arch,fedora_42,0.0,432,452,0,884
libmysqlclient-dev,arch,fedora_43,0.0,432,453,0,885
libmysqlclient-dev,arch,ubuntu_focal,0.0,432,27,0,459
libmysqlclient-dev,arch,ubuntu_jammy,0.0,432,27,0,459
libmysqlclient-dev,arch,ubuntu_noble,0.0,432,26,0,458
libncurses,arch,debian_bookworm,0.0,3878,9,0,3887
libncurses,arch,ubuntu_focal,0.0,3878,9,0,3887
libncurses,arch,ubuntu_jammy,0.0,3878,9,0,3887
libncurses,arch,ubuntu_noble,0.0,3878,9,0,3887
libncurses,debian_bookworm,fedora_42,0.0,9,37,0,46
libncurses,debian_bookworm,fedora_43,0.0,9,37,0,46
libncurses,debian_bookworm,rhel_8,0.0,9,37,0,46
libncurses,debian_bookworm,rhel_9,0.0,9,37,0,46
libncurses,fedora_42,ubuntu_focal,0.0,37,9,0,46
libncurses,fedora_42,ubuntu_jammy,0.0,37,9,0,46
libncurses,fedora_42,ubuntu_noble,0.0,37,9,0,46
libncurses,fedora_43,ubuntu_focal,0.0,37,9,0,46
libncurses,fedora_43,ubuntu_jammy,0.0,37,9,0,46
libncurses,fedora_43,ubuntu_noble,0.0,37,9,0,46
libncurses,rhel_8,ubuntu_focal,0.0,37,9,0,46
libncurses,rhel_8,ubuntu_jammy,0.0,37,9,0,46
libncurses,rhel_8,ubuntu_noble,0.0,37,9,0,46
libncurses,rhel_9,ubuntu_focal,0.0,37,9,0,46
libncurses,rhel_9,ubuntu_jammy,0.0,37,9,0,46
libncurses,rhel_9,ubuntu_noble,0.0,37,9,0,46
libnlopt0,arch,debian_bookworm,0.0,64,10,0,74
libnlopt0,arch,ubuntu_focal,0.0,64,9,0,73
libnlopt0,arch,ubuntu_jammy,0.0,64,9,0,73
libnlopt0,arch,ubuntu_noble,0.0,64,9,0,73
libnlopt0,debian_bookworm,fedora_42,0.0,10,19,0,29
libnlopt0,debian_bookworm,fedora_43,0.0,10,19,0,29
libnlopt0,fedora_42,ubuntu_focal,0.0,19,9,0,28
libnlopt0,fedora_42,ubuntu_jammy,0.0,19,9,0,28
libnlopt0,fedora_42,ubuntu_noble,0.0,19,9,0,28
libnlopt0,fedora_43,ubuntu_focal,0.0,19,9,0,28
libnlopt0,fedora_43,ubuntu_jammy,0.0,19,9,0,28
libnlopt0,fedora_43,ubuntu_noble,0.0,19,9,0,28
libois-dev,debian_bookworm,fedora_42,0.0,25,19,0,44
libois-dev,debian_bookworm,fedora_43,0.0,25,19,0,44
libois-dev,fedora_42,ubuntu_focal,0.0,19,24,0,43
libois-dev,fedora_42,ubuntu_jammy,0.0,19,24,0,43
libois-dev,fedora_42,ubuntu_noble,0.0,19,24,0,43
libois-dev,fedora_43,ubuntu_focal,0.0,19,24,0,43
libois-dev,fedora_43,ubuntu_jammy,0.0,19,24,0,43
libois-dev,fedora_43,ubuntu_noble,0.0,19,24,0,43
libomp-dev,arch,debian_bookworm,0.0,35,2,0,37
libomp-dev,arch,ubuntu_focal,0.0,35,3,0,38
libomp-dev,arch,ubuntu_jammy,0.0,35,3,0,38
libomp-dev,arch,ubuntu_noble,0.0,35,2,0,37
libomp-dev,debian_bookworm,fedora_42,0.0,2,24,0,26
libomp-dev,debian_bookworm,fedora_43,0.0,2,26,0,28
libomp-dev,debian_bookworm,rhel_8,0.0,2,73,0,75
libomp-dev,debian_bookworm,rhel_9,0.0,2,24,0,26
libomp-dev,fedora_42,ubuntu_focal,0.0,24,3,0,27
libomp-dev,fedora_42,ubuntu_jammy,0.0,24,3,0,27
libomp-dev,fedora_42,ubuntu_noble,0.0,24,2,0,26
libomp-dev,fedora_43,ubuntu_focal,0.0,26,3,0,29
libomp-dev,fedora_43,ubuntu_jammy,0.0,26,3,0,29
libomp-dev,fedora_43,ubuntu_noble,0.0,26,2,0,28
libomp-dev,rhel_8,ubuntu_focal,0.0,73,3,0,76
libomp-dev,rhel_8,ubuntu_jammy,0.0,73,3,0,76
libomp-dev,rhel_8,ubuntu_noble,0.0,73,2,0,75
libomp-dev,rhel_9,ubuntu_focal,0.0,24,3,0,27
libomp-dev,rhel_9,ubuntu_jammy,0.0,24,3,0,27
libomp-dev,rhel_9,ubuntu_noble,0.0,24,2,0,26
libopenblas-dev,arch,debian_bookworm,0.0,18,8,0,26
libopenblas-dev,arch,ubuntu_focal,0.0,18,7,0,25
libopenblas-dev,arch,ubuntu_jammy,0.0,18,7,0,25
libopenblas-dev,arch,ubuntu_noble,0.0,18,7,0,25
libopenblas-dev,debian_bookworm,fedora_42,0.0,8,22,0,30
libopenblas-dev,debian_bookworm,fedora_43,0.0,8,22,0,30
libopenblas-dev,debian_bookworm,rhel_8,0.0,8,24,0,32
libopenblas-dev,debian_bookworm,rhel_9,0.0,8,24,0,32
libopenblas-dev,fedora_42,ubuntu_focal,0.0,22,7,0,29
libopenblas-dev,fedora_42,ubuntu_jammy,0.0,22,7,0,29
libopenblas-dev,fedora_42,ubuntu_noble,0.0,22,7,0,29
libopenblas-dev,fedora_43,ubuntu_focal,0.0,22,7,0,29
libopenblas-dev,fedora_43,ubuntu_jammy,0.0,22,7,0,29
libopenblas-dev,fedora_43,ubuntu_noble,0.0,22,7,0,29
libopenblas-dev,rhel_8,ubuntu_focal,0.0,24,7,0,31
libopenblas-dev,rhel_8,ubuntu_jammy,0.0,24,7,0,31
libopenblas-dev,rhel_8,ubuntu_noble,0.0,24,7,0,31
libopenblas-dev,rhel_9,ubuntu_focal,0.0,24,7,0,31
libopenblas-dev,rhel_9,ubuntu_jammy,0.0,24,7,0,31
libopenblas-dev,rhel_9,ubuntu_noble,0.0,24,7,0,31
libopencv-dev,alpine_edge,debian_bookworm,0.0,358,14,0,372
libopencv-dev,alpine_edge,opensuse_15.2,0.0,358,240,0,598
libopencv-dev,alpine_edge,ubuntu_focal,0.0,358,18,0,376
libopencv-dev,alpine_edge,ubuntu_jammy,0.0,358,18,0,376
libopencv-dev,alpine_edge,ubuntu_noble,0.0,358,15,0,373
libopencv-dev,arch,opensuse_15.2,0.0,810,240,0,1050
libopencv-dev,debian_bookworm,fedora_42,0.0,14,700,0,714
libopencv-dev,debian_bookworm,fedora_43,0.0,14,700,0,714
libopencv-dev,debian_bookworm,opensuse_15.2,0.0,14,240,0,254
libopencv-dev,debian_bookworm,rhel_8,0.0,14,500,0,514
libopencv-dev,debian_bookworm,rhel_9,0.0,14,612,0,626
libopencv-dev,fedora_42,ubuntu_focal,0.0,700,18,0,718
libopencv-dev,fedora_42,ubuntu_jammy,0.0,700,18,0,718
libopencv-dev,fedora_42,ubuntu_noble,0.0,700,15,0,715
libopencv-dev,fedora_43,ubuntu_focal,0.0,700,18,0,718
libopencv-dev,fedora_43,ubuntu_jammy,0.0,700,18,0,718
libopencv-dev,fedora_43,ubuntu_noble,0.0,700,15,0,715
libopencv-dev,opensuse_15.2,ubuntu_focal,0.0,240,18,0,258
libopencv-dev,opensuse_15.2,ubuntu_jammy,0.0,240,18,0,258
libopencv-dev,opensuse_15.2,ubuntu_noble,0.0,240,15,0,255
libopencv-dev,rhel_8,ubuntu_focal,0.0,500,18,0,518
libopencv-dev,rhel_8,ubuntu_jammy,0.0,500,18,0,518
libopencv-dev,rhel_8,ubuntu_noble,0.0,500,15,0,515
libopencv-dev,rhel_9,ubuntu_focal,0.0,612,18,0,630
libopencv-dev,rhel_9,ubuntu_jammy,0.0,612,18,0,630
libopencv-dev,rhel_9,ubuntu_noble,0.0,612,15,0,627
libopencv-imgproc-dev,debian_bookworm,rhel_8,0.0,14,500,0,514
libopencv-imgproc-dev,rhel_8,ubuntu_focal,0.0,500,12,0,512
libopencv-imgproc-dev,rhel_8,ubuntu_jammy,0.0,500,14,0,514
libopencv-imgproc-dev,rhel_8,ubuntu_noble,0.0,500,14,0,514
libopenni-sensor-primesense-dev,debian_bookworm,fedora_42,0.0,9,15,0,24
libopenni-sensor-primesense-dev,debian_bookworm,fedora_43,0.0,9,16,0,25
libopenni-sensor-primesense-dev,fedora_42,ubuntu_focal,0.0,15,8,0,23
libopenni-sensor-primesense-dev,fedora_42,ubuntu_jammy,0.0,15,8,0,23
libopenni-sensor-primesense-dev,fedora_42,ubuntu_noble,0.0,15,8,0,23
libopenni-sensor-primesense-dev,fedora_43,ubuntu_focal,0.0,16,8,0,24
libopenni-sensor-primesense-dev,fedora_43,ubuntu_jammy,0.0,16,8,0,24
libopenni-sensor-primesense-dev,fedora_43,ubuntu_noble,0.0,16,8,0,24
libopenni2-dev,debian_bookworm,fedora_42,0.0,72,76,0,148
libopenni2-dev,debian_bookworm,fedora_43,0.0,72,76,0,148
libopenni2-dev,debian_bookworm,rhel_8,0.0,72,2,0,74
libopenni2-dev,debian_bookworm,rhel_9,0.0,72,2,0,74
libopenni2-dev,fedora_42,rhel_8,0.0,76,2,0,78
libopenni2-dev,fedora_42,rhel_9,0.0,76,2,0,78
libopenni2-dev,fedora_42,ubuntu_focal,0.0,76,70,0,146
libopenni2-dev,fedora_42,ubuntu_jammy,0.0,76,70,0,146
libopenni2-dev,fedora_42,ubuntu_noble,0.0,76,70,0,146
libopenni2-dev,fedora_43,rhel_8,0.0,76,2,0,78
libopenni2-dev,fedora_43,rhel_9,0.0,76,2,0,78
libopenni2-dev,fedora_43,ubuntu_focal,0.0,76,70,0,146
libopenni2-dev,fedora_43,ubuntu_jammy,0.0,76,70,0,146
libopenni2-dev,fedora_43,ubuntu_noble,0.0,76,70,0,146
libopenni2-dev,rhel_8,ubuntu_focal,0.0,2,70,0,72
libopenni2-dev,rhel_8,ubuntu_jammy,0.0,2,70,0,72
libopenni2-dev,rhel_8,ubuntu_noble,0.0,2,70,0,72
libopenni2-dev,rhel_9,ubuntu_focal,0.0,2,70,0,72
libopenni2-dev,rhel_9,ubuntu_jammy,0.0,2,70,0,72
libopenni2-dev,rhel_9,ubuntu_noble,0.0,2,70,0,72
liborocos-kdl,rhel_8,ubuntu_focal,0.0,5,4,0,9
liborocos-kdl,rhel_8,ubuntu_jammy,0.0,5,4,0,9
liborocos-kdl,rhel_8,ubuntu_noble,0.0,5,4,0,9
liborocos-kdl,rhel_9,ubuntu_focal,0.0,5,4,0,9
liborocos-kdl,rhel_9,ubuntu_jammy,0.0,5,4,0,9
liborocos-kdl,rhel_9,ubuntu_noble,0.0,5,4,0,9
liborocos-kdl,ubuntu_focal,ubuntu_jammy,0.0,4,4,0,8
liborocos-kdl,ubuntu_focal,ubuntu_noble,0.0,4,4,0,8
libosmesa6-dev,arch,debian_bookworm,0.0,89,8,0,97
libosmesa6-dev,arch,fedora_42,0.0,89,5,0,94
libosmesa6-dev,arch,ubuntu_focal,0.0,89,7,0,96
libosmesa6-dev,arch,ubuntu_jammy,0.0,89,7,0,96
libosmesa6-dev,arch,ubuntu_noble,0.0,89,7,0,96
libpaho-mqtt,alpine_edge,debian_bookworm,0.0,9,11,0,20
libpaho-mqtt,alpine_edge,opensuse_15.2,0.0,9,11,0,20
libpaho-mqtt,alpine_edge,rhel_8,0.0,9,24,0,33
libpaho-mqtt,alpine_edge,rhel_9,0.0,9,24,0,33
libpaho-mqtt,alpine_edge,ubuntu_jammy,0.0,9,11,0,20
libpaho-mqtt,alpine_edge,ubuntu_noble,0.0,9,11,0,20
libpaho-mqtt,debian_bookworm,fedora_42,0.0,11,40,0,51
libpaho-mqtt,debian_bookworm,fedora_43,0.0,11,40,0,51
libpaho-mqtt,debian_bookworm,opensuse_15.2,0.0,11,11,0,22
libpaho-mqtt,debian_bookworm,rhel_8,0.0,11,24,0,35
libpaho-mqtt,debian_bookworm,rhel_9,0.0,11,24,0,35
libpaho-mqtt,fedora_42,ubuntu_jammy,0.0,40,11,0,51
libpaho-mqtt,fedora_42,ubuntu_noble,0.0,40,11,0,51
libpaho-mqtt,fedora_43,ubuntu_jammy,0.0,40,11,0,51
libpaho-mqtt,fedora_43,ubuntu_noble,0.0,40,11,0,51
libpaho-mqtt,opensuse_15.2,ubuntu_jammy,0.0,11,11,0,22
libpaho-mqtt,opensuse_15.2,ubuntu_noble,0.0,11,11,0,22
libpaho-mqtt,rhel_8,ubuntu_jammy,0.0,24,11,0,35
libpaho-mqtt,rhel_8,ubuntu_noble,0.0,24,11,0,35
libpaho-mqtt,rhel_9,ubuntu_jammy,0.0,24,11,0,35
libpaho-mqtt,rhel_9,ubuntu_noble,0.0,24,11,0,35
libpcl-all-dev,debian_bookworm,fedora_42,0.0,1114,1069,0,2183
libpcl-all-dev,debian_bookworm,fedora_43,0.0,1114,1039,0,2153
libpcl-all-dev,debian_bookworm,rhel_8,0.0,1114,989,0,2103
libpcl-all-dev,debian_bookworm,rhel_9,0.0,1114,1008,0,2122
libpcl-all-dev,fedora_42,ubuntu_focal,0.0,1069,1080,0,2149
libpcl-all-dev,fedora_42,ubuntu_noble,0.0,1069,1113,0,2182
libpcl-all-dev,fedora_43,ubuntu_focal,0.0,1039,1080,0,2119
libpcl-all-dev,fedora_43,ubuntu_jammy,0.0,1039,1108,0,2147
libpcl-all-dev,fedora_43,ubuntu_noble,0.0,1039,1113,0,2152
libpcl-all-dev,rhel_8,ubuntu_focal,0.0,989,1080,0,2069
libpcl-all-dev,rhel_8,ubuntu_jammy,0.0,989,1108,0,2097
libpcl-all-dev,rhel_8,ubuntu_noble,0.0,989,1113,0,2102
libpcl-all-dev,rhel_9,ubuntu_focal,0.0,1008,1080,0,2088
libpcl-all-dev,rhel_9,ubuntu_noble,0.0,1008,1113,0,2121
libpcl-apps,alpine_edge,fedora_42,0.0,12,128,0,140
libpcl-apps,alpine_edge,rhel_8,0.0,12,65,0,77
libpcl-apps,alpine_edge,rhel_9,0.0,12,65,0,77
libpcl-apps,alpine_edge,ubuntu_focal,0.0,12,5,0,17
libpcl-apps,alpine_edge,ubuntu_jammy,0.0,12,4,0,16
libpcl-apps,alpine_edge,ubuntu_noble,0.0,12,4,0,16
libpcl-apps,fedora_42,ubuntu_focal,0.0,128,5,0,133
libpcl-apps,fedora_42,ubuntu_jammy,0.0,128,4,0,132
libpcl-apps,fedora_42,ubuntu_noble,0.0,128,4,0,132
libpcl-apps,fedora_43,ubuntu_focal,0.0,128,5,0,133
libpcl-apps,fedora_43,ubuntu_jammy,0.0,128,4,0,132
libpcl-apps,fedora_43,ubuntu_noble,0.0,128,4,0,132
libpcl-apps,rhel_8,ubuntu_focal,0.0,65,5,0,70
libpcl-apps,rhel_8,ubuntu_jammy,0.0,65,4,0,69
libpcl-apps,rhel_8,ubuntu_noble,0.0,65,4,0,69
libpcl-apps,rhel_9,ubuntu_focal,0.0,65,5,0,70
libpcl-apps,rhel_9,ubuntu_jammy,0.0,65,4,0,69
libpcl-apps,rhel_9,ubuntu_noble,0.0,65,4,0,69
libpcl-apps,ubuntu_focal,ubuntu_jammy,0.0,5,4,0,9
libpcl-apps,ubuntu_focal,ubuntu_noble,0.0,5,4,0,9
libpcl-apps,ubuntu_jammy,ubuntu_noble,0.0,4,4,0,8
libpcl-common,alpine_edge,debian_bookworm,0.0,12,5,0,17
libpcl-common,alpine_edge,fedora_42,0.0,12,128,0,140
libpcl-common,alpine_edge,rhel_8,0.0,12,65,0,77
libpcl-common,alpine_edge,rhel_9,0.0,12,65,0,77
libpcl-common,alpine_edge,ubuntu_focal,0.0,12,4,0,16
libpcl-common,alpine_edge,ubuntu_jammy,0.0,12,4,0,16
libpcl-common,alpine_edge,ubuntu_noble,0.0,12,4,0,16
libpcl-common,debian_bookworm,fedora_42,0.0,5,128,0,133
libpcl-common,debian_bookworm,fedora_43,0.0,5,128,0,133
libpcl-common,debian_bookworm,rhel_8,0.0,5,65,0,70
libpcl-common,debian_bookworm,rhel_9,0.0,5,65,0,70
libpcl-common,debian_bookworm,ubuntu_focal,0.0,5,4,0,9
libpcl-common,debian_bookworm,ubuntu_jammy,0.0,5,4,0,9
libpcl-common,debian_bookworm,ubuntu_noble,0.0,5,4,0,9
libpcl-common,fedora_42,ubuntu_focal,0.0,128,4,0,132
libpcl-common,fedora_42,ubuntu_jammy,0.0,128,4,0,132
libpcl-common,fedora_42,ubuntu_noble,0.0,128,4,0,132
libpcl-common,fedora_43,ubuntu_focal,0.0,128,4,0,132
libpcl-common,fedora_43,ubuntu_jammy,0.0,128,4,0,132
libpcl-common,fedora_43,ubuntu_noble,0.0,128,4,0,132
libpcl-common,rhel_8,ubuntu_focal,0.0,65,4,0,69
libpcl-common,rhel_8,ubuntu_jammy,0.0,65,4,0,69
libpcl-common,rhel_8,ubuntu_noble,0.0,65,4,0,69
libpcl-common,rhel_9,ubuntu_focal,0.0,65,4,0,69
libpcl-common,rhel_9,ubuntu_jammy,0.0,65,4,0,69
libpcl-common,rhel_9,ubuntu_noble,0.0,65,4,0,69
libpcl-common,ubuntu_focal,ubuntu_jammy,0.0,4,4,0,8
libpcl-common,ubuntu_focal,ubuntu_noble,0.0,4,4,0,8
libpcl-common,ubuntu_jammy,ubuntu_noble,0.0,4,4,0,8
libpcl-features,alpine_edge,debian_bookworm,0.0,12,5,0,17
libpcl-features,alpine_edge,fedora_42,0.0,12,128,0,140
libpcl-features,alpine_edge,rhel_8,0.0,12,65,0,77
libpcl-features,alpine_edge,rhel_9,0.0,12,65,0,77
libpcl-features,alpine_edge,ubuntu_focal,0.0,12,5,0,17
libpcl-features,alpine_edge,ubuntu_jammy,0.0,12,4,0,16
libpcl-features,alpine_edge,ubuntu_noble,0.0,12,4,0,16
libpcl-features,debian_bookworm,fedora_42,0.0,5,128,0,133
libpcl-features,debian_bookworm,fedora_43,0.0,5,128,0,133
libpcl-features,debian_bookworm,rhel_8,0.0,5,65,0,70
libpcl-features,debian_bookworm,rhel_9,0.0,5,65,0,70
libpcl-features,debian_bookworm,ubuntu_focal,0.0,5,5,0,10
libpcl-features,debian_bookworm,ubuntu_jammy,0.0,5,4,0,9
libpcl-features,debian_bookworm,ubuntu_noble,0.0,5,4,0,9
libpcl-features,fedora_42,ubuntu_focal,0.0,128,5,0,133
libpcl-features,fedora_42,ubuntu_jammy,0.0,128,4,0,132
libpcl-features,fedora_42,ubuntu_noble,0.0,128,4,0,132
libpcl-features,fedora_43,ubuntu_focal,0.0,128,5,0,133
libpcl-features,fedora_43,ubuntu_jammy,0.0,128,4,0,132
libpcl-features,fedora_43,ubuntu_noble,0.0,128,4,0,132
libpcl-features,rhel_8,ubuntu_focal,0.0,65,5,0,70
libpcl-features,rhel_8,ubuntu_jammy,0.0,65,4,0,69
libpcl-features,rhel_8,ubuntu_noble,0.0,65,4,0,69
libpcl-features,rhel_9,ubuntu_focal,0.0,65,5,0,70
libpcl-features,rhel_9,ubuntu_jammy,0.0,65,4,0,69
libpcl-features,rhel_9,ubuntu_noble,0.0,65,4,0,69
libpcl-features,ubuntu_focal,ubuntu_jammy,0.0,5,4,0,9
libpcl-features,ubuntu_focal,ubuntu_noble,0.0,5,4,0,9
libpcl-features,ubuntu_jammy,ubuntu_noble,0.0,4,4,0,8
libpcl-filters,alpine_edge,debian_bookworm,0.0,12,5,0,17
libpcl-filters,alpine_edge,fedora_42,0.0,12,128,0,140
libpcl-filters,alpine_edge,rhel_8,0.0,12,65,0,77
libpcl-filters,alpine_edge,rhel_9,0.0,12,65,0,77
libpcl-filters,alpine_edge,ubuntu_focal,0.0,12,5,0,17
libpcl-filters,alpine_edge,ubuntu_jammy,0.0,12,4,0,16
libpcl-filters,alpine_edge,ubuntu_noble,0.0,12,4,0,16
libpcl-filters,debian_bookworm,fedora_42,0.0,5,128,0,133
libpcl-filters,debian_bookworm,fedora_43,0.0,5,128,0,133
libpcl-filters,debian_bookworm,rhel_8,0.0,5,65,0,70
libpcl-filters,debian_bookworm,rhel_9,0.0,5,65,0,70
libpcl-filters,debian_bookworm,ubuntu_focal,0.0,5,5,0,10
libpcl-filters,debian_bookworm,ubuntu_jammy,0.0,5,4,0,9
libpcl-filters,debian_bookworm,ubuntu_noble,0.0,5,4,0,9
libpcl-filters,fedora_42,ubuntu_focal,0.0,128,5,0,133
libpcl-filters,fedora_42,ubuntu_jammy,0.0,128,4,0,132
libpcl-filters,fedora_42,ubuntu_noble,0.0,128,4,0,132
libpcl-filters,fedora_43,ubuntu_focal,0.0,128,5,0,133
libpcl-filters,fedora_43,ubuntu_jammy,0.0,128,4,0,132
libpcl-filters,fedora_43,ubuntu_noble,0.0,128,4,0,132
libpcl-filters,rhel_8,ubuntu_focal,0.0,65,5,0,70
libpcl-filters,rhel_8,ubuntu_jammy,0.0,65,4,0,69
libpcl-filters,rhel_8,ubuntu_noble,0.0,65,4,0,69
libpcl-filters,rhel_9,ubuntu_focal,0.0,65,5,0,70
libpcl-filters,rhel_9,ubuntu_jammy,0.0,65,4,0,69
libpcl-filters,rhel_9,ubuntu_noble,0.0,65,4,0,69
libpcl-filters,ubuntu_focal,ubuntu_jammy,0.0,5,4,0,9
libpcl-filters,ubuntu_focal,ubuntu_noble,0.0,5,4,0,9
libpcl-filters,ubuntu_jammy,ubuntu_noble,0.0,4,4,0,8
libpcl-io,alpine_edge,debian_bookworm,0.0,12,7,0,19
libpcl-io,alpine_edge,fedora_42,0.0,12,128,0,140
libpcl-io,alpine_edge,rhel_8,0.0,12,65,0,77
libpcl-io,alpine_edge,rhel_9,0.0,12,65,0,77
libpcl-io,alpine_edge,ubuntu_focal,0.0,12,7,0,19
libpcl-io,alpine_edge,ubuntu_jammy,0.0,12,6,0,18
libpcl-io,alpine_edge,ubuntu_noble,0.0,12,6,0,18
libpcl-io,debian_bookworm,fedora_42,0.0,7,128,0,135
libpcl-io,debian_bookworm,fedora_43,0.0,7,128,0,135
libpcl-io,debian_bookworm,rhel_8,0.0,7,65,0,72
libpcl-io,debian_bookworm,rhel_9,0.0,7,65,0,72
libpcl-io,debian_bookworm,ubuntu_focal,0.0,7,7,0,14
libpcl-io,debian_bookworm,ubuntu_jammy,0.0,7,6,0,13
libpcl-io,debian_bookworm,ubuntu_noble,0.0,7,6,0,13
libpcl-io,fedora_42,ubuntu_focal,0.0,128,7,0,135
libpcl-io,fedora_42,ubuntu_jammy,0.0,128,6,0,134
libpcl-io,fedora_42,ubuntu_noble,0.0,128,6,0,134
libpcl-io,fedora_43,ubuntu_focal,0.0,128,7,0,135
libpcl-io,fedora_43,ubuntu_jammy,0.0,128,6,0,134
libpcl-io,fedora_43,ubuntu_noble,0.0,128,6,0,134
libpcl-io,rhel_8,ubuntu_focal,0.0,65,7,0,72
libpcl-io,rhel_8,ubuntu_jammy,0.0,65,6,0,71
libpcl-io,rhel_8,ubuntu_noble,0.0,65,6,0,71
libpcl-io,rhel_9,ubuntu_focal,0.0,65,7,0,72
libpcl-io,rhel_9,ubuntu_jammy,0.0,65,6,0,71
libpcl-io,rhel_9,ubuntu_noble,0.0,65,6,0,71
libpcl-io,ubuntu_focal,ubuntu_jammy,0.0,7,6,0,13
libpcl-io,ubuntu_focal,ubuntu_noble,0.0,7,6,0,13
libpcl-io,ubuntu_jammy,ubuntu_noble,0.0,6,6,0,12
libpcl-kdtree,alpine_edge,fedora_42,0.0,12,128,0,140
libpcl-kdtree,alpine_edge,rhel_8,0.0,12,65,0,77
libpcl-kdtree,alpine_edge,rhel_9,0.0,12,65,0,77
libpcl-kdtree,alpine_edge,ubuntu_focal,0.0,12,5,0,17
libpcl-kdtree,alpine_edge,ubuntu_jammy,0.0,12,4,0,16
libpcl-kdtree,alpine_edge,ubuntu_noble,0.0,12,4,0,16
libpcl-kdtree,fedora_42,ubuntu_focal,0.0,128,5,0,133
libpcl-kdtree,fedora_42,ubuntu_jammy,0.0,128,4,0,132
libpcl-kdtree,fedora_42,ubuntu_noble,0.0,128,4,0,132
libpcl-kdtree,fedora_43,ubuntu_focal,0.0,128,5,0,133
libpcl-kdtree,fedora_43,ubuntu_jammy,0.0,128,4,0,132
libpcl-kdtree,fedora_43,ubuntu_noble,0.0,128,4,0,132
libpcl-kdtree,rhel_8,ubuntu_focal,0.0,65,5,0,70
libpcl-kdtree,rhel_8,ubuntu_jammy,0.0,65,4,0,69
libpcl-kdtree,rhel_8,ubuntu_noble,0.0,65,4,0,69
libpcl-kdtree,rhel_9,ubuntu_focal,0.0,65,5,0,70
libpcl-kdtree,rhel_9,ubuntu_jammy,0.0,65,4,0,69
libpcl-kdtree,rhel_9,ubuntu_noble,0.0,65,4,0,69
libpcl-kdtree,ubuntu_focal,ubuntu_jammy,0.0,5,4,0,9
libpcl-kdtree,ubuntu_focal,ubuntu_noble,0.0,5,4,0,9
libpcl-kdtree,ubuntu_jammy,ubuntu_noble,0.0,4,4,0,8
libpcl-keypoints,alpine_edge,fedora_42,0.0,12,128,0,140
libpcl-keypoints,alpine_edge,rhel_8,0.0,12,65,0,77
libpcl-keypoints,alpine_edge,rhel_9,0.0,12,65,0,77
libpcl-keypoints,alpine_edge,ubuntu_focal,0.0,12,5,0,17
libpcl-keypoints,alpine_edge,ubuntu_jammy,0.0,12,4,0,16
libpcl-keypoints,alpine_edge,ubuntu_noble,0.0,12,4,0,16
libpcl-keypoints,fedora_42,ubuntu_focal,0.0,128,5,0,133
libpcl-keypoints,fedora_42,ubuntu_jammy,0.0,128,4,0,132
libpcl-keypoints,fedora_42,ubuntu_noble,0.0,128,4,0,132
libpcl-keypoints,fedora_43,ubuntu_focal,0.0,128,5,0,133
libpcl-keypoints,fedora_43,ubuntu_jammy,0.0,128,4,0,132
libpcl-keypoints,fedora_43,ubuntu_noble,0.0,128,4,0,132
libpcl-keypoints,rhel_8,ubuntu_focal,0.0,65,5,0,70
libpcl-keypoints,rhel_8,ubuntu_jammy,0.0,65,4,0,69
libpcl-keypoints,rhel_8,ubuntu_noble,0.0,65,4,0,69
libpcl-keypoints,rhel_9,ubuntu_focal,0.0,65,5,0,70
libpcl-keypoints,rhel_9,ubuntu_jammy,0.0,65,4,0,69
libpcl-keypoints,rhel_9,ubuntu_noble,0.0,65,4,0,69
libpcl-keypoints,ubuntu_focal,ubuntu_jammy,0.0,5,4,0,9
libpcl-keypoints,ubuntu_focal,ubuntu_noble,0.0,5,4,0,9
libpcl-keypoints,ubuntu_jammy,ubuntu_noble,0.0,4,4,0,8
libpcl-ml,alpine_edge,fedora_42,0.0,12,128,0,140
libpcl-ml,alpine_edge,rhel_8,0.0,12,65,0,77
libpcl-ml,alpine_edge,rhel_9,0.0,12,65,0,77
libpcl-ml,alpine_edge,ubuntu_focal,0.0,12,4,0,16
libpcl-ml,alpine_edge,ubuntu_jammy,0.0,12,4,0,16
libpcl-ml,alpine_edge,ubuntu_noble,0.0,12,4,0,16
libpcl-ml,fedora_42,ubuntu_focal,0.0,128,4,0,132
libpcl-ml,fedora_42,ubuntu_jammy,0.0,128,4,0,132
libpcl-ml,fedora_42,ubuntu_noble,0.0,128,4,0,132
libpcl-ml,fedora_43,ubuntu_focal,0.0,128,4,0,132
libpcl-ml,fedora_43,ubuntu_jammy,0.0,128,4,0,132
libpcl-ml,fedora_43,ubuntu_noble,0.0,128,4,0,132
libpcl-ml,rhel_8,ubuntu_focal,0.0,65,4,0,69
libpcl-ml,rhel_8,ubuntu_jammy,0.0,65,4,0,69
libpcl-ml,rhel_8,ubuntu_noble,0.0,65,4,0,69
libpcl-ml,rhel_9,ubuntu_focal,0.0,65,4,0,69
libpcl-ml,rhel_9,ubuntu_jammy,0.0,65,4,0,69
libpcl-ml,rhel_9,ubuntu_noble,0.0,65,4,0,69
libpcl-ml,ubuntu_focal,ubuntu_jammy,0.0,4,4,0,8
libpcl-ml,ubuntu_focal,ubuntu_noble,0.0,4,4,0,8
libpcl-ml,ubuntu_jammy,ubuntu_noble,0.0,4,4,0,8
libpcl-octree,alpine_edge,fedora_42,0.0,12,128,0,140
libpcl-octree,alpine_edge,rhel_8,0.0,12,65,0,77
libpcl-octree,alpine_edge,rhel_9,0.0,12,65,0,77
libpcl-octree,alpine_edge,ubuntu_focal,0.0,12,5,0,17
libpcl-octree,alpine_edge,ubuntu_jammy,0.0,12,4,0,16
libpcl-octree,alpine_edge,ubuntu_noble,0.0,12,4,0,16
libpcl-octree,fedora_42,ubuntu_focal,0.0,128,5,0,133
libpcl-octree,fedora_42,ubuntu_jammy,0.0,128,4,0,132
libpcl-octree,fedora_42,ubuntu_noble,0.0,128,4,0,132
libpcl-octree,fedora_43,ubuntu_focal,0.0,128,5,0,133
libpcl-octree,fedora_43,ubuntu_jammy,0.0,128,4,0,132
libpcl-octree,fedora_43,ubuntu_noble,0.0,128,4,0,132
libpcl-octree,rhel_8,ubuntu_focal,0.0,65,5,0,70
libpcl-octree,rhel_8,ubuntu_jammy,0.0,65,4,0,69
libpcl-octree,rhel_8,ubuntu_noble,0.0,65,4,0,69
libpcl-octree,rhel_9,ubuntu_focal,0.0,65,5,0,70
libpcl-octree,rhel_9,ubuntu_jammy,0.0,65,4,0,69
libpcl-octree,rhel_9,ubuntu_noble,0.0,65,4,0,69
libpcl-octree,ubuntu_focal,ubuntu_jammy,0.0,5,4,0,9
libpcl-octree,ubuntu_focal,ubuntu_noble,0.0,5,4,0,9
libpcl-octree,ubuntu_jammy,ubuntu_noble,0.0,4,4,0,8
libpcl-outofcore,alpine_edge,fedora_42,0.0,12,128,0,140
libpcl-outofcore,alpine_edge,rhel_8,0.0,12,65,0,77
libpcl-outofcore,alpine_edge,rhel_9,0.0,12,65,0,77
libpcl-outofcore,alpine_edge,ubuntu_focal,0.0,12,5,0,17
libpcl-outofcore,alpine_edge,ubuntu_jammy,0.0,12,4,0,16
libpcl-outofcore,alpine_edge,ubuntu_noble,0.0,12,4,0,16
libpcl-outofcore,fedora_42,ubuntu_focal,0.0,128,5,0,133
libpcl-outofcore,fedora_42,ubuntu_jammy,0.0,128,4,0,132
libpcl-outofcore,fedora_42,ubuntu_noble,0.0,128,4,0,132
libpcl-outofcore,fedora_43,ubuntu_focal,0.0,128,5,0,133
libpcl-outofcore,fedora_43,ubuntu_jammy,0.0,128,4,0,132
libpcl-outofcore,fedora_43,ubuntu_noble,0.0,128,4,0,132
libpcl-outofcore,rhel_8,ubuntu_focal,0.0,65,5,0,70
libpcl-outofcore,rhel_8,ubuntu_jammy,0.0,65,4,0,69
libpcl-outofcore,rhel_8,ubuntu_noble,0.0,65,4,0,69
libpcl-outofcore,rhel_9,ubuntu_focal,0.0,65,5,0,70
libpcl-outofcore,rhel_9,ubuntu_jammy,0.0,65,4,0,69
libpcl-outofcore,rhel_9,ubuntu_noble,0.0,65,4,0,69
libpcl-outofcore,ubuntu_focal,ubuntu_jammy,0.0,5,4,0,9
libpcl-outofcore,ubuntu_focal,ubuntu_noble,0.0,5,4,0,9
libpcl-outofcore,ubuntu_jammy,ubuntu_noble,0.0,4,4,0,8
libpcl-people,alpine_edge,fedora_42,0.0,12,128,0,140
libpcl-people,alpine_edge,rhel_8,0.0,12,65,0,77
libpcl-people,alpine_edge,rhel_9,0.0,12,65,0,77
libpcl-people,alpine_edge,ubuntu_focal,0.0,12,5,0,17
libpcl-people,alpine_edge,ubuntu_jammy,0.0,12,4,0,16
libpcl-people,alpine_edge,ubuntu_noble,0.0,12,4,0,16
libpcl-people,fedora_42,ubuntu_focal,0.0,128,5,0,133
libpcl-people,fedora_42,ubuntu_jammy,0.0,128,4,0,132
libpcl-people,fedora_42,ubuntu_noble,0.0,128,4,0,132
libpcl-people,fedora_43,ubuntu_focal,0.0,128,5,0,133
libpcl-people,fedora_43,ubuntu_jammy,0.0,128,4,0,132
libpcl-people,fedora_43,ubuntu_noble,0.0,128,4,0,132
libpcl-people,rhel_8,ubuntu_focal,0.0,65,5,0,70
libpcl-people,rhel_8,ubuntu_jammy,0.0,65,4,0,69
libpcl-people,rhel_8,ubuntu_noble,0.0,65,4,0,69
libpcl-people,rhel_9,ubuntu_focal,0.0,65,5,0,70
libpcl-people,rhel_9,ubuntu_jammy,0.0,65,4,0,69
libpcl-people,rhel_9,ubuntu_noble,0.0,65,4,0,69
libpcl-people,ubuntu_focal,ubuntu_jammy,0.0,5,4,0,9
libpcl-people,ubuntu_focal,ubuntu_noble,0.0,5,4,0,9
libpcl-people,ubuntu_jammy,ubuntu_noble,0.0,4,4,0,8
libpcl-recognition,alpine_edge,fedora_42,0.0,12,128,0,140
libpcl-recognition,alpine_edge,rhel_8,0.0,12,65,0,77
libpcl-recognition,alpine_edge,rhel_9,0.0,12,65,0,77
libpcl-recognition,alpine_edge,ubuntu_focal,0.0,12,5,0,17
libpcl-recognition,alpine_edge,ubuntu_jammy,0.0,12,4,0,16
libpcl-recognition,alpine_edge,ubuntu_noble,0.0,12,4,0,16
libpcl-recognition,fedora_42,ubuntu_focal,0.0,128,5,0,133
libpcl-recognition,fedora_42,ubuntu_jammy,0.0,128,4,0,132
libpcl-recognition,fedora_42,ubuntu_noble,0.0,128,4,0,132
libpcl-recognition,fedora_43,ubuntu_focal,0.0,128,5,0,133
libpcl-recognition,fedora_43,ubuntu_jammy,0.0,128,4,0,132
libpcl-recognition,fedora_43,ubuntu_noble,0.0,128,4,0,132
libpcl-recognition,rhel_8,ubuntu_focal,0.0,65,5,0,70
libpcl-recognition,rhel_8,ubuntu_jammy,0.0,65,4,0,69
libpcl-recognition,rhel_8,ubuntu_noble,0.0,65,4,0,69
libpcl-recognition,rhel_9,ubuntu_focal,0.0,65,5,0,70
libpcl-recognition,rhel_9,ubuntu_jammy,0.0,65,4,0,69
libpcl-recognition,rhel_9,ubuntu_noble,0.0,65,4,0,69
libpcl-recognition,ubuntu_focal,ubuntu_jammy,0.0,5,4,0,9
libpcl-recognition,ubuntu_focal,ubuntu_noble,0.0,5,4,0,9
libpcl-recognition,ubuntu_jammy,ubuntu_noble,0.0,4,4,0,8
libpcl-registration,alpine_edge,fedora_42,0.0,12,128,0,140
libpcl-registration,alpine_edge,rhel_8,0.0,12,65,0,77
libpcl-registration,alpine_edge,rhel_9,0.0,12,65,0,77
libpcl-registration,alpine_edge,ubuntu_focal,0.0,12,5,0,17
libpcl-registration,alpine_edge,ubuntu_jammy,0.0,12,4,0,16
libpcl-registration,alpine_edge,ubuntu_noble,0.0,12,4,0,16
libpcl-registration,fedora_42,ubuntu_focal,0.0,128,5,0,133
libpcl-registration,fedora_42,ubuntu_jammy,0.0,128,4,0,132
libpcl-registration,fedora_42,ubuntu_noble,0.0,128,4,0,132
libpcl-registration,fedora_43,ubuntu_focal,0.0,128,5,0,133
libpcl-registration,fedora_43,ubuntu_jammy,0.0,128,4,0,132
libpcl-registration,fedora_43,ubuntu_noble,0.0,128,4,0,132
libpcl-registration,rhel_8,ubuntu_focal,0.0,65,5,0,70
libpcl-registration,rhel_8,ubuntu_jammy,0.0,65,4,0,69
libpcl-registration,rhel_8,ubuntu_noble,0.0,65,4,0,69
libpcl-registration,rhel_9,ubuntu_focal,0.0,65,5,0,70
libpcl-registration,rhel_9,ubuntu_jammy,0.0,65,4,0,69
libpcl-registration,rhel_9,ubuntu_noble,0.0,65,4,0,69
libpcl-registration,ubuntu_focal,ubuntu_jammy,0.0,5,4,0,9
libpcl-registration,ubuntu_focal,ubuntu_noble,0.0,5,4,0,9
libpcl-registration,ubuntu_jammy,ubuntu_noble,0.0,4,4,0,8
libpcl-sample-consensus,alpine_edge,fedora_42,0.0,12,128,0,140
libpcl-sample-consensus,alpine_edge,rhel_8,0.0,12,65,0,77
libpcl-sample-consensus,alpine_edge,rhel_9,0.0,12,65,0,77
libpcl-sample-consensus,alpine_edge,ubuntu_focal,0.0,12,5,0,17
libpcl-sample-consensus,alpine_edge,ubuntu_jammy,0.0,12,4,0,16
libpcl-sample-consensus,alpine_edge,ubuntu_noble,0.0,12,4,0,16
libpcl-sample-consensus,fedora_42,ubuntu_focal,0.0,128,5,0,133
libpcl-sample-consensus,fedora_42,ubuntu_jammy,0.0,128,4,0,132
libpcl-sample-consensus,fedora_42,ubuntu_noble,0.0,128,4,0,132
libpcl-sample-consensus,fedora_43,ubuntu_focal,0.0,128,5,0,133
libpcl-sample-consensus,fedora_43,ubuntu_jammy,0.0,128,4,0,132
libpcl-sample-consensus,fedora_43,ubuntu_noble,0.0,128,4,0,132
libpcl-sample-consensus,rhel_8,ubuntu_focal,0.0,65,5,0,70
libpcl-sample-consensus,rhel_8,ubuntu_jammy,0.0,65,4,0,69
libpcl-sample-consensus,rhel_8,ubuntu_noble,0.0,65,4,0,69
libpcl-sample-consensus,rhel_9,ubuntu_focal,0.0,65,5,0,70
libpcl-sample-consensus,rhel_9,ubuntu_jammy,0.0,65,4,0,69
libpcl-sample-consensus,rhel_9,ubuntu_noble,0.0,65,4,0,69
libpcl-sample-consensus,ubuntu_focal,ubuntu_jammy,0.0,5,4,0,9
libpcl-sample-consensus,ubuntu_focal,ubuntu_noble,0.0,5,4,0,9
libpcl-sample-consensus,ubuntu_jammy,ubuntu_noble,0.0,4,4,0,8
libpcl-search,alpine_edge,fedora_42,0.0,12,128,0,140
libpcl-search,alpine_edge,rhel_8,0.0,12,65,0,77
libpcl-search,alpine_edge,rhel_9,0.0,12,65,0,77
libpcl-search,alpine_edge,ubuntu_focal,0.0,12,5,0,17
libpcl-search,alpine_edge,ubuntu_jammy,0.0,12,4,0,16
libpcl-search,alpine_edge,ubuntu_noble,0.0,12,4,0,16
libpcl-search,fedora_42,ubuntu_focal,0.0,128,5,0,133
libpcl-search,fedora_42,ubuntu_jammy,0.0,128,4,0,132
libpcl-search,fedora_42,ubuntu_noble,0.0,128,4,0,132
libpcl-search,fedora_43,ubuntu_focal,0.0,128,5,0,133
libpcl-search,fedora_43,ubuntu_jammy,0.0,128,4,0,132
libpcl-search,fedora_43,ubuntu_noble,0.0,128,4,0,132
libpcl-search,rhel_8,ubuntu_focal,0.0,65,5,0,70
libpcl-search,rhel_8,ubuntu_jammy,0.0,65,4,0,69
libpcl-search,rhel_8,ubuntu_noble,0.0,65,4,0,69
libpcl-search,rhel_9,ubuntu_focal,0.0,65,5,0,70
libpcl-search,rhel_9,ubuntu_jammy,0.0,65,4,0,69
libpcl-search,rhel_9,ubuntu_noble,0.0,65,4,0,69
libpcl-search,ubuntu_focal,ubuntu_jammy,0.0,5,4,0,9
libpcl-search,ubuntu_focal,ubuntu_noble,0.0,5,4,0,9
libpcl-search,ubuntu_jammy,ubuntu_noble,0.0,4,4,0,8
libpcl-segmentation,alpine_edge,debian_bookworm,0.0,12,5,0,17
libpcl-segmentation,alpine_edge,fedora_42,0.0,12,128,0,140
libpcl-segmentation,alpine_edge,rhel_8,0.0,12,65,0,77
libpcl-segmentation,alpine_edge,rhel_9,0.0,12,65,0,77
libpcl-segmentation,alpine_edge,ubuntu_focal,0.0,12,5,0,17
libpcl-segmentation,alpine_edge,ubuntu_jammy,0.0,12,4,0,16
libpcl-segmentation,alpine_edge,ubuntu_noble,0.0,12,4,0,16
libpcl-segmentation,debian_bookworm,fedora_42,0.0,5,128,0,133
libpcl-segmentation,debian_bookworm,fedora_43,0.0,5,128,0,133
libpcl-segmentation,debian_bookworm,rhel_8,0.0,5,65,0,70
libpcl-segmentation,debian_bookworm,rhel_9,0.0,5,65,0,70
libpcl-segmentation,debian_bookworm,ubuntu_focal,0.0,5,5,0,10
libpcl-segmentation,debian_bookworm,ubuntu_jammy,0.0,5,4,0,9
libpcl-segmentation,debian_bookworm,ubuntu_noble,0.0,5,4,0,9
libpcl-segmentation,fedora_42,ubuntu_focal,0.0,128,5,0,133
libpcl-segmentation,fedora_42,ubuntu_jammy,0.0,128,4,0,132
libpcl-segmentation,fedora_42,ubuntu_noble,0.0,128,4,0,132
libpcl-segmentation,fedora_43,ubuntu_focal,0.0,128,5,0,133
libpcl-segmentation,fedora_43,ubuntu_jammy,0.0,128,4,0,132
libpcl-segmentation,fedora_43,ubuntu_noble,0.0,128,4,0,132
libpcl-segmentation,rhel_8,ubuntu_focal,0.0,65,5,0,70
libpcl-segmentation,rhel_8,ubuntu_jammy,0.0,65,4,0,69
libpcl-segmentation,rhel_8,ubuntu_noble,0.0,65,4,0,69
libpcl-segmentation,rhel_9,ubuntu_focal,0.0,65,5,0,70
libpcl-segmentation,rhel_9,ubuntu_jammy,0.0,65,4,0,69
libpcl-segmentation,rhel_9,ubuntu_noble,0.0,65,4,0,69
libpcl-segmentation,ubuntu_focal,ubuntu_jammy,0.0,5,4,0,9
libpcl-segmentation,ubuntu_focal,ubuntu_noble,0.0,5,4,0,9
libpcl-segmentation,ubuntu_jammy,ubuntu_noble,0.0,4,4,0,8
libpcl-stereo,alpine_edge,fedora_42,0.0,12,128,0,140
libpcl-stereo,alpine_edge,rhel_8,0.0,12,65,0,77
libpcl-stereo,alpine_edge,rhel_9,0.0,12,65,0,77
libpcl-stereo,alpine_edge,ubuntu_focal,0.0,12,5,0,17
libpcl-stereo,alpine_edge,ubuntu_jammy,0.0,12,4,0,16
libpcl-stereo,alpine_edge,ubuntu_noble,0.0,12,4,0,16
libpcl-stereo,fedora_42,ubuntu_focal,0.0,128,5,0,133
libpcl-stereo,fedora_42,ubuntu_jammy,0.0,128,4,0,132
libpcl-stereo,fedora_42,ubuntu_noble,0.0,128,4,0,132
libpcl-stereo,fedora_43,ubuntu_focal,0.0,128,5,0,133
libpcl-stereo,fedora_43,ubuntu_jammy,0.0,128,4,0,132
libpcl-stereo,fedora_43,ubuntu_noble,0.0,128,4,0,132
libpcl-stereo,rhel_8,ubuntu_focal,0.0,65,5,0,70
libpcl-stereo,rhel_8,ubuntu_jammy,0.0,65,4,0,69
libpcl-stereo,rhel_8,ubuntu_noble,0.0,65,4,0,69
libpcl-stereo,rhel_9,ubuntu_focal,0.0,65,5,0,70
libpcl-stereo,rhel_9,ubuntu_jammy,0.0,65,4,0,69
libpcl-stereo,rhel_9,ubuntu_noble,0.0,65,4,0,69
libpcl-stereo,ubuntu_focal,ubuntu_jammy,0.0,5,4,0,9
libpcl-stereo,ubuntu_focal,ubuntu_noble,0.0,5,4,0,9
libpcl-stereo,ubuntu_jammy,ubuntu_noble,0.0,4,4,0,8
libpcl-surface,alpine_edge,debian_bookworm,0.0,12,5,0,17
libpcl-surface,alpine_edge,fedora_42,0.0,12,128,0,140
libpcl-surface,alpine_edge,rhel_8,0.0,12,65,0,77
libpcl-surface,alpine_edge,rhel_9,0.0,12,65,0,77
libpcl-surface,alpine_edge,ubuntu_focal,0.0,12,5,0,17
libpcl-surface,alpine_edge,ubuntu_jammy,0.0,12,4,0,16
libpcl-surface,alpine_edge,ubuntu_noble,0.0,12,4,0,16
libpcl-surface,debian_bookworm,fedora_42,0.0,5,128,0,133
libpcl-surface,debian_bookworm,fedora_43,0.0,5,128,0,133
libpcl-surface,debian_bookworm,rhel_8,0.0,5,65,0,70
libpcl-surface,debian_bookworm,rhel_9,0.0,5,65,0,70
libpcl-surface,debian_bookworm,ubuntu_focal,0.0,5,5,0,10
libpcl-surface,debian_bookworm,ubuntu_jammy,0.0,5,4,0,9
libpcl-surface,debian_bookworm,ubuntu_noble,0.0,5,4,0,9
libpcl-surface,fedora_42,ubuntu_focal,0.0,128,5,0,133
libpcl-surface,fedora_42,ubuntu_jammy,0.0,128,4,0,132
libpcl-surface,fedora_42,ubuntu_noble,0.0,128,4,0,132
libpcl-surface,fedora_43,ubuntu_focal,0.0,128,5,0,133
libpcl-surface,fedora_43,ubuntu_jammy,0.0,128,4,0,132
libpcl-surface,fedora_43,ubuntu_noble,0.0,128,4,0,132
libpcl-surface,rhel_8,ubuntu_focal,0.0,65,5,0,70
libpcl-surface,rhel_8,ubuntu_jammy,0.0,65,4,0,69
libpcl-surface,rhel_8,ubuntu_noble,0.0,65,4,0,69
libpcl-surface,rhel_9,ubuntu_focal,0.0,65,5,0,70
libpcl-surface,rhel_9,ubuntu_jammy,0.0,65,4,0,69
libpcl-surface,rhel_9,ubuntu_noble,0.0,65,4,0,69
libpcl-surface,ubuntu_focal,ubuntu_jammy,0.0,5,4,0,9
libpcl-surface,ubuntu_focal,ubuntu_noble,0.0,5,4,0,9
libpcl-surface,ubuntu_jammy,ubuntu_noble,0.0,4,4,0,8
libpcl-tracking,alpine_edge,fedora_42,0.0,12,128,0,140
libpcl-tracking,alpine_edge,rhel_8,0.0,12,65,0,77
libpcl-tracking,alpine_edge,rhel_9,0.0,12,65,0,77
libpcl-tracking,alpine_edge,ubuntu_focal,0.0,12,5,0,17
libpcl-tracking,alpine_edge,ubuntu_jammy,0.0,12,4,0,16
libpcl-tracking,alpine_edge,ubuntu_noble,0.0,12,4,0,16
libpcl-tracking,fedora_42,ubuntu_focal,0.0,128,5,0,133
libpcl-tracking,fedora_42,ubuntu_jammy,0.0,128,4,0,132
libpcl-tracking,fedora_42,ubuntu_noble,0.0,128,4,0,132
libpcl-tracking,fedora_43,ubuntu_focal,0.0,128,5,0,133
libpcl-tracking,fedora_43,ubuntu_jammy,0.0,128,4,0,132
libpcl-tracking,fedora_43,ubuntu_noble,0.0,128,4,0,132
libpcl-tracking,rhel_8,ubuntu_focal,0.0,65,5,0,70
libpcl-tracking,rhel_8,ubuntu_jammy,0.0,65,4,0,69
libpcl-tracking,rhel_8,ubuntu_noble,0.0,65,4,0,69
libpcl-tracking,rhel_9,ubuntu_focal,0.0,65,5,0,70
libpcl-tracking,rhel_9,ubuntu_jammy,0.0,65,4,0,69
libpcl-tracking,rhel_9,ubuntu_noble,0.0,65,4,0,69
libpcl-tracking,ubuntu_focal,ubuntu_jammy,0.0,5,4,0,9
libpcl-tracking,ubuntu_focal,ubuntu_noble,0.0,5,4,0,9
libpcl-tracking,ubuntu_jammy,ubuntu_noble,0.0,4,4,0,8
libpcl-visualization,alpine_edge,fedora_42,0.0,12,128,0,140
libpcl-visualization,alpine_edge,rhel_8,0.0,12,65,0,77
libpcl-visualization,alpine_edge,rhel_9,0.0,12,65,0,77
libpcl-visualization,alpine_edge,ubuntu_focal,0.0,12,5,0,17
libpcl-visualization,alpine_edge,ubuntu_jammy,0.0,12,4,0,16
libpcl-visualization,alpine_edge,ubuntu_noble,0.0,12,4,0,16
libpcl-visualization,fedora_42,ubuntu_focal,0.0,128,5,0,133
libpcl-visualization,fedora_42,ubuntu_jammy,0.0,128,4,0,132
libpcl-visualization,fedora_42,ubuntu_noble,0.0,128,4,0,132
libpcl-visualization,fedora_43,ubuntu_focal,0.0,128,5,0,133
libpcl-visualization,fedora_43,ubuntu_jammy,0.0,128,4,0,132
libpcl-visualization,fedora_43,ubuntu_noble,0.0,128,4,0,132
libpcl-visualization,rhel_8,ubuntu_focal,0.0,65,5,0,70
libpcl-visualization,rhel_8,ubuntu_jammy,0.0,65,4,0,69
libpcl-visualization,rhel_8,ubuntu_noble,0.0,65,4,0,69
libpcl-visualization,rhel_9,ubuntu_focal,0.0,65,5,0,70
libpcl-visualization,rhel_9,ubuntu_jammy,0.0,65,4,0,69
libpcl-visualization,rhel_9,ubuntu_noble,0.0,65,4,0,69
libpcl-visualization,ubuntu_focal,ubuntu_jammy,0.0,5,4,0,9
libpcl-visualization,ubuntu_focal,ubuntu_noble,0.0,5,4,0,9
libpcl-visualization,ubuntu_jammy,ubuntu_noble,0.0,4,4,0,8
libpcsclite1,arch,debian_bookworm,0.0,29,5,0,34
libpcsclite1,arch,opensuse_15.2,0.0,29,2,0,31
libpcsclite1,arch,ubuntu_focal,0.0,29,4,0,33
libpcsclite1,arch,ubuntu_jammy,0.0,29,4,0,33
libpcsclite1,arch,ubuntu_noble,0.0,29,4,0,33
libpcsclite1,debian_bookworm,fedora_42,0.0,5,9,0,14
libpcsclite1,debian_bookworm,fedora_43,0.0,5,9,0,14
libpcsclite1,debian_bookworm,opensuse_15.2,0.0,5,2,0,7
libpcsclite1,debian_bookworm,rhel_8,0.0,5,7,0,12
libpcsclite1,debian_bookworm,rhel_9,0.0,5,7,0,12
libpcsclite1,fedora_42,ubuntu_focal,0.0,9,4,0,13
libpcsclite1,fedora_42,ubuntu_jammy,0.0,9,4,0,13
libpcsclite1,fedora_42,ubuntu_noble,0.0,9,4,0,13
libpcsclite1,fedora_43,ubuntu_focal,0.0,9,4,0,13
libpcsclite1,fedora_43,ubuntu_jammy,0.0,9,4,0,13
libpcsclite1,fedora_43,ubuntu_noble,0.0,9,4,0,13
libpcsclite1,opensuse_15.2,ubuntu_focal,0.0,2,4,0,6
libpcsclite1,opensuse_15.2,ubuntu_jammy,0.0,2,4,0,6
libpcsclite1,opensuse_15.2,ubuntu_noble,0.0,2,4,0,6
libpcsclite1,rhel_8,ubuntu_focal,0.0,7,4,0,11
libpcsclite1,rhel_8,ubuntu_jammy,0.0,7,4,0,11
libpcsclite1,rhel_8,ubuntu_noble,0.0,7,4,0,11
libpcsclite1,rhel_9,ubuntu_focal,0.0,7,4,0,11
libpcsclite1,rhel_9,ubuntu_jammy,0.0,7,4,0,11
libpcsclite1,rhel_9,ubuntu_noble,0.0,7,4,0,11
libqglviewer-dev-qt5,debian_bookworm,rhel_8,0.0,6,14,0,20
libqglviewer-dev-qt5,rhel_8,ubuntu_focal,0.0,14,5,0,19
libqglviewer-dev-qt5,rhel_8,ubuntu_jammy,0.0,14,5,0,19
libqglviewer-dev-qt5,rhel_8,ubuntu_noble,0.0,14,5,0,19
libqt5-core,alpine_edge,debian_bookworm,0.0,27,7,0,34
libqt5-core,alpine_edge,opensuse_15.2,0.0,27,12,0,39
libqt5-core,alpine_edge,ubuntu_focal,0.0,27,7,0,34
libqt5-core,alpine_edge,ubuntu_jammy,0.0,27,7,0,34
libqt5-core,alpine_edge,ubuntu_noble,0.0,27,7,0,34
libqt5-core,arch,debian_bookworm,0.0,3526,7,0,3533
libqt5-core,arch,opensuse_15.2,0.0,3526,12,0,3538
libqt5-core,arch,ubuntu_focal,0.0,3526,7,0,3533
libqt5-core,arch,ubuntu_jammy,0.0,3526,7,0,3533
libqt5-core,arch,ubuntu_noble,0.0,3526,7,0,3533
libqt5-core,debian_bookworm,fedora_42,0.0,7,208,0,215
libqt5-core,debian_bookworm,fedora_43,0.0,7,208,0,215
libqt5-core,debian_bookworm,opensuse_15.2,0.0,7,12,0,19
libqt5-core,debian_bookworm,rhel_8,0.0,7,230,0,237
libqt5-core,debian_bookworm,rhel_9,0.0,7,208,0,215
libqt5-core,fedora_42,ubuntu_focal,0.0,208,7,0,215
libqt5-core,fedora_42,ubuntu_jammy,0.0,208,7,0,215
libqt5-core,fedora_42,ubuntu_noble,0.0,208,7,0,215
libqt5-core,fedora_43,ubuntu_focal,0.0,208,7,0,215
libqt5-core,fedora_43,ubuntu_jammy,0.0,208,7,0,215
libqt5-core,fedora_43,ubuntu_noble,0.0,208,7,0,215
libqt5-core,opensuse_15.2,ubuntu_focal,0.0,12,7,0,19
libqt5-core,opensuse_15.2,ubuntu_jammy,0.0,12,7,0,19
libqt5-core,opensuse_15.2,ubuntu_noble,0.0,12,7,0,19
libqt5-core,rhel_8,ubuntu_focal,0.0,230,7,0,237
libqt5-core,rhel_8,ubuntu_jammy,0.0,230,7,0,237
libqt5-core,rhel_8,ubuntu_noble,0.0,230,7,0,237
libqt5-core,rhel_9,ubuntu_focal,0.0,208,7,0,215
libqt5-core,rhel_9,ubuntu_jammy,0.0,208,7,0,215
libqt5-core,rhel_9,ubuntu_noble,0.0,208,7,0,215
libqt5-gui,alpine_edge,debian_bookworm,0.0,27,39,0,66
libqt5-gui,alpine_edge,fedora_42,0.0,27,219,0,246
libqt5-gui,alpine_edge,fedora_43,0.0,27,219,0,246
libqt5-gui,alpine_edge,opensuse_15.2,0.0,27,46,0,73
libqt5-gui,alpine_edge,rhel_8,0.0,27,287,0,314
libqt5-gui,alpine_edge,rhel_9,0.0,27,219,0,246
libqt5-gui,alpine_edge,ubuntu_focal,0.0,27,39,0,66
libqt5-gui,alpine_edge,ubuntu_jammy,0.0,27,39,0,66
libqt5-gui,alpine_edge,ubuntu_noble,0.0,27,39,0,66
libqt5-gui,arch,debian_bookworm,0.0,3526,39,0,3565
libqt5-gui,arch,opensuse_15.2,0.0,3526,46,0,3572
libqt5-gui,arch,ubuntu_focal,0.0,3526,39,0,3565
libqt5-gui,arch,ubuntu_jammy,0.0,3526,39,0,3565
libqt5-gui,arch,ubuntu_noble,0.0,3526,39,0,3565
libqt5-gui,debian_bookworm,fedora_42,0.0,39,219,0,258
libqt5-gui,debian_bookworm,fedora_43,0.0,39,219,0,258
libqt5-gui,debian_bookworm,opensuse_15.2,0.0,39,46,0,85
libqt5-gui,debian_bookworm,rhel_8,0.0,39,287,0,326
libqt5-gui,debian_bookworm,rhel_9,0.0,39,219,0,258
libqt5-gui,fedora_42,ubuntu_focal,0.0,219,39,0,258
libqt5-gui,fedora_42,ubuntu_jammy,0.0,219,39,0,258
libqt5-gui,fedora_42,ubuntu_noble,0.0,219,39,0,258
libqt5-gui,fedora_43,ubuntu_focal,0.0,219,39,0,258
libqt5-gui,fedora_43,ubuntu_jammy,0.0,219,39,0,258
libqt5-gui,fedora_43,ubuntu_noble,0.0,219,39,0,258
libqt5-gui,opensuse_15.2,ubuntu_focal,0.0,46,39,0,85
libqt5-gui,opensuse_15.2,ubuntu_jammy,0.0,46,39,0,85
libqt5-gui,opensuse_15.2,ubuntu_noble,0.0,46,39,0,85
libqt5-gui,rhel_8,ubuntu_focal,0.0,287,39,0,326
libqt5-gui,rhel_8,ubuntu_jammy,0.0,287,39,0,326
libqt5-gui,rhel_8,ubuntu_noble,0.0,287,39,0,326
libqt5-gui,rhel_9,ubuntu_focal,0.0,219,39,0,258
libqt5-gui,rhel_9,ubuntu_jammy,0.0,219,39,0,258
libqt5-gui,rhel_9,ubuntu_noble,0.0,219,39,0,258
libqt5-multimedia,arch,debian_bookworm,0.0,337,5,0,342
libqt5-multimedia,arch,ubuntu_focal,0.0,337,5,0,342
libqt5-multimedia,arch,ubuntu_jammy,0.0,337,5,0,342
libqt5-multimedia,arch,ubuntu_noble,0.0,337,5,0,342
libqt5-multimedia,debian_bookworm,fedora_42,0.0,5,97,0,102
libqt5-multimedia,debian_bookworm,fedora_43,0.0,5,97,0,102
libqt5-multimedia,debian_bookworm,rhel_8,0.0,5,97,0,102
libqt5-multimedia,debian_bookworm,rhel_9,0.0,5,97,0,102
libqt5-multimedia,fedora_42,ubuntu_focal,0.0,97,5,0,102
libqt5-multimedia,fedora_42,ubuntu_jammy,0.0,97,5,0,102
libqt5-multimedia,fedora_42,ubuntu_noble,0.0,97,5,0,102
libqt5-multimedia,fedora_43,ubuntu_focal,0.0,97,5,0,102
libqt5-multimedia,fedora_43,ubuntu_jammy,0.0,97,5,0,102
libqt5-multimedia,fedora_43,ubuntu_noble,0.0,97,5,0,102
libqt5-multimedia,rhel_8,ubuntu_focal,0.0,97,5,0,102
libqt5-multimedia,rhel_8,ubuntu_jammy,0.0,97,5,0,102
libqt5-multimedia,rhel_8,ubuntu_noble,0.0,97,5,0,102
libqt5-multimedia,rhel_9,ubuntu_focal,0.0,97,5,0,102
libqt5-multimedia,rhel_9,ubuntu_jammy,0.0,97,5,0,102
libqt5-multimedia,rhel_9,ubuntu_noble,0.0,97,5,0,102
libqt5-opengl-dev,arch,debian_bookworm,0.0,3526,33,0,3559
libqt5-opengl-dev,arch,opensuse_15.2,0.0,3526,39,0,3565
libqt5-opengl-dev,arch,ubuntu_focal,0.0,3526,33,0,3559
libqt5-opengl-dev,arch,ubuntu_jammy,0.0,3526,33,0,3559
libqt5-opengl-dev,arch,ubuntu_noble,0.0,3526,33,0,3559
libqt5-opengl-dev,debian_bookworm,fedora_42,0.0,33,3128,0,3161
libqt5-opengl-dev,debian_bookworm,fedora_43,0.0,33,3128,0,3161
libqt5-opengl-dev,debian_bookworm,opensuse_15.2,0.0,33,39,0,72
libqt5-opengl-dev,debian_bookworm,rhel_8,0.0,33,3160,0,3193
libqt5-opengl-dev,debian_bookworm,rhel_9,0.0,33,3127,0,3160
libqt5-opengl-dev,fedora_42,ubuntu_focal,0.0,3128,33,0,3161
libqt5-opengl-dev,fedora_42,ubuntu_jammy,0.0,3128,33,0,3161
libqt5-opengl-dev,fedora_42,ubuntu_noble,0.0,3128,33,0,3161
libqt5-opengl-dev,fedora_43,ubuntu_focal,0.0,3128,33,0,3161
libqt5-opengl-dev,fedora_43,ubuntu_jammy,0.0,3128,33,0,3161
libqt5-opengl-dev,fedora_43,ubuntu_noble,0.0,3128,33,0,3161
libqt5-opengl-dev,opensuse_15.2,ubuntu_focal,0.0,39,33,0,72
libqt5-opengl-dev,opensuse_15.2,ubuntu_jammy,0.0,39,33,0,72
libqt5-opengl-dev,opensuse_15.2,ubuntu_noble,0.0,39,33,0,72
libqt5-opengl-dev,rhel_8,ubuntu_focal,0.0,3160,33,0,3193
libqt5-opengl-dev,rhel_8,ubuntu_jammy,0.0,3160,33,0,3193
libqt5-opengl-dev,rhel_8,ubuntu_noble,0.0,3160,33,0,3193
libqt5-opengl-dev,rhel_9,ubuntu_focal,0.0,3127,33,0,3160
libqt5-opengl-dev,rhel_9,ubuntu_jammy,0.0,3127,33,0,3160
libqt5-opengl-dev,rhel_9,ubuntu_noble,0.0,3127,33,0,3160
libqt5-qml,arch,debian_bookworm,0.0,965,6,0,971
libqt5-qml,arch,ubuntu_focal,0.0,965,8,0,973
libqt5-qml,arch,ubuntu_jammy,0.0,965,6,0,971
libqt5-qml,arch,ubuntu_noble,0.0,965,6,0,971
libqt5-qml,debian_bookworm,fedora_42,0.0,6,257,0,263
libqt5-qml,debian_bookworm,fedora_43,0.0,6,257,0,263
libqt5-qml,debian_bookworm,rhel_8,0.0,6,257,0,263
libqt5-qml,debian_bookworm,rhel_9,0.0,6,257,0,263
libqt5-qml,fedora_42,ubuntu_focal,0.0,257,8,0,265
libqt5-qml,fedora_42,ubuntu_jammy,0.0,257,6,0,263
libqt5-qml,fedora_42,ubuntu_noble,0.0,257,6,0,263
libqt5-qml,fedora_43,ubuntu_focal,0.0,257,8,0,265
libqt5-qml,fedora_43,ubuntu_jammy,0.0,257,6,0,263
libqt5-qml,fedora_43,ubuntu_noble,0.0,257,6,0,263
libqt5-qml,rhel_8,ubuntu_focal,0.0,257,8,0,265
libqt5-qml,rhel_8,ubuntu_jammy,0.0,257,6,0,263
libqt5-qml,rhel_8,ubuntu_noble,0.0,257,6,0,263
libqt5-qml,rhel_9,ubuntu_focal,0.0,257,8,0,265
libqt5-qml,rhel_9,ubuntu_jammy,0.0,257,6,0,263
libqt5-qml,rhel_9,ubuntu_noble,0.0,257,6,0,263
libqt5-quick,arch,debian_bookworm,0.0,965,6,0,971
libqt5-quick,arch,ubuntu_focal,0.0,965,6,0,971
libqt5-quick,arch,ubuntu_jammy,0.0,965,6,0,971
libqt5-quick,arch,ubuntu_noble,0.0,965,6,0,971
libqt5-quick,debian_bookworm,fedora_42,0.0,6,257,0,263
libqt5-quick,debian_bookworm,fedora_43,0.0,6,257,0,263
libqt5-quick,debian_bookworm,rhel_8,0.0,6,257,0,263
libqt5-quick,debian_bookworm,rhel_9,0.0,6,257,0,263
libqt5-quick,fedora_42,ubuntu_focal,0.0,257,6,0,263
libqt5-quick,fedora_42,ubuntu_jammy,0.0,257,6,0,263
libqt5-quick,fedora_42,ubuntu_noble,0.0,257,6,0,263
libqt5-quick,fedora_43,ubuntu_focal,0.0,257,6,0,263
libqt5-quick,fedora_43,ubuntu_jammy,0.0,257,6,0,263
libqt5-quick,fedora_43,ubuntu_noble,0.0,257,6,0,263
libqt5-quick,rhel_8,ubuntu_focal,0.0,257,6,0,263
libqt5-quick,rhel_8,ubuntu_jammy,0.0,257,6,0,263
libqt5-quick,rhel_8,ubuntu_noble,0.0,257,6,0,263
libqt5-quick,rhel_9,ubuntu_focal,0.0,257,6,0,263
libqt5-quick,rhel_9,ubuntu_jammy,0.0,257,6,0,263
libqt5-quick,rhel_9,ubuntu_noble,0.0,257,6,0,263
libqt5-serialport,alpine_edge,debian_bookworm,0.0,3,5,0,8
libqt5-serialport,alpine_edge,ubuntu_focal,0.0,3,5,0,8
libqt5-serialport,alpine_edge,ubuntu_jammy,0.0,3,5,0,8
libqt5-serialport,alpine_edge,ubuntu_noble,0.0,3,5,0,8
libqt5-serialport,arch,debian_bookworm,0.0,26,5,0,31
libqt5-serialport,arch,ubuntu_focal,0.0,26,5,0,31
libqt5-serialport,arch,ubuntu_jammy,0.0,26,5,0,31
libqt5-serialport,arch,ubuntu_noble,0.0,26,5,0,31
libqt5-serialport,debian_bookworm,fedora_42,0.0,5,13,0,18
libqt5-serialport,debian_bookworm,fedora_43,0.0,5,13,0,18
libqt5-serialport,fedora_42,ubuntu_focal,0.0,13,5,0,18
libqt5-serialport,fedora_42,ubuntu_jammy,0.0,13,5,0,18
libqt5-serialport,fedora_42,ubuntu_noble,0.0,13,5,0,18
libqt5-serialport,fedora_43,ubuntu_focal,0.0,13,5,0,18
libqt5-serialport,fedora_43,ubuntu_jammy,0.0,13,5,0,18
libqt5-serialport,fedora_43,ubuntu_noble,0.0,13,5,0,18
libqt5-serialport-dev,alpine_edge,debian_bookworm,0.0,22,18,0,40
libqt5-serialport-dev,alpine_edge,fedora_42,0.0,22,13,0,35
libqt5-serialport-dev,alpine_edge,fedora_43,0.0,22,13,0,35
libqt5-serialport-dev,alpine_edge,ubuntu_focal,0.0,22,17,0,39
libqt5-serialport-dev,alpine_edge,ubuntu_jammy,0.0,22,18,0,40
libqt5-serialport-dev,alpine_edge,ubuntu_noble,0.0,22,18,0,40
libqt5-serialport-dev,arch,debian_bookworm,0.0,26,18,0,44
libqt5-serialport-dev,arch,ubuntu_focal,0.0,26,17,0,43
libqt5-serialport-dev,arch,ubuntu_jammy,0.0,26,18,0,44
libqt5-serialport-dev,arch,ubuntu_noble,0.0,26,18,0,44
libqt5-serialport-dev,debian_bookworm,fedora_42,0.0,18,13,0,31
libqt5-serialport-dev,debian_bookworm,fedora_43,0.0,18,13,0,31
libqt5-serialport-dev,fedora_42,ubuntu_focal,0.0,13,17,0,30
libqt5-serialport-dev,fedora_42,ubuntu_jammy,0.0,13,18,0,31
libqt5-serialport-dev,fedora_42,ubuntu_noble,0.0,13,18,0,31
libqt5-serialport-dev,fedora_43,ubuntu_focal,0.0,13,17,0,30
libqt5-serialport-dev,fedora_43,ubuntu_jammy,0.0,13,18,0,31
libqt5-serialport-dev,fedora_43,ubuntu_noble,0.0,13,18,0,31
libqt5-svg,arch,debian_bookworm,0.0,36,7,0,43
libqt5-svg,arch,opensuse_15.2,0.0,36,24,0,60
libqt5-svg,arch,ubuntu_focal,0.0,36,7,0,43
libqt5-svg,arch,ubuntu_jammy,0.0,36,7,0,43
libqt5-svg,arch,ubuntu_noble,0.0,36,7,0,43
libqt5-svg,debian_bookworm,fedora_42,0.0,7,28,0,35
libqt5-svg,debian_bookworm,fedora_43,0.0,7,28,0,35
libqt5-svg,debian_bookworm,opensuse_15.2,0.0,7,24,0,31
libqt5-svg,debian_bookworm,rhel_8,0.0,7,24,0,31
libqt5-svg,debian_bookworm,rhel_9,0.0,7,28,0,35
libqt5-svg,fedora_42,opensuse_15.2,0.0,28,24,0,52
libqt5-svg,fedora_42,ubuntu_focal,0.0,28,7,0,35
libqt5-svg,fedora_42,ubuntu_jammy,0.0,28,7,0,35
libqt5-svg,fedora_42,ubuntu_noble,0.0,28,7,0,35
libqt5-svg,fedora_43,opensuse_15.2,0.0,28,24,0,52
libqt5-svg,fedora_43,ubuntu_focal,0.0,28,7,0,35
libqt5-svg,fedora_43,ubuntu_jammy,0.0,28,7,0,35
libqt5-svg,fedora_43,ubuntu_noble,0.0,28,7,0,35
libqt5-svg,opensuse_15.2,rhel_8,0.0,24,24,0,48
libqt5-svg,opensuse_15.2,rhel_9,0.0,24,28,0,52
libqt5-svg,opensuse_15.2,ubuntu_focal,0.0,24,7,0,31
libqt5-svg,opensuse_15.2,ubuntu_jammy,0.0,24,7,0,31
libqt5-svg,opensuse_15.2,ubuntu_noble,0.0,24,7,0,31
libqt5-svg,rhel_8,ubuntu_focal,0.0,24,7,0,31
libqt5-svg,rhel_8,ubuntu_jammy,0.0,24,7,0,31
libqt5-svg,rhel_8,ubuntu_noble,0.0,24,7,0,31
libqt5-svg,rhel_9,ubuntu_focal,0.0,28,7,0,35
libqt5-svg,rhel_9,ubuntu_jammy,0.0,28,7,0,35
libqt5-svg,rhel_9,ubuntu_noble,0.0,28,7,0,35
libqt5-svg-dev,arch,debian_bookworm,0.0,36,23,0,59
libqt5-svg-dev,arch,opensuse_15.2,0.0,36,30,0,66
libqt5-svg-dev,arch,ubuntu_focal,0.0,36,23,0,59
libqt5-svg-dev,arch,ubuntu_jammy,0.0,36,23,0,59
libqt5-svg-dev,arch,ubuntu_noble,0.0,36,23,0,59
libqt5-svg-dev,debian_bookworm,fedora_42,0.0,23,35,0,58
libqt5-svg-dev,debian_bookworm,fedora_43,0.0,23,35,0,58
libqt5-svg-dev,debian_bookworm,opensuse_15.2,0.0,23,30,0,53
libqt5-svg-dev,debian_bookworm,rhel_8,0.0,23,39,0,62
libqt5-svg-dev,debian_bookworm,rhel_9,0.0,23,35,0,58
libqt5-svg-dev,fedora_42,ubuntu_focal,0.0,35,23,0,58
libqt5-svg-dev,fedora_42,ubuntu_jammy,0.0,35,23,0,58
libqt5-svg-dev,fedora_42,ubuntu_noble,0.0,35,23,0,58
libqt5-svg-dev,fedora_43,ubuntu_focal,0.0,35,23,0,58
libqt5-svg-dev,fedora_43,ubuntu_jammy,0.0,35,23,0,58
libqt5-svg-dev,fedora_43,ubuntu_noble,0.0,35,23,0,58
libqt5-svg-dev,opensuse_15.2,ubuntu_focal,0.0,30,23,0,53
libqt5-svg-dev,opensuse_15.2,ubuntu_jammy,0.0,30,23,0,53
libqt5-svg-dev,opensuse_15.2,ubuntu_noble,0.0,30,23,0,53
libqt5-svg-dev,rhel_8,ubuntu_focal,0.0,39,23,0,62
libqt5-svg-dev,rhel_8,ubuntu_jammy,0.0,39,23,0,62
libqt5-svg-dev,rhel_8,ubuntu_noble,0.0,39,23,0,62
libqt5-svg-dev,rhel_9,ubuntu_focal,0.0,35,23,0,58
libqt5-svg-dev,rhel_9,ubuntu_jammy,0.0,35,23,0,58
libqt5-svg-dev,rhel_9,ubuntu_noble,0.0,35,23,0,58
libqt5-websockets-dev,debian_bookworm,fedora_42,0.0,23,14,0,37
libqt5-websockets-dev,debian_bookworm,fedora_43,0.0,23,14,0,37
libqt5-websockets-dev,debian_bookworm,rhel_8,0.0,23,47,0,70
libqt5-websockets-dev,debian_bookworm,rhel_9,0.0,23,39,0,62
libqt5-websockets-dev,fedora_42,rhel_8,0.0,14,47,0,61
libqt5-websockets-dev,fedora_42,rhel_9,0.0,14,39,0,53
libqt5-websockets-dev,fedora_42,ubuntu_focal,0.0,14,23,0,37
libqt5-websockets-dev,fedora_42,ubuntu_jammy,0.0,14,23,0,37
libqt5-websockets-dev,fedora_42,ubuntu_noble,0.0,14,23,0,37
libqt5-websockets-dev,fedora_43,rhel_8,0.0,14,47,0,61
libqt5-websockets-dev,fedora_43,rhel_9,0.0,14,39,0,53
libqt5-websockets-dev,fedora_43,ubuntu_focal,0.0,14,23,0,37
libqt5-websockets-dev,fedora_43,ubuntu_jammy,0.0,14,23,0,37
libqt5-websockets-dev,fedora_43,ubuntu_noble,0.0,14,23,0,37
libqt5-websockets-dev,rhel_8,ubuntu_focal,0.0,47,23,0,70
libqt5-websockets-dev,rhel_8,ubuntu_jammy,0.0,47,23,0,70
libqt5-websockets-dev,rhel_8,ubuntu_noble,0.0,47,23,0,70
libqt5-websockets-dev,rhel_9,ubuntu_focal,0.0,39,23,0,62
libqt5-websockets-dev,rhel_9,ubuntu_jammy,0.0,39,23,0,62
libqt5-websockets-dev,rhel_9,ubuntu_noble,0.0,39,23,0,62
libqt5-widgets,alpine_edge,debian_bookworm,0.0,3332,6,0,3338
libqt5-widgets,alpine_edge,opensuse_15.2,0.0,3332,12,0,3344
libqt5-widgets,alpine_edge,ubuntu_focal,0.0,3332,6,0,3338
libqt5-widgets,alpine_edge,ubuntu_jammy,0.0,3332,6,0,3338
libqt5-widgets,alpine_edge,ubuntu_noble,0.0,3332,6,0,3338
libqt5-widgets,arch,debian_bookworm,0.0,3526,6,0,3532
libqt5-widgets,arch,opensuse_15.2,0.0,3526,12,0,3538
libqt5-widgets,arch,ubuntu_focal,0.0,3526,6,0,3532
libqt5-widgets,arch,ubuntu_jammy,0.0,3526,6,0,3532
libqt5-widgets,arch,ubuntu_noble,0.0,3526,6,0,3532
libqt5-widgets,debian_bookworm,fedora_42,0.0,6,208,0,214
libqt5-widgets,debian_bookworm,fedora_43,0.0,6,208,0,214
libqt5-widgets,debian_bookworm,opensuse_15.2,0.0,6,12,0,18
libqt5-widgets,debian_bookworm,rhel_8,0.0,6,230,0,236
libqt5-widgets,debian_bookworm,rhel_9,0.0,6,208,0,214
libqt5-widgets,fedora_42,opensuse_15.2,0.0,208,12,0,220
libqt5-widgets,fedora_42,ubuntu_focal,0.0,208,6,0,214
libqt5-widgets,fedora_42,ubuntu_jammy,0.0,208,6,0,214
libqt5-widgets,fedora_42,ubuntu_noble,0.0,208,6,0,214
libqt5-widgets,fedora_43,opensuse_15.2,0.0,208,12,0,220
libqt5-widgets,fedora_43,ubuntu_focal,0.0,208,6,0,214
libqt5-widgets,fedora_43,ubuntu_jammy,0.0,208,6,0,214
libqt5-widgets,fedora_43,ubuntu_noble,0.0,208,6,0,214
libqt5-widgets,opensuse_15.2,rhel_8,0.0,12,230,0,242
libqt5-widgets,opensuse_15.2,rhel_9,0.0,12,208,0,220
libqt5-widgets,opensuse_15.2,ubuntu_focal,0.0,12,6,0,18
libqt5-widgets,opensuse_15.2,ubuntu_jammy,0.0,12,6,0,18
libqt5-widgets,opensuse_15.2,ubuntu_noble,0.0,12,6,0,18
libqt5-widgets,rhel_8,ubuntu_focal,0.0,230,6,0,236
libqt5-widgets,rhel_8,ubuntu_jammy,0.0,230,6,0,236
libqt5-widgets,rhel_8,ubuntu_noble,0.0,230,6,0,236
libqt5-widgets,rhel_9,ubuntu_focal,0.0,208,6,0,214
libqt5-widgets,rhel_9,ubuntu_jammy,0.0,208,6,0,214
libqt5-widgets,rhel_9,ubuntu_noble,0.0,208,6,0,214
libqt5-xml,arch,debian_bookworm,0.0,3526,6,0,3532
libqt5-xml,arch,ubuntu_focal,0.0,3526,6,0,3532
libqt5-xml,arch,ubuntu_jammy,0.0,3526,6,0,3532
libqt5-xml,arch,ubuntu_noble,0.0,3526,6,0,3532
libqt5multimedia5-plugins,arch,debian_bookworm,0.0,337,9,0,346
libqt5multimedia5-plugins,arch,ubuntu_focal,0.0,337,9,0,346
libqt5multimedia5-plugins,arch,ubuntu_jammy,0.0,337,9,0,346
libqt5multimedia5-plugins,arch,ubuntu_noble,0.0,337,9,0,346
libqt5multimedia5-plugins,debian_bookworm,fedora_42,0.0,9,97,0,106
libqt5multimedia5-plugins,debian_bookworm,fedora_43,0.0,9,97,0,106
libqt5multimedia5-plugins,fedora_42,ubuntu_focal,0.0,97,9,0,106
libqt5multimedia5-plugins,fedora_42,ubuntu_jammy,0.0,97,9,0,106
libqt5multimedia5-plugins,fedora_42,ubuntu_noble,0.0,97,9,0,106
libqt5multimedia5-plugins,fedora_43,ubuntu_focal,0.0,97,9,0,106
libqt5multimedia5-plugins,fedora_43,ubuntu_jammy,0.0,97,9,0,106
libqt5multimedia5-plugins,fedora_43,ubuntu_noble,0.0,97,9,0,106
libqt5x11extras5-dev,arch,debian_bookworm,0.0,18,15,0,33
libqt5x11extras5-dev,arch,ubuntu_focal,0.0,18,15,0,33
libqt5x11extras5-dev,arch,ubuntu_jammy,0.0,18,15,0,33
libqt5x11extras5-dev,arch,ubuntu_noble,0.0,18,15,0,33
libqt5x11extras5-dev,debian_bookworm,fedora_42,0.0,15,21,0,36
libqt5x11extras5-dev,debian_bookworm,fedora_43,0.0,15,21,0,36
libqt5x11extras5-dev,debian_bookworm,rhel_8,0.0,15,21,0,36
libqt5x11extras5-dev,debian_bookworm,rhel_9,0.0,15,21,0,36
libqt5x11extras5-dev,fedora_42,ubuntu_focal,0.0,21,15,0,36
libqt5x11extras5-dev,fedora_42,ubuntu_jammy,0.0,21,15,0,36
libqt5x11extras5-dev,fedora_42,ubuntu_noble,0.0,21,15,0,36
libqt5x11extras5-dev,fedora_43,ubuntu_focal,0.0,21,15,0,36
libqt5x11extras5-dev,fedora_43,ubuntu_jammy,0.0,21,15,0,36
libqt5x11extras5-dev,fedora_43,ubuntu_noble,0.0,21,15,0,36
libqt5x11extras5-dev,rhel_8,ubuntu_focal,0.0,21,15,0,36
libqt5x11extras5-dev,rhel_8,ubuntu_jammy,0.0,21,15,0,36
libqt5x11extras5-dev,rhel_8,ubuntu_noble,0.0,21,15,0,36
libqt5x11extras5-dev,rhel_9,ubuntu_focal,0.0,21,15,0,36
libqt5x11extras5-dev,rhel_9,ubuntu_jammy,0.0,21,15,0,36
libqt5x11extras5-dev,rhel_9,ubuntu_noble,0.0,21,15,0,36
libqt6-core,alpine_edge,debian_bookworm,0.0,71,4,0,75
libqt6-core,alpine_edge,rhel_9,0.0,71,163,0,234
libqt6-core,alpine_edge,ubuntu_jammy,0.0,71,4,0,75
libqt6-core,alpine_edge,ubuntu_noble,0.0,71,5,0,76
libqt6-core,arch,debian_bookworm,0.0,4638,4,0,4642
libqt6-core,arch,ubuntu_jammy,0.0,4638,4,0,4642
libqt6-core,arch,ubuntu_noble,0.0,4638,5,0,4643
libqt6-core,debian_bookworm,fedora_42,0.0,4,213,0,217
libqt6-core,debian_bookworm,fedora_43,0.0,4,226,0,230
libqt6-core,debian_bookworm,rhel_9,0.0,4,163,0,167
libqt6-core,fedora_42,ubuntu_jammy,0.0,213,4,0,217
libqt6-core,fedora_42,ubuntu_noble,0.0,213,5,0,218
libqt6-core,fedora_43,ubuntu_jammy,0.0,226,4,0,230
libqt6-core,fedora_43,ubuntu_noble,0.0,226,5,0,231
libqt6-core,rhel_9,ubuntu_jammy,0.0,163,4,0,167
libqt6-core,rhel_9,ubuntu_noble,0.0,163,5,0,168
libqt6-multimedia,arch,debian_bookworm,0.0,428,6,0,434
libqt6-multimedia,arch,rhel_9,0.0,428,37,0,465
libqt6-multimedia,arch,ubuntu_jammy,0.0,428,4,0,432
libqt6-multimedia,arch,ubuntu_noble,0.0,428,6,0,434
libqt6-multimedia,debian_bookworm,fedora_42,0.0,6,67,0,73
libqt6-multimedia,debian_bookworm,fedora_43,0.0,6,68,0,74
libqt6-multimedia,debian_bookworm,rhel_9,0.0,6,37,0,43
libqt6-multimedia,fedora_42,ubuntu_jammy,0.0,67,4,0,71
libqt6-multimedia,fedora_42,ubuntu_noble,0.0,67,6,0,73
libqt6-multimedia,fedora_43,ubuntu_jammy,0.0,68,4,0,72
libqt6-multimedia,fedora_43,ubuntu_noble,0.0,68,6,0,74
libqt6-multimedia,rhel_9,ubuntu_jammy,0.0,37,4,0,41
libqt6-multimedia,rhel_9,ubuntu_noble,0.0,37,6,0,43
libqt6-qml,arch,debian_bookworm,0.0,4714,6,0,4720
libqt6-qml,arch,rhel_9,0.0,4714,760,0,5474
libqt6-qml,arch,ubuntu_jammy,0.0,4714,5,0,4719
libqt6-qml,arch,ubuntu_noble,0.0,4714,6,0,4720
libqt6-qml,debian_bookworm,rhel_9,0.0,6,760,0,766
libqt6-qml,rhel_9,ubuntu_jammy,0.0,760,5,0,765
libqt6-qml,rhel_9,ubuntu_noble,0.0,760,6,0,766
libqt6-quick,arch,debian_bookworm,0.0,4714,5,0,4719
libqt6-quick,arch,rhel_9,0.0,4714,760,0,5474
libqt6-quick,arch,ubuntu_jammy,0.0,4714,5,0,4719
libqt6-quick,arch,ubuntu_noble,0.0,4714,5,0,4719
libqt6-quick,debian_bookworm,rhel_9,0.0,5,760,0,765
libqt6-quick,rhel_9,ubuntu_jammy,0.0,760,5,0,765
libqt6-quick,rhel_9,ubuntu_noble,0.0,760,5,0,765
libqt6svg6,alpine_edge,debian_bookworm,0.0,10,6,0,16
libqt6svg6,alpine_edge,rhel_9,0.0,10,72,0,82
libqt6svg6,alpine_edge,ubuntu_jammy,0.0,10,6,0,16
libqt6svg6,alpine_edge,ubuntu_noble,0.0,10,6,0,16
libqt6svg6,arch,debian_bookworm,0.0,100,6,0,106
libqt6svg6,arch,ubuntu_jammy,0.0,100,6,0,106
libqt6svg6,arch,ubuntu_noble,0.0,100,6,0,106
libqt6svg6,debian_bookworm,fedora_42,0.0,6,25,0,31
libqt6svg6,debian_bookworm,fedora_43,0.0,6,25,0,31
libqt6svg6,debian_bookworm,rhel_9,0.0,6,72,0,78
libqt6svg6,fedora_42,rhel_9,0.0,25,72,0,97
libqt6svg6,fedora_42,ubuntu_jammy,0.0,25,6,0,31
libqt6svg6,fedora_42,ubuntu_noble,0.0,25,6,0,31
libqt6svg6,fedora_43,rhel_9,0.0,25,72,0,97
libqt6svg6,fedora_43,ubuntu_jammy,0.0,25,6,0,31
libqt6svg6,fedora_43,ubuntu_noble,0.0,25,6,0,31
libqt6svg6,rhel_9,ubuntu_jammy,0.0,72,6,0,78
libqt6svg6,rhel_9,ubuntu_noble,0.0,72,6,0,78
libqwt-qt5-dev,arch,rhel_8,0.0,2208,107,0,2315
libqwt-qt5-dev,arch,rhel_9,0.0,2208,107,0,2315
libqwt-qt5-dev,debian_bookworm,rhel_8,0.0,108,107,0,215
libqwt-qt5-dev,debian_bookworm,rhel_9,0.0,108,107,0,215
libqwt-qt5-dev,rhel_8,ubuntu_focal,0.0,107,107,0,214
libqwt-qt5-dev,rhel_8,ubuntu_jammy,0.0,107,107,0,214
libqwt-qt5-dev,rhel_8,ubuntu_noble,0.0,107,107,0,214
libqwt-qt5-dev,rhel_9,ubuntu_focal,0.0,107,107,0,214
libqwt-qt5-dev,rhel_9,ubuntu_jammy,0.0,107,107,0,214
libqwt-qt5-dev,rhel_9,ubuntu_noble,0.0,107,107,0,214
librapidxml-dev,debian_bookworm,fedora_42,0.0,8,6,0,14
librapidxml-dev,debian_bookworm,fedora_43,0.0,8,6,0,14
librapidxml-dev,fedora_42,ubuntu_focal,0.0,6,8,0,14
librapidxml-dev,fedora_42,ubuntu_jammy,0.0,6,8,0,14
librapidxml-dev,fedora_42,ubuntu_noble,0.0,6,8,0,14
librapidxml-dev,fedora_43,ubuntu_focal,0.0,6,8,0,14
librapidxml-dev,fedora_43,ubuntu_jammy,0.0,6,8,0,14
librapidxml-dev,fedora_43,ubuntu_noble,0.0,6,8,0,14
libraw1394,arch,debian_bookworm,0.0,14,5,0,19
libraw1394,arch,ubuntu_focal,0.0,14,8,0,22
libraw1394,arch,ubuntu_jammy,0.0,14,4,0,18
libraw1394,arch,ubuntu_noble,0.0,14,4,0,18
libraw1394,debian_bookworm,fedora_42,0.0,5,22,0,27
libraw1394,debian_bookworm,fedora_43,0.0,5,22,0,27
libraw1394,fedora_42,ubuntu_focal,0.0,22,8,0,30
libraw1394,fedora_42,ubuntu_jammy,0.0,22,4,0,26
libraw1394,fedora_42,ubuntu_noble,0.0,22,4,0,26
libraw1394,fedora_43,ubuntu_focal,0.0,22,8,0,30
libraw1394,fedora_43,ubuntu_jammy,0.0,22,4,0,26
libraw1394,fedora_43,ubuntu_noble,0.0,22,4,0,26
libre2-dev,alpine_edge,debian_bookworm,0.0,2,11,0,13
libre2-dev,alpine_edge,fedora_42,0.0,2,18,0,20
libre2-dev,alpine_edge,fedora_43,0.0,2,18,0,20
libre2-dev,alpine_edge,opensuse_15.2,0.0,2,6,0,8
libre2-dev,alpine_edge,rhel_8,0.0,2,8,0,10
libre2-dev,alpine_edge,rhel_9,0.0,2,12,0,14
libre2-dev,alpine_edge,ubuntu_focal,0.0,2,11,0,13
libre2-dev,alpine_edge,ubuntu_jammy,0.0,2,11,0,13
libre2-dev,alpine_edge,ubuntu_noble,0.0,2,11,0,13
libreadline,debian_bookworm,fedora_42,0.0,14,16,0,30
libreadline,debian_bookworm,fedora_43,0.0,14,16,0,30
libreadline,debian_bookworm,rhel_8,0.0,14,16,0,30
libreadline,debian_bookworm,rhel_9,0.0,14,16,0,30
libreadline,fedora_42,ubuntu_focal,0.0,16,14,0,30
libreadline,fedora_42,ubuntu_jammy,0.0,16,14,0,30
libreadline,fedora_42,ubuntu_noble,0.0,16,14,0,30
libreadline,fedora_43,ubuntu_focal,0.0,16,14,0,30
libreadline,fedora_43,ubuntu_jammy,0.0,16,14,0,30
libreadline,fedora_43,ubuntu_noble,0.0,16,14,0,30
libreadline,rhel_8,ubuntu_focal,0.0,16,14,0,30
libreadline,rhel_8,ubuntu_jammy,0.0,16,14,0,30
libreadline,rhel_8,ubuntu_noble,0.0,16,14,0,30
libreadline,rhel_9,ubuntu_focal,0.0,16,14,0,30
libreadline,rhel_9,ubuntu_jammy,0.0,16,14,0,30
libreadline,rhel_9,ubuntu_noble,0.0,16,14,0,30
libsoundio-dev,alpine_edge,debian_bookworm,0.0,3,13,0,16
libsoundio-dev,alpine_edge,ubuntu_focal,0.0,3,12,0,15
libsoundio-dev,alpine_edge,ubuntu_jammy,0.0,3,12,0,15
libsoundio-dev,alpine_edge,ubuntu_noble,0.0,3,12,0,15
libsoundio-dev,debian_bookworm,fedora_42,0.0,13,9,0,22
libsoundio-dev,debian_bookworm,fedora_43,0.0,13,9,0,22
libsoundio-dev,fedora_42,ubuntu_focal,0.0,9,12,0,21
libsoundio-dev,fedora_42,ubuntu_jammy,0.0,9,12,0,21
libsoundio-dev,fedora_42,ubuntu_noble,0.0,9,12,0,21
libsoundio-dev,fedora_43,ubuntu_focal,0.0,9,12,0,21
libsoundio-dev,fedora_43,ubuntu_jammy,0.0,9,12,0,21
libsoundio-dev,fedora_43,ubuntu_noble,0.0,9,12,0,21
libsoup2-dev,arch,opensuse_15.2,0.0,143,6,0,149
libsoup2-dev,debian_bookworm,opensuse_15.2,0.0,66,6,0,72
libsoup2-dev,fedora_42,opensuse_15.2,0.0,74,6,0,80
libsoup2-dev,fedora_43,opensuse_15.2,0.0,74,6,0,80
libsoup2-dev,opensuse_15.2,ubuntu_focal,0.0,6,66,0,72
libsoup2-dev,opensuse_15.2,ubuntu_jammy,0.0,6,66,0,72
libsoup2-dev,opensuse_15.2,ubuntu_noble,0.0,6,66,0,72
libspatialite,arch,debian_bookworm,0.0,36,7,0,43
libspatialite,arch,ubuntu_focal,0.0,36,7,0,43
libspatialite,arch,ubuntu_jammy,0.0,36,7,0,43
libspatialite,arch,ubuntu_noble,0.0,36,6,0,42
libspatialite,debian_bookworm,fedora_42,0.0,7,16,0,23
libspatialite,debian_bookworm,fedora_43,0.0,7,16,0,23
libspatialite,fedora_42,ubuntu_focal,0.0,16,7,0,23
libspatialite,fedora_42,ubuntu_jammy,0.0,16,7,0,23
libspatialite,fedora_42,ubuntu_noble,0.0,16,6,0,22
libspatialite,fedora_43,ubuntu_focal,0.0,16,7,0,23
libspatialite,fedora_43,ubuntu_jammy,0.0,16,7,0,23
libspatialite,fedora_43,ubuntu_noble,0.0,16,6,0,22
libsqlite3-dev,alpine_edge,fedora_42,0.0,4,106,0,110
libsqlite3-dev,alpine_edge,fedora_43,0.0,4,74,0,78
libsqlite3-dev,alpine_edge,rhel_8,0.0,4,86,0,90
libsqlite3-dev,alpine_edge,rhel_9,0.0,4,86,0,90
libsqlite3-dev,arch,fedora_42,0.0,22,106,0,128
libsqlite3-dev,arch,fedora_43,0.0,22,74,0,96
libsqlite3-dev,arch,rhel_8,0.0,22,86,0,108
libsqlite3-dev,arch,rhel_9,0.0,22,86,0,108
libsqlite3-dev,debian_bookworm,fedora_42,0.0,9,106,0,115
libsqlite3-dev,debian_bookworm,fedora_43,0.0,9,74,0,83
libsqlite3-dev,debian_bookworm,rhel_8,0.0,9,86,0,95
libsqlite3-dev,debian_bookworm,rhel_9,0.0,9,86,0,95
libsqlite3-dev,fedora_42,ubuntu_focal,0.0,106,8,0,114
libsqlite3-dev,fedora_42,ubuntu_jammy,0.0,106,7,0,113
libsqlite3-dev,fedora_42,ubuntu_noble,0.0,106,7,0,113
libsqlite3-dev,fedora_43,ubuntu_focal,0.0,74,8,0,82
libsqlite3-dev,fedora_43,ubuntu_jammy,0.0,74,7,0,81
libsqlite3-dev,fedora_43,ubuntu_noble,0.0,74,7,0,81
libsqlite3-dev,rhel_8,ubuntu_focal,0.0,86,8,0,94
libsqlite3-dev,rhel_8,ubuntu_jammy,0.0,86,7,0,93
libsqlite3-dev,rhel_8,ubuntu_noble,0.0,86,7,0,93
libsqlite3-dev,rhel_9,ubuntu_focal,0.0,86,8,0,94
libsqlite3-dev,rhel_9,ubuntu_jammy,0.0,86,7,0,93
libsqlite3-dev,rhel_9,ubuntu_noble,0.0,86,7,0,93
libssl-dev,alpine_edge,opensuse_15.2,0.0,76,1,0,77
libssl-dev,arch,opensuse_15.2,0.0,6706,1,0,6707
libssl-dev,debian_bookworm,opensuse_15.2,0.0,145,1,0,146
libssl-dev,fedora_42,opensuse_15.2,0.0,5632,1,0,5633
libssl-dev,fedora_43,opensuse_15.2,0.0,6207,1,0,6208
libssl-dev,opensuse_15.2,rhel_8,0.0,1,3979,0,3980
libssl-dev,opensuse_15.2,rhel_9,0.0,1,6303,0,6304
libssl-dev,opensuse_15.2,ubuntu_focal,0.0,1,114,0,115
libssl-dev,opensuse_15.2,ubuntu_jammy,0.0,1,145,0,146
libssl-dev,opensuse_15.2,ubuntu_noble,0.0,1,145,0,146
libstdc++6,arch,debian_bookworm,0.0,53,8,0,61
libstdc++6,arch,ubuntu_focal,0.0,53,8,0,61
libstdc++6,arch,ubuntu_jammy,0.0,53,8,0,61
libstdc++6,arch,ubuntu_noble,0.0,53,8,0,61
libstdc++6,debian_bookworm,fedora_42,0.0,8,24,0,32
libstdc++6,debian_bookworm,fedora_43,0.0,8,24,0,32
libstdc++6,fedora_42,ubuntu_focal,0.0,24,8,0,32
libstdc++6,fedora_42,ubuntu_jammy,0.0,24,8,0,32
libstdc++6,fedora_42,ubuntu_noble,0.0,24,8,0,32
libstdc++6,fedora_43,ubuntu_focal,0.0,24,8,0,32
libstdc++6,fedora_43,ubuntu_jammy,0.0,24,8,0,32
libstdc++6,fedora_43,ubuntu_noble,0.0,24,8,0,32
libsvm3,arch,debian_bookworm,0.0,32,6,0,38
libsvm3,arch,ubuntu_focal,0.0,32,6,0,38
libsvm3,arch,ubuntu_jammy,0.0,32,6,0,38
libsvm3,arch,ubuntu_noble,0.0,32,6,0,38
libsvm3,debian_bookworm,fedora_42,0.0,6,18,0,24
libsvm3,debian_bookworm,fedora_43,0.0,6,18,0,24
libsvm3,fedora_42,ubuntu_focal,0.0,18,6,0,24
libsvm3,fedora_42,ubuntu_jammy,0.0,18,6,0,24
libsvm3,fedora_42,ubuntu_noble,0.0,18,6,0,24
libsvm3,fedora_43,ubuntu_focal,0.0,18,6,0,24
libsvm3,fedora_43,ubuntu_jammy,0.0,18,6,0,24
libsvm3,fedora_43,ubuntu_noble,0.0,18,6,0,24
libswscale-dev,arch,debian_bookworm,0.0,263,9,0,272
libswscale-dev,arch,ubuntu_focal,0.0,263,7,0,270
libswscale-dev,arch,ubuntu_jammy,0.0,263,7,0,270
libswscale-dev,arch,ubuntu_noble,0.0,263,8,0,271
libswscale-dev,debian_bookworm,fedora_42,0.0,9,8,0,17
libswscale-dev,debian_bookworm,fedora_43,0.0,9,8,0,17
libswscale-dev,debian_bookworm,rhel_9,0.0,9,6,0,15
libswscale-dev,fedora_42,ubuntu_focal,0.0,8,7,0,15
libswscale-dev,fedora_42,ubuntu_jammy,0.0,8,7,0,15
libswscale-dev,fedora_42,ubuntu_noble,0.0,8,8,0,16
libswscale-dev,fedora_43,ubuntu_focal,0.0,8,7,0,15
libswscale-dev,fedora_43,ubuntu_jammy,0.0,8,7,0,15
libswscale-dev,fedora_43,ubuntu_noble,0.0,8,8,0,16
libswscale-dev,rhel_9,ubuntu_focal,0.0,6,7,0,13
libswscale-dev,rhel_9,ubuntu_jammy,0.0,6,7,0,13
libswscale-dev,rhel_9,ubuntu_noble,0.0,6,8,0,14
libtiff-dev,arch,debian_bookworm,0.0,36,71,0,107
libtiff-dev,arch,ubuntu_focal,0.0,36,57,0,93
libtiff-dev,arch,ubuntu_jammy,0.0,36,56,0,92
libtiff-dev,arch,ubuntu_noble,0.0,36,70,0,106
libtiff-dev,debian_bookworm,fedora_42,0.0,71,16,0,87
libtiff-dev,debian_bookworm,fedora_43,0.0,71,16,0,87
libtiff-dev,fedora_42,opensuse_15.2,0.0,16,52,0,68
libtiff-dev,fedora_42,ubuntu_focal,0.0,16,57,0,73
libtiff-dev,fedora_42,ubuntu_jammy,0.0,16,56,0,72
libtiff-dev,fedora_42,ubuntu_noble,0.0,16,70,0,86
libtiff-dev,fedora_43,opensuse_15.2,0.0,16,52,0,68
libtiff-dev,fedora_43,ubuntu_focal,0.0,16,57,0,73
libtiff-dev,fedora_43,ubuntu_jammy,0.0,16,56,0,72
libtiff-dev,fedora_43,ubuntu_noble,0.0,16,70,0,86
libudev-dev,arch,debian_bookworm,0.0,1481,75,0,1556
libudev-dev,arch,fedora_43,0.0,1481,841,0,2322
libudev-dev,arch,rhel_8,0.0,1481,509,0,1990
libudev-dev,arch,rhel_9,0.0,1481,771,0,2252
libudev-dev,arch,ubuntu_focal,0.0,1481,72,0,1553
libudev-dev,arch,ubuntu_jammy,0.0,1481,74,0,1555
libudev-dev,arch,ubuntu_noble,0.0,1481,75,0,1556
libunwind,arch,debian_bookworm,0.0,69,11,0,80
libunwind,arch,ubuntu_focal,0.0,69,10,0,79
libunwind,arch,ubuntu_jammy,0.0,69,10,0,79
libunwind,arch,ubuntu_noble,0.0,69,10,0,79
libunwind,debian_bookworm,fedora_42,0.0,11,27,0,38
libunwind,debian_bookworm,fedora_43,0.0,11,27,0,38
libunwind,fedora_42,ubuntu_focal,0.0,27,10,0,37
libunwind,fedora_42,ubuntu_jammy,0.0,27,10,0,37
libunwind,fedora_42,ubuntu_noble,0.0,27,10,0,37
libunwind,fedora_43,ubuntu_focal,0.0,27,10,0,37
libunwind,fedora_43,ubuntu_jammy,0.0,27,10,0,37
libunwind,fedora_43,ubuntu_noble,0.0,27,10,0,37
liburdfdom-dev,debian_bookworm,fedora_42,0.0,13,20,0,33
liburdfdom-dev,debian_bookworm,fedora_43,0.0,13,20,0,33
liburdfdom-dev,fedora_42,ubuntu_focal,0.0,20,10,0,30
liburdfdom-dev,fedora_42,ubuntu_jammy,0.0,20,13,0,33
liburdfdom-dev,fedora_42,ubuntu_noble,0.0,20,13,0,33
liburdfdom-dev,fedora_43,ubuntu_focal,0.0,20,10,0,30
liburdfdom-dev,fedora_43,ubuntu_jammy,0.0,20,13,0,33
liburdfdom-dev,fedora_43,ubuntu_noble,0.0,20,13,0,33
liburdfdom-headers-dev,fedora_42,ubuntu_focal,0.0,22,22,0,44
liburdfdom-headers-dev,fedora_43,ubuntu_focal,0.0,22,22,0,44
libusb,arch,debian_bookworm,0.0,6,6,0,12
libusb,arch,ubuntu_focal,0.0,6,5,0,11
libusb,arch,ubuntu_jammy,0.0,6,5,0,11
libusb,arch,ubuntu_noble,0.0,6,5,0,11
libusb,debian_bookworm,fedora_42,0.0,6,10,0,16
libusb,debian_bookworm,fedora_43,0.0,6,10,0,16
libusb,debian_bookworm,rhel_8,0.0,6,11,0,17
libusb,debian_bookworm,rhel_9,0.0,6,10,0,16
libusb,fedora_42,ubuntu_focal,0.0,10,5,0,15
libusb,fedora_42,ubuntu_jammy,0.0,10,5,0,15
libusb,fedora_42,ubuntu_noble,0.0,10,5,0,15
libusb,fedora_43,ubuntu_focal,0.0,10,5,0,15
libusb,fedora_43,ubuntu_jammy,0.0,10,5,0,15
libusb,fedora_43,ubuntu_noble,0.0,10,5,0,15
libusb,rhel_8,ubuntu_focal,0.0,11,5,0,16
libusb,rhel_8,ubuntu_jammy,0.0,11,5,0,16
libusb,rhel_8,ubuntu_noble,0.0,11,5,0,16
libusb,rhel_9,ubuntu_focal,0.0,10,5,0,15
libusb,rhel_9,ubuntu_jammy,0.0,10,5,0,15
libusb,rhel_9,ubuntu_noble,0.0,10,5,0,15
libusb-1.0,arch,debian_bookworm,0.0,8,6,0,14
libusb-1.0,arch,opensuse_15.2,0.0,8,8,0,16
libusb-1.0,arch,ubuntu_focal,0.0,8,5,0,13
libusb-1.0,arch,ubuntu_jammy,0.0,8,5,0,13
libusb-1.0,arch,ubuntu_noble,0.0,8,5,0,13
libusb-1.0,debian_bookworm,opensuse_15.2,0.0,6,8,0,14
libusb-1.0,debian_bookworm,rhel_8,0.0,6,10,0,16
libusb-1.0,debian_bookworm,rhel_9,0.0,6,10,0,16
libusb-1.0,opensuse_15.2,ubuntu_focal,0.0,8,5,0,13
libusb-1.0,opensuse_15.2,ubuntu_jammy,0.0,8,5,0,13
libusb-1.0,opensuse_15.2,ubuntu_noble,0.0,8,5,0,13
libusb-1.0,rhel_8,ubuntu_focal,0.0,10,5,0,15
libusb-1.0,rhel_8,ubuntu_jammy,0.0,10,5,0,15
libusb-1.0,rhel_8,ubuntu_noble,0.0,10,5,0,15
libusb-1.0,rhel_9,ubuntu_focal,0.0,10,5,0,15
libusb-1.0,rhel_9,ubuntu_jammy,0.0,10,5,0,15
libusb-1.0,rhel_9,ubuntu_noble,0.0,10,5,0,15
libusb-dev,arch,opensuse_15.2,0.0,6,4,0,10
libusb-dev,debian_bookworm,opensuse_15.2,0.0,56,4,0,60
libusb-dev,fedora_42,opensuse_15.2,0.0,6,4,0,10
libusb-dev,fedora_43,opensuse_15.2,0.0,6,4,0,10
libusb-dev,opensuse_15.2,rhel_8,0.0,4,6,0,10
libusb-dev,opensuse_15.2,rhel_9,0.0,4,6,0,10
libusb-dev,opensuse_15.2,ubuntu_focal,0.0,4,55,0,59
libusb-dev,opensuse_15.2,ubuntu_jammy,0.0,4,55,0,59
libusb-dev,opensuse_15.2,ubuntu_noble,0.0,4,55,0,59
libvlc-dev,arch,debian_bookworm,0.0,118,30,0,148
libvlc-dev,arch,fedora_42,0.0,118,107,0,225
libvlc-dev,arch,fedora_43,0.0,118,107,0,225
libvlc-dev,arch,opensuse_15.2,0.0,118,104,0,222
libvlc-dev,arch,ubuntu_focal,0.0,118,29,0,147
libvlc-dev,arch,ubuntu_jammy,0.0,118,29,0,147
libvlc-dev,arch,ubuntu_noble,0.0,118,29,0,147
libx11,alpine_edge,debian_bookworm,0.0,195,18,0,213
libx11,alpine_edge,opensuse_15.2,0.0,195,2,0,197
libx11,alpine_edge,ubuntu_focal,0.0,195,17,0,212
libx11,alpine_edge,ubuntu_jammy,0.0,195,17,0,212
libx11,alpine_edge,ubuntu_noble,0.0,195,17,0,212
libx11,arch,opensuse_15.2,0.0,1166,2,0,1168
libx11,debian_bookworm,fedora_42,0.0,18,6,0,24
libx11,debian_bookworm,fedora_43,0.0,18,6,0,24
libx11,debian_bookworm,opensuse_15.2,0.0,18,2,0,20
libx11,fedora_42,ubuntu_focal,0.0,6,17,0,23
libx11,fedora_42,ubuntu_jammy,0.0,6,17,0,23
libx11,fedora_42,ubuntu_noble,0.0,6,17,0,23
libx11,fedora_43,ubuntu_focal,0.0,6,17,0,23
libx11,fedora_43,ubuntu_jammy,0.0,6,17,0,23
libx11,fedora_43,ubuntu_noble,0.0,6,17,0,23
libx11,opensuse_15.2,ubuntu_focal,0.0,2,17,0,19
libx11,opensuse_15.2,ubuntu_jammy,0.0,2,17,0,19
libx11,opensuse_15.2,ubuntu_noble,0.0,2,17,0,19
libxaw,alpine_edge,opensuse_15.2,0.0,74,1,0,75
libxaw,arch,opensuse_15.2,0.0,130,1,0,131
libxaw,debian_bookworm,opensuse_15.2,0.0,79,1,0,80
libxaw,fedora_42,opensuse_15.2,0.0,124,1,0,125
libxaw,fedora_43,opensuse_15.2,0.0,124,1,0,125
libxaw,opensuse_15.2,rhel_8,0.0,1,124,0,125
libxaw,opensuse_15.2,rhel_9,0.0,1,124,0,125
libxaw,opensuse_15.2,ubuntu_focal,0.0,1,78,0,79
libxaw,opensuse_15.2,ubuntu_jammy,0.0,1,78,0,79
libxaw,opensuse_15.2,ubuntu_noble,0.0,1,78,0,79
libxmu-dev,arch,debian_bookworm,0.0,34,6,0,40
libxmu-dev,arch,ubuntu_focal,0.0,34,5,0,39
libxmu-dev,arch,ubuntu_jammy,0.0,34,5,0,39
libxmu-dev,arch,ubuntu_noble,0.0,34,5,0,39
libxmu-dev,debian_bookworm,fedora_42,0.0,6,31,0,37
libxmu-dev,debian_bookworm,fedora_43,0.0,6,31,0,37
libxmu-dev,debian_bookworm,rhel_8,0.0,6,31,0,37
libxmu-dev,debian_bookworm,rhel_9,0.0,6,31,0,37
libxmu-dev,fedora_42,ubuntu_focal,0.0,31,5,0,36
libxmu-dev,fedora_42,ubuntu_jammy,0.0,31,5,0,36
libxmu-dev,fedora_42,ubuntu_noble,0.0,31,5,0,36
libxmu-dev,fedora_43,ubuntu_focal,0.0,31,5,0,36
libxmu-dev,fedora_43,ubuntu_jammy,0.0,31,5,0,36
libxmu-dev,fedora_43,ubuntu_noble,0.0,31,5,0,36
libxmu-dev,rhel_8,ubuntu_focal,0.0,31,5,0,36
libxmu-dev,rhel_8,ubuntu_jammy,0.0,31,5,0,36
libxmu-dev,rhel_8,ubuntu_noble,0.0,31,5,0,36
libxmu-dev,rhel_9,ubuntu_focal,0.0,31,5,0,36
libxmu-dev,rhel_9,ubuntu_jammy,0.0,31,5,0,36
libxmu-dev,rhel_9,ubuntu_noble,0.0,31,5,0,36
libxss1,arch,debian_bookworm,0.0,18,5,0,23
libxss1,arch,ubuntu_focal,0.0,18,4,0,22
libxss1,arch,ubuntu_jammy,0.0,18,4,0,22
libxss1,arch,ubuntu_noble,0.0,18,4,0,22
libxss1,debian_bookworm,fedora_42,0.0,5,9,0,14
libxss1,debian_bookworm,fedora_43,0.0,5,9,0,14
libxss1,fedora_42,ubuntu_focal,0.0,9,4,0,13
libxss1,fedora_42,ubuntu_jammy,0.0,9,4,0,13
libxss1,fedora_42,ubuntu_noble,0.0,9,4,0,13
libxss1,fedora_43,ubuntu_focal,0.0,9,4,0,13
libxss1,fedora_43,ubuntu_jammy,0.0,9,4,0,13
libxss1,fedora_43,ubuntu_noble,0.0,9,4,0,13
libxxf86vm,arch,opensuse_15.2,0.0,29,1,0,30
libxxf86vm,debian_bookworm,opensuse_15.2,0.0,31,1,0,32
libxxf86vm,fedora_42,opensuse_15.2,0.0,28,1,0,29
libxxf86vm,fedora_43,opensuse_15.2,0.0,28,1,0,29
libxxf86vm,opensuse_15.2,rhel_8,0.0,1,28,0,29
libxxf86vm,opensuse_15.2,rhel_9,0.0,1,28,0,29
libxxf86vm,opensuse_15.2,ubuntu_focal,0.0,1,29,0,30
libxxf86vm,opensuse_15.2,ubuntu_jammy,0.0,1,29,0,30
libxxf86vm,opensuse_15.2,ubuntu_noble,0.0,1,29,0,30
libyaml,alpine_edge,debian_bookworm,0.0,2,5,0,7
libyaml,alpine_edge,opensuse_15.2,0.0,2,3,0,5
libyaml,alpine_edge,ubuntu_focal,0.0,2,4,0,6
libyaml,alpine_edge,ubuntu_jammy,0.0,2,4,0,6
libyaml,alpine_edge,ubuntu_noble,0.0,2,4,0,6
libyaml,arch,debian_bookworm,0.0,6,5,0,11
libyaml,arch,ubuntu_focal,0.0,6,4,0,10
libyaml,arch,ubuntu_jammy,0.0,6,4,0,10
libyaml,arch,ubuntu_noble,0.0,6,4,0,10
libyaml,debian_bookworm,fedora_42,0.0,5,8,0,13
libyaml,debian_bookworm,fedora_43,0.0,5,8,0,13
libyaml,debian_bookworm,opensuse_15.2,0.0,5,3,0,8
libyaml,debian_bookworm,rhel_8,0.0,5,8,0,13
libyaml,debian_bookworm,rhel_9,0.0,5,8,0,13
libyaml,fedora_42,opensuse_15.2,0.0,8,3,0,11
libyaml,fedora_42,ubuntu_focal,0.0,8,4,0,12
libyaml,fedora_42,ubuntu_jammy,0.0,8,4,0,12
libyaml,fedora_42,ubuntu_noble,0.0,8,4,0,12
libyaml,fedora_43,opensuse_15.2,0.0,8,3,0,11
libyaml,fedora_43,ubuntu_focal,0.0,8,4,0,12
libyaml,fedora_43,ubuntu_jammy,0.0,8,4,0,12
libyaml,fedora_43,ubuntu_noble,0.0,8,4,0,12
libyaml,opensuse_15.2,rhel_8,0.0,3,8,0,11
libyaml,opensuse_15.2,rhel_9,0.0,3,8,0,11
libyaml,opensuse_15.2,ubuntu_focal,0.0,3,4,0,7
libyaml,opensuse_15.2,ubuntu_jammy,0.0,3,4,0,7
libyaml,opensuse_15.2,ubuntu_noble,0.0,3,4,0,7
libyaml,rhel_8,ubuntu_focal,0.0,8,4,0,12
libyaml,rhel_8,ubuntu_jammy,0.0,8,4,0,12
libyaml,rhel_8,ubuntu_noble,0.0,8,4,0,12
libyaml,rhel_9,ubuntu_focal,0.0,8,4,0,12
libyaml,rhel_9,ubuntu_jammy,0.0,8,4,0,12
libyaml,rhel_9,ubuntu_noble,0.0,8,4,0,12
llvm-dev,arch,debian_bookworm,0.0,3888,9,0,3897
llvm-dev,arch,ubuntu_focal,0.0,3888,10,0,3898
llvm-dev,arch,ubuntu_jammy,0.0,3888,10,0,3898
llvm-dev,arch,ubuntu_noble,0.0,3888,9,0,3897
llvm-dev,debian_bookworm,fedora_42,0.0,9,6484,0,6493
llvm-dev,debian_bookworm,fedora_43,0.0,9,6793,0,6802
llvm-dev,fedora_42,ubuntu_focal,0.0,6484,10,0,6494
llvm-dev,fedora_42,ubuntu_jammy,0.0,6484,10,0,6494
llvm-dev,fedora_42,ubuntu_noble,0.0,6484,9,0,6493
llvm-dev,fedora_43,ubuntu_focal,0.0,6793,10,0,6803
llvm-dev,fedora_43,ubuntu_jammy,0.0,6793,10,0,6803
llvm-dev,fedora_43,ubuntu_noble,0.0,6793,9,0,6802
lua-dev,arch,debian_bookworm,0.0,36,21,0,57
lua-dev,arch,fedora_42,0.0,36,7,0,43
lua-dev,arch,fedora_43,0.0,36,7,0,43
lua-dev,arch,rhel_8,0.0,36,6,0,42
lua-dev,arch,rhel_9,0.0,36,6,0,42
lua-dev,arch,ubuntu_focal,0.0,36,20,0,56
lua-dev,arch,ubuntu_jammy,0.0,36,20,0,56
lua-dev,arch,ubuntu_noble,0.0,36,20,0,56
lua-dev,debian_bookworm,fedora_42,0.0,21,7,0,28
lua-dev,debian_bookworm,fedora_43,0.0,21,7,0,28
lua-dev,debian_bookworm,rhel_8,0.0,21,6,0,27
lua-dev,debian_bookworm,rhel_9,0.0,21,6,0,27
lua-dev,fedora_42,ubuntu_focal,0.0,7,20,0,27
lua-dev,fedora_42,ubuntu_jammy,0.0,7,20,0,27
lua-dev,fedora_42,ubuntu_noble,0.0,7,20,0,27
lua-dev,fedora_43,ubuntu_focal,0.0,7,20,0,27
lua-dev,fedora_43,ubuntu_jammy,0.0,7,20,0,27
lua-dev,fedora_43,ubuntu_noble,0.0,7,20,0,27
lua-dev,rhel_8,ubuntu_focal,0.0,6,20,0,26
lua-dev,rhel_8,ubuntu_jammy,0.0,6,20,0,26
lua-dev,rhel_8,ubuntu_noble,0.0,6,20,0,26
lua-dev,rhel_9,ubuntu_focal,0.0,6,20,0,26
lua-dev,rhel_9,ubuntu_jammy,0.0,6,20,0,26
lua-dev,rhel_9,ubuntu_noble,0.0,6,20,0,26
lua5.2-dev,arch,fedora_42,0.0,25,11,0,36
lua5.2-dev,arch,fedora_43,0.0,25,11,0,36
lua5.2-dev,arch,rhel_8,0.0,25,12,0,37
lua5.2-dev,arch,rhel_9,0.0,25,11,0,36
lua5.2-dev,debian_bookworm,fedora_42,0.0,20,11,0,31
lua5.2-dev,debian_bookworm,fedora_43,0.0,20,11,0,31
lua5.2-dev,debian_bookworm,rhel_8,0.0,20,12,0,32
lua5.2-dev,debian_bookworm,rhel_9,0.0,20,11,0,31
lua5.2-dev,fedora_42,ubuntu_focal,0.0,11,19,0,30
lua5.2-dev,fedora_42,ubuntu_jammy,0.0,11,20,0,31
lua5.2-dev,fedora_42,ubuntu_noble,0.0,11,20,0,31
lua5.2-dev,fedora_43,ubuntu_focal,0.0,11,19,0,30
lua5.2-dev,fedora_43,ubuntu_jammy,0.0,11,20,0,31
lua5.2-dev,fedora_43,ubuntu_noble,0.0,11,20,0,31
lua5.2-dev,rhel_8,ubuntu_focal,0.0,12,19,0,31
lua5.2-dev,rhel_8,ubuntu_jammy,0.0,12,20,0,32
lua5.2-dev,rhel_8,ubuntu_noble,0.0,12,20,0,32
lua5.2-dev,rhel_9,ubuntu_focal,0.0,11,19,0,30
lua5.2-dev,rhel_9,ubuntu_jammy,0.0,11,20,0,31
lua5.2-dev,rhel_9,ubuntu_noble,0.0,11,20,0,31
m2r,debian_bookworm,pypi,0.0,5,18,0,23
m2r,opensuse_15.2,pypi,0.0,15,18,0,33
m2r,pypi,ubuntu_focal,0.0,18,4,0,22
m2r,pypi,ubuntu_jammy,0.0,18,4,0,22
m2r,pypi,ubuntu_noble,0.0,18,4,0,22
maven,alpine_edge,debian_bookworm,0.0,63,60,0,123
maven,alpine_edge,ubuntu_focal,0.0,63,58,0,121
maven,alpine_edge,ubuntu_jammy,0.0,63,60,0,123
maven,alpine_edge,ubuntu_noble,0.0,63,60,0,123
maven,arch,debian_bookworm,0.0,99,60,0,159
maven,arch,ubuntu_focal,0.0,99,58,0,157
maven,arch,ubuntu_jammy,0.0,99,60,0,159
maven,arch,ubuntu_noble,0.0,99,60,0,159
mpfr,debian_bookworm,fedora_42,0.0,13,10,0,23
mpfr,debian_bookworm,fedora_43,0.0,13,10,0,23
mpfr,fedora_42,ubuntu_focal,0.0,10,13,0,23
mpfr,fedora_42,ubuntu_jammy,0.0,10,13,0,23
mpfr,fedora_42,ubuntu_noble,0.0,10,13,0,23
mpfr,fedora_43,ubuntu_focal,0.0,10,13,0,23
mpfr,fedora_43,ubuntu_jammy,0.0,10,13,0,23
mpfr,fedora_43,ubuntu_noble,0.0,10,13,0,23
mpg123,debian_bookworm,fedora_42,0.0,39,300,0,339
mpg123,debian_bookworm,fedora_43,0.0,39,263,0,302
mpg123,fedora_42,ubuntu_focal,0.0,300,38,0,338
mpg123,fedora_42,ubuntu_jammy,0.0,300,38,0,338
mpg123,fedora_42,ubuntu_noble,0.0,300,38,0,338
mpg123,fedora_43,ubuntu_focal,0.0,263,38,0,301
mpg123,fedora_43,ubuntu_jammy,0.0,263,38,0,301
mpg123,fedora_43,ubuntu_noble,0.0,263,38,0,301
msr-tools,arch,debian_bookworm,0.0,3,6,0,9
msr-tools,arch,opensuse_15.2,0.0,3,4,0,7
msr-tools,arch,rhel_8,0.0,3,6,0,9
msr-tools,arch,rhel_9,0.0,3,6,0,9
msr-tools,arch,ubuntu_focal,0.0,3,6,0,9
msr-tools,arch,ubuntu_jammy,0.0,3,6,0,9
msr-tools,arch,ubuntu_noble,0.0,3,6,0,9
msr-tools,debian_bookworm,fedora_42,0.0,6,6,0,12
msr-tools,debian_bookworm,fedora_43,0.0,6,6,0,12
msr-tools,fedora_42,opensuse_15.2,0.0,6,4,0,10
msr-tools,fedora_42,rhel_8,0.0,6,6,0,12
msr-tools,fedora_42,rhel_9,0.0,6,6,0,12
msr-tools,fedora_42,ubuntu_focal,0.0,6,6,0,12
msr-tools,fedora_42,ubuntu_jammy,0.0,6,6,0,12
msr-tools,fedora_42,ubuntu_noble,0.0,6,6,0,12
msr-tools,fedora_43,opensuse_15.2,0.0,6,4,0,10
msr-tools,fedora_43,rhel_8,0.0,6,6,0,12
msr-tools,fedora_43,rhel_9,0.0,6,6,0,12
msr-tools,fedora_43,ubuntu_focal,0.0,6,6,0,12
msr-tools,fedora_43,ubuntu_jammy,0.0,6,6,0,12
msr-tools,fedora_43,ubuntu_noble,0.0,6,6,0,12
nanobind-dev,arch,pypi,0.0,100,90,0,190
nanobind-dev,arch,ubuntu_noble,0.0,100,76,0,176
nanobind-dev,pypi,ubuntu_noble,0.0,90,76,0,166
ntp,arch,debian_bookworm,0.0,275,3,0,278
ntp,arch,ubuntu_noble,0.0,275,4,0,279
ntpdate,arch,debian_bookworm,0.0,275,3,0,278
ntpdate,arch,ubuntu_focal,0.0,275,11,0,286
ntpdate,arch,ubuntu_jammy,0.0,275,11,0,286
ntpdate,arch,ubuntu_noble,0.0,275,3,0,278
nvidia-cuda,arch,debian_bookworm,0.0,3030,53,0,3083
nvidia-cuda,arch,ubuntu_focal,0.0,3030,41,0,3071
nvidia-cuda,arch,ubuntu_jammy,0.0,3030,52,0,3082
nvidia-cuda,arch,ubuntu_noble,0.0,3030,52,0,3082
nvidia-cudnn,arch,debian_bookworm,0.0,39,3,0,42
nvidia-cudnn,arch,ubuntu_jammy,0.0,39,3,0,42
nvidia-cudnn,arch,ubuntu_noble,0.0,39,6,0,45
ocl-icd-opencl-dev,arch,debian_bookworm,0.0,12,5,0,17
ocl-icd-opencl-dev,arch,ubuntu_focal,0.0,12,4,0,16
ocl-icd-opencl-dev,arch,ubuntu_jammy,0.0,12,4,0,16
ocl-icd-opencl-dev,arch,ubuntu_noble,0.0,12,4,0,16
ocl-icd-opencl-dev,debian_bookworm,fedora_42,0.0,5,12,0,17
ocl-icd-opencl-dev,debian_bookworm,fedora_43,0.0,5,12,0,17
ocl-icd-opencl-dev,debian_bookworm,rhel_8,0.0,5,9,0,14
ocl-icd-opencl-dev,debian_bookworm,rhel_9,0.0,5,9,0,14
ocl-icd-opencl-dev,fedora_42,ubuntu_focal,0.0,12,4,0,16
ocl-icd-opencl-dev,fedora_42,ubuntu_jammy,0.0,12,4,0,16
ocl-icd-opencl-dev,fedora_42,ubuntu_noble,0.0,12,4,0,16
ocl-icd-opencl-dev,fedora_43,ubuntu_focal,0.0,12,4,0,16
ocl-icd-opencl-dev,fedora_43,ubuntu_jammy,0.0,12,4,0,16
ocl-icd-opencl-dev,fedora_43,ubuntu_noble,0.0,12,4,0,16
ocl-icd-opencl-dev,rhel_8,ubuntu_focal,0.0,9,4,0,13
ocl-icd-opencl-dev,rhel_8,ubuntu_jammy,0.0,9,4,0,13
ocl-icd-opencl-dev,rhel_8,ubuntu_noble,0.0,9,4,0,13
ocl-icd-opencl-dev,rhel_9,ubuntu_focal,0.0,9,4,0,13
ocl-icd-opencl-dev,rhel_9,ubuntu_jammy,0.0,9,4,0,13
ocl-icd-opencl-dev,rhel_9,ubuntu_noble,0.0,9,4,0,13
opencl-headers,arch,debian_bookworm,0.0,23,2,0,25
opencl-headers,arch,ubuntu_focal,0.0,23,3,0,26
opencl-headers,arch,ubuntu_jammy,0.0,23,2,0,25
opencl-headers,arch,ubuntu_noble,0.0,23,2,0,25
opencl-headers,debian_bookworm,fedora_42,0.0,2,18,0,20
opencl-headers,debian_bookworm,fedora_43,0.0,2,18,0,20
opencl-headers,debian_bookworm,rhel_8,0.0,2,11,0,13
opencl-headers,debian_bookworm,rhel_9,0.0,2,14,0,16
opencl-headers,fedora_42,ubuntu_focal,0.0,18,3,0,21
opencl-headers,fedora_42,ubuntu_jammy,0.0,18,2,0,20
opencl-headers,fedora_42,ubuntu_noble,0.0,18,2,0,20
opencl-headers,fedora_43,ubuntu_focal,0.0,18,3,0,21
opencl-headers,fedora_43,ubuntu_jammy,0.0,18,2,0,20
opencl-headers,fedora_43,ubuntu_noble,0.0,18,2,0,20
opencl-headers,rhel_8,ubuntu_focal,0.0,11,3,0,14
opencl-headers,rhel_8,ubuntu_jammy,0.0,11,2,0,13
opencl-headers,rhel_8,ubuntu_noble,0.0,11,2,0,13
opencl-headers,rhel_9,ubuntu_focal,0.0,14,3,0,17
opencl-headers,rhel_9,ubuntu_jammy,0.0,14,2,0,16
opencl-headers,rhel_9,ubuntu_noble,0.0,14,2,0,16
openssl,alpine_edge,opensuse_15.2,0.0,1,1,0,2
openssl,arch,opensuse_15.2,0.0,6706,1,0,6707
openssl,debian_bookworm,opensuse_15.2,0.0,301,1,0,302
openssl,fedora_42,opensuse_15.2,0.0,306,1,0,307
openssl,fedora_43,opensuse_15.2,0.0,359,1,0,360
openssl,opensuse_15.2,rhel_8,0.0,1,139,0,140
openssl,opensuse_15.2,rhel_9,0.0,1,363,0,364
openssl,opensuse_15.2,ubuntu_focal,0.0,1,145,0,146
openssl,opensuse_15.2,ubuntu_jammy,0.0,1,296,0,297
openssl,opensuse_15.2,ubuntu_noble,0.0,1,301,0,302
pkg-config,alpine_edge,debian_bookworm,0.0,7,4,0,11
pkg-config,alpine_edge,ubuntu_noble,0.0,7,3,0,10
pkg-config,arch,debian_bookworm,0.0,26,4,0,30
pkg-config,arch,ubuntu_noble,0.0,26,3,0,29
pkg-config,debian_bookworm,opensuse_15.2,0.0,4,10,0,14
pkg-config,opensuse_15.2,ubuntu_noble,0.0,10,3,0,13
platformio,fedora_42,pypi,0.0,4,291,0,295
platformio,fedora_43,pypi,0.0,4,291,0,295
platformio,pypi,ubuntu_jammy,0.0,291,290,0,581
platformio,pypi,ubuntu_noble,0.0,291,290,0,581
postgresql-client,debian_bookworm,fedora_42,0.0,2,328,0,330
postgresql-client,debian_bookworm,fedora_43,0.0,2,326,0,328
postgresql-client,fedora_42,ubuntu_focal,0.0,328,2,0,330
postgresql-client,fedora_42,ubuntu_jammy,0.0,328,2,0,330
postgresql-client,fedora_42,ubuntu_noble,0.0,328,2,0,330
postgresql-client,fedora_43,ubuntu_focal,0.0,326,2,0,328
postgresql-client,fedora_43,ubuntu_jammy,0.0,326,2,0,328
postgresql-client,fedora_43,ubuntu_noble,0.0,326,2,0,328
proj,debian_bookworm,opensuse_15.2,0.0,37,50,0,87
proj,fedora_42,opensuse_15.2,0.0,43,50,0,93
proj,fedora_43,opensuse_15.2,0.0,43,50,0,93
proj,opensuse_15.2,rhel_9,0.0,50,28,0,78
proj,opensuse_15.2,ubuntu_focal,0.0,50,29,0,79
proj,opensuse_15.2,ubuntu_jammy,0.0,50,24,0,74
proj,opensuse_15.2,ubuntu_noble,0.0,50,34,0,84
pybind11-dev,arch,debian_bookworm,0.0,93,40,0,133
pybind11-dev,arch,ubuntu_focal,0.0,93,31,0,124
pybind11-dev,arch,ubuntu_jammy,0.0,93,36,0,129
pybind11-dev,arch,ubuntu_noble,0.0,93,41,0,134
pyflakes3,alpine_edge,debian_bookworm,0.0,29,5,0,34
pyflakes3,alpine_edge,ubuntu_focal,0.0,29,4,0,33
pyflakes3,alpine_edge,ubuntu_jammy,0.0,29,4,0,33
pyflakes3,alpine_edge,ubuntu_noble,0.0,29,4,0,33
pyflakes3,arch,debian_bookworm,0.0,72,5,0,77
pyflakes3,arch,ubuntu_focal,0.0,72,4,0,76
pyflakes3,arch,ubuntu_jammy,0.0,72,4,0,76
pyflakes3,arch,ubuntu_noble,0.0,72,4,0,76
pyflakes3,debian_bookworm,fedora_42,0.0,5,39,0,44
pyflakes3,debian_bookworm,fedora_43,0.0,5,39,0,44
pyflakes3,debian_bookworm,rhel_8,0.0,5,41,0,46
pyflakes3,debian_bookworm,rhel_9,0.0,5,39,0,44
pyflakes3,fedora_42,ubuntu_focal,0.0,39,4,0,43
pyflakes3,fedora_42,ubuntu_jammy,0.0,39,4,0,43
pyflakes3,fedora_42,ubuntu_noble,0.0,39,4,0,43
pyflakes3,fedora_43,ubuntu_focal,0.0,39,4,0,43
pyflakes3,fedora_43,ubuntu_jammy,0.0,39,4,0,43
pyflakes3,fedora_43,ubuntu_noble,0.0,39,4,0,43
pyflakes3,rhel_8,ubuntu_focal,0.0,41,4,0,45
pyflakes3,rhel_8,ubuntu_jammy,0.0,41,4,0,45
pyflakes3,rhel_8,ubuntu_noble,0.0,41,4,0,45
pyflakes3,rhel_9,ubuntu_focal,0.0,39,4,0,43
pyflakes3,rhel_9,ubuntu_jammy,0.0,39,4,0,43
pyflakes3,rhel_9,ubuntu_noble,0.0,39,4,0,43
pyqt5-dev-tools,debian_bookworm,rhel_8,0.0,14,1672,0,1686
pyqt5-dev-tools,debian_bookworm,rhel_9,0.0,14,1602,0,1616
pyqt5-dev-tools,rhel_8,rhel_9,0.0,1672,1602,0,3274
pyqt5-dev-tools,rhel_8,ubuntu_focal,0.0,1672,13,0,1685
pyqt5-dev-tools,rhel_8,ubuntu_jammy,0.0,1672,13,0,1685
pyqt5-dev-tools,rhel_8,ubuntu_noble,0.0,1672,13,0,1685
pyqt5-dev-tools,rhel_9,ubuntu_focal,0.0,1602,13,0,1615
pyqt5-dev-tools,rhel_9,ubuntu_jammy,0.0,1602,13,0,1615
pyqt5-dev-tools,rhel_9,ubuntu_noble,0.0,1602,13,0,1615
python-pylint3,fedora_42,ubuntu_focal,0.0,540,97,0,637
python-pylint3,fedora_42,ubuntu_jammy,0.0,540,144,0,684
python-pylint3,fedora_42,ubuntu_noble,0.0,540,196,0,736
python-pylint3,fedora_43,ubuntu_focal,0.0,540,97,0,637
python-pylint3,fedora_43,ubuntu_jammy,0.0,540,144,0,684
python-pylint3,fedora_43,ubuntu_noble,0.0,540,196,0,736
python3,alpine_edge,debian_bookworm,0.0,701,20,0,721
python3,alpine_edge,fedora_42,0.0,701,313,0,1014
python3,alpine_edge,opensuse_15.2,0.0,701,120,0,821
python3,alpine_edge,rhel_9,0.0,701,212,0,913
python3,alpine_edge,ubuntu_focal,0.0,701,3,0,704
python3,alpine_edge,ubuntu_jammy,0.0,701,18,0,719
python3,alpine_edge,ubuntu_noble,0.0,701,17,0,718
python3-aiohttp,arch,debian_bookworm,0.0,191,83,0,274
python3-aiohttp,arch,opensuse_15.2,0.0,191,4,0,195
python3-aiohttp,arch,rhel_8,0.0,191,181,0,372
python3-aiohttp,arch,rhel_9,0.0,191,163,0,354
python3-aiohttp,arch,ubuntu_focal,0.0,191,86,0,277
python3-aiohttp,arch,ubuntu_jammy,0.0,191,82,0,273
python3-aiohttp,arch,ubuntu_noble,0.0,191,83,0,274
python3-aiohttp,debian_bookworm,opensuse_15.2,0.0,83,4,0,87
python3-aiohttp,debian_bookworm,rhel_8,0.0,83,181,0,264
python3-aiohttp,debian_bookworm,rhel_9,0.0,83,163,0,246
python3-aiohttp,opensuse_15.2,rhel_8,0.0,4,181,0,185
python3-aiohttp,opensuse_15.2,rhel_9,0.0,4,163,0,167
python3-aiohttp,opensuse_15.2,ubuntu_focal,0.0,4,86,0,90
python3-aiohttp,opensuse_15.2,ubuntu_jammy,0.0,4,82,0,86
python3-aiohttp,opensuse_15.2,ubuntu_noble,0.0,4,83,0,87
python3-aiohttp,rhel_8,ubuntu_focal,0.0,181,86,0,267
python3-aiohttp,rhel_8,ubuntu_jammy,0.0,181,82,0,263
python3-aiohttp,rhel_8,ubuntu_noble,0.0,181,83,0,264
python3-aiohttp,rhel_9,ubuntu_focal,0.0,163,86,0,249
python3-aiohttp,rhel_9,ubuntu_jammy,0.0,163,82,0,245
python3-aiohttp,rhel_9,ubuntu_noble,0.0,163,83,0,246
python3-alembic,alpine_edge,debian_bookworm,0.0,84,85,0,169
python3-alembic,alpine_edge,rhel_8,0.0,84,291,0,375
python3-alembic,alpine_edge,ubuntu_focal,0.0,84,62,0,146
python3-alembic,alpine_edge,ubuntu_jammy,0.0,84,88,0,172
python3-alembic,alpine_edge,ubuntu_noble,0.0,84,85,0,169
python3-alembic,arch,debian_bookworm,0.0,224,85,0,309
python3-alembic,arch,rhel_8,0.0,224,291,0,515
python3-alembic,arch,ubuntu_focal,0.0,224,62,0,286
python3-alembic,arch,ubuntu_jammy,0.0,224,88,0,312
python3-alembic,arch,ubuntu_noble,0.0,224,85,0,309
python3-alembic,debian_bookworm,fedora_42,0.0,85,221,0,306
python3-alembic,debian_bookworm,fedora_43,0.0,85,235,0,320
python3-alembic,debian_bookworm,opensuse_15.2,0.0,85,199,0,284
python3-alembic,debian_bookworm,rhel_8,0.0,85,291,0,376
python3-alembic,debian_bookworm,rhel_9,0.0,85,317,0,402
python3-alembic,fedora_42,ubuntu_focal,0.0,221,62,0,283
python3-alembic,fedora_42,ubuntu_jammy,0.0,221,88,0,309
python3-alembic,fedora_42,ubuntu_noble,0.0,221,85,0,306
python3-alembic,fedora_43,ubuntu_focal,0.0,235,62,0,297
python3-alembic,fedora_43,ubuntu_jammy,0.0,235,88,0,323
python3-alembic,fedora_43,ubuntu_noble,0.0,235,85,0,320
python3-alembic,opensuse_15.2,ubuntu_focal,0.0,199,62,0,261
python3-alembic,opensuse_15.2,ubuntu_jammy,0.0,199,88,0,287
python3-alembic,opensuse_15.2,ubuntu_noble,0.0,199,85,0,284
python3-alembic,rhel_8,ubuntu_focal,0.0,291,62,0,353
python3-alembic,rhel_8,ubuntu_jammy,0.0,291,88,0,379
python3-alembic,rhel_8,ubuntu_noble,0.0,291,85,0,376
python3-alembic,rhel_9,ubuntu_focal,0.0,317,62,0,379
python3-alembic,rhel_9,ubuntu_jammy,0.0,317,88,0,405
python3-alembic,rhel_9,ubuntu_noble,0.0,317,85,0,402
python3-apscheduler,debian_bookworm,fedora_42,0.0,63,124,0,187
python3-apscheduler,debian_bookworm,fedora_43,0.0,63,124,0,187
python3-apscheduler,fedora_42,ubuntu_focal,0.0,124,47,0,171
python3-apscheduler,fedora_42,ubuntu_jammy,0.0,124,63,0,187
python3-apscheduler,fedora_42,ubuntu_noble,0.0,124,63,0,187
python3-apscheduler,fedora_43,ubuntu_focal,0.0,124,47,0,171
python3-apscheduler,fedora_43,ubuntu_jammy,0.0,124,63,0,187
python3-apscheduler,fedora_43,ubuntu_noble,0.0,124,63,0,187
python3-apt,debian_bookworm,fedora_42,0.0,26,65,0,91
python3-apt,debian_bookworm,fedora_43,0.0,26,65,0,91
python3-apt,fedora_42,ubuntu_focal,0.0,65,25,0,90
python3-apt,fedora_42,ubuntu_jammy,0.0,65,25,0,90
python3-apt,fedora_42,ubuntu_noble,0.0,65,26,0,91
python3-apt,fedora_43,ubuntu_focal,0.0,65,25,0,90
python3-apt,fedora_43,ubuntu_jammy,0.0,65,25,0,90
python3-apt,fedora_43,ubuntu_noble,0.0,65,26,0,91
python3-argcomplete,alpine_edge,ubuntu_focal,0.0,27,23,0,50
python3-argcomplete,alpine_edge,ubuntu_jammy,0.0,27,23,0,50
python3-argcomplete,arch,ubuntu_focal,0.0,59,23,0,82
python3-argcomplete,arch,ubuntu_jammy,0.0,59,23,0,82
python3-argcomplete,fedora_42,ubuntu_focal,0.0,62,23,0,85
python3-argcomplete,fedora_42,ubuntu_jammy,0.0,62,23,0,85
python3-argcomplete,fedora_43,ubuntu_focal,0.0,62,23,0,85
python3-argcomplete,fedora_43,ubuntu_jammy,0.0,62,23,0,85
python3-argcomplete,rhel_8,ubuntu_focal,0.0,32,23,0,55
python3-argcomplete,rhel_8,ubuntu_jammy,0.0,32,23,0,55
python3-argcomplete,rhel_9,ubuntu_focal,0.0,38,23,0,61
python3-argcomplete,rhel_9,ubuntu_jammy,0.0,38,23,0,61
python3-asyncssh,debian_bookworm,fedora_42,0.0,73,248,0,321
python3-asyncssh,debian_bookworm,fedora_43,0.0,73,248,0,321
python3-asyncssh,fedora_42,ubuntu_focal,0.0,248,65,0,313
python3-asyncssh,fedora_42,ubuntu_jammy,0.0,248,71,0,319
python3-asyncssh,fedora_42,ubuntu_noble,0.0,248,72,0,320
python3-asyncssh,fedora_43,ubuntu_focal,0.0,248,65,0,313
python3-asyncssh,fedora_43,ubuntu_jammy,0.0,248,71,0,319
python3-asyncssh,fedora_43,ubuntu_noble,0.0,248,72,0,320
python3-attrs,debian_bookworm,fedora_42,0.0,38,74,0,112
python3-attrs,debian_bookworm,fedora_43,0.0,38,74,0,112
python3-attrs,debian_bookworm,opensuse_15.2,0.0,38,46,0,84
python3-attrs,debian_bookworm,rhel_8,0.0,38,36,0,74
python3-attrs,debian_bookworm,rhel_9,0.0,38,53,0,91
python3-attrs,fedora_42,opensuse_15.2,0.0,74,46,0,120
python3-attrs,fedora_42,rhel_8,0.0,74,36,0,110
python3-attrs,fedora_42,rhel_9,0.0,74,53,0,127
python3-attrs,fedora_42,ubuntu_focal,0.0,74,24,0,98
python3-attrs,fedora_42,ubuntu_jammy,0.0,74,29,0,103
python3-attrs,fedora_42,ubuntu_noble,0.0,74,36,0,110
python3-attrs,fedora_43,opensuse_15.2,0.0,74,46,0,120
python3-attrs,fedora_43,rhel_8,0.0,74,36,0,110
python3-attrs,fedora_43,rhel_9,0.0,74,53,0,127
python3-attrs,fedora_43,ubuntu_focal,0.0,74,24,0,98
python3-attrs,fedora_43,ubuntu_jammy,0.0,74,29,0,103
python3-attrs,fedora_43,ubuntu_noble,0.0,74,36,0,110
python3-attrs,opensuse_15.2,ubuntu_focal,0.0,46,24,0,70
python3-attrs,opensuse_15.2,ubuntu_jammy,0.0,46,29,0,75
python3-attrs,opensuse_15.2,ubuntu_noble,0.0,46,36,0,82
python3-attrs,rhel_8,ubuntu_focal,0.0,36,24,0,60
python3-attrs,rhel_8,ubuntu_jammy,0.0,36,29,0,65
python3-attrs,rhel_8,ubuntu_noble,0.0,36,36,0,72
python3-attrs,rhel_9,ubuntu_focal,0.0,53,24,0,77
python3-attrs,rhel_9,ubuntu_jammy,0.0,53,29,0,82
python3-attrs,rhel_9,ubuntu_noble,0.0,53,36,0,89
python3-autobahn,fedora_42,ubuntu_focal,0.0,731,80,0,811
python3-autobahn,fedora_43,ubuntu_focal,0.0,730,80,0,810
python3-autobahn,rhel_8,ubuntu_focal,0.0,506,80,0,586
python3-autobahn,rhel_9,ubuntu_focal,0.0,689,80,0,769
python3-babel,debian_bookworm,fedora_42,0.0,36,1157,0,1193
python3-babel,debian_bookworm,fedora_43,0.0,36,1157,0,1193
python3-babel,debian_bookworm,opensuse_15.2,0.0,36,844,0,880
python3-babel,debian_bookworm,rhel_8,0.0,36,796,0,832
python3-babel,debian_bookworm,rhel_9,0.0,36,870,0,906
python3-babel,fedora_42,fedora_43,0.0,1157,1157,0,2314
python3-babel,fedora_42,opensuse_15.2,0.0,1157,844,0,2001
python3-babel,fedora_42,rhel_8,0.0,1157,796,0,1953
python3-babel,fedora_42,rhel_9,0.0,1157,870,0,2027
python3-babel,fedora_42,ubuntu_focal,0.0,1157,36,0,1193
python3-babel,fedora_42,ubuntu_jammy,0.0,1157,36,0,1193
python3-babel,fedora_42,ubuntu_noble,0.0,1157,35,0,1192
python3-babel,fedora_43,opensuse_15.2,0.0,1157,844,0,2001
python3-babel,fedora_43,rhel_8,0.0,1157,796,0,1953
python3-babel,fedora_43,rhel_9,0.0,1157,870,0,2027
python3-babel,fedora_43,ubuntu_focal,0.0,1157,36,0,1193
python3-babel,fedora_43,ubuntu_jammy,0.0,1157,36,0,1193
python3-babel,fedora_43,ubuntu_noble,0.0,1157,35,0,1192
python3-babel,opensuse_15.2,rhel_9,0.0,844,870,0,1714
python3-babel,opensuse_15.2,ubuntu_focal,0.0,844,36,0,880
python3-babel,opensuse_15.2,ubuntu_jammy,0.0,844,36,0,880
python3-babel,opensuse_15.2,ubuntu_noble,0.0,844,35,0,879
python3-babel,rhel_8,rhel_9,0.0,796,870,0,1666
python3-babel,rhel_8,ubuntu_focal,0.0,796,36,0,832
python3-babel,rhel_8,ubuntu_jammy,0.0,796,36,0,832
python3-babel,rhel_8,ubuntu_noble,0.0,796,35,0,831
python3-babel,rhel_9,ubuntu_focal,0.0,870,36,0,906
python3-babel,rhel_9,ubuntu_jammy,0.0,870,36,0,906
python3-babel,rhel_9,ubuntu_noble,0.0,870,35,0,905
python3-babeltrace,alpine_edge,debian_bookworm,0.0,39,7,0,46
python3-babeltrace,alpine_edge,fedora_42,0.0,39,12,0,51
python3-babeltrace,alpine_edge,fedora_43,0.0,39,12,0,51
python3-babeltrace,alpine_edge,opensuse_15.2,0.0,39,4,0,43
python3-babeltrace,alpine_edge,rhel_8,0.0,39,9,0,48
python3-babeltrace,alpine_edge,rhel_9,0.0,39,9,0,48
python3-babeltrace,alpine_edge,ubuntu_focal,0.0,39,5,0,44
python3-babeltrace,alpine_edge,ubuntu_jammy,0.0,39,5,0,44
python3-babeltrace,alpine_edge,ubuntu_noble,0.0,39,5,0,44
python3-babeltrace,debian_bookworm,fedora_42,0.0,7,12,0,19
python3-babeltrace,debian_bookworm,fedora_43,0.0,7,12,0,19
python3-babeltrace,debian_bookworm,opensuse_15.2,0.0,7,4,0,11
python3-babeltrace,debian_bookworm,rhel_8,0.0,7,9,0,16
python3-babeltrace,debian_bookworm,rhel_9,0.0,7,9,0,16
python3-babeltrace,fedora_42,fedora_43,0.0,12,12,0,24
python3-babeltrace,fedora_42,opensuse_15.2,0.0,12,4,0,16
python3-babeltrace,fedora_42,rhel_8,0.0,12,9,0,21
python3-babeltrace,fedora_42,rhel_9,0.0,12,9,0,21
python3-babeltrace,fedora_42,ubuntu_focal,0.0,12,5,0,17
python3-babeltrace,fedora_42,ubuntu_jammy,0.0,12,5,0,17
python3-babeltrace,fedora_42,ubuntu_noble,0.0,12,5,0,17
python3-babeltrace,fedora_43,opensuse_15.2,0.0,12,4,0,16
python3-babeltrace,fedora_43,rhel_8,0.0,12,9,0,21
python3-babeltrace,fedora_43,rhel_9,0.0,12,9,0,21
python3-babeltrace,fedora_43,ubuntu_focal,0.0,12,5,0,17
python3-babeltrace,fedora_43,ubuntu_jammy,0.0,12,5,0,17
python3-babeltrace,fedora_43,ubuntu_noble,0.0,12,5,0,17
python3-babeltrace,opensuse_15.2,rhel_9,0.0,4,9,0,13
python3-babeltrace,opensuse_15.2,ubuntu_focal,0.0,4,5,0,9
python3-babeltrace,opensuse_15.2,ubuntu_jammy,0.0,4,5,0,9
python3-babeltrace,opensuse_15.2,ubuntu_noble,0.0,4,5,0,9
python3-babeltrace,rhel_8,rhel_9,0.0,9,9,0,18
python3-babeltrace,rhel_8,ubuntu_focal,0.0,9,5,0,14
python3-babeltrace,rhel_8,ubuntu_jammy,0.0,9,5,0,14
python3-babeltrace,rhel_8,ubuntu_noble,0.0,9,5,0,14
python3-babeltrace,rhel_9,ubuntu_focal,0.0,9,5,0,14
python3-babeltrace,rhel_9,ubuntu_jammy,0.0,9,5,0,14
python3-babeltrace,rhel_9,ubuntu_noble,0.0,9,5,0,14
python3-bcrypt,debian_bookworm,fedora_42,0.0,14,15,0,29
python3-bcrypt,debian_bookworm,fedora_43,0.0,14,14,0,28
python3-bcrypt,debian_bookworm,opensuse_15.2,0.0,14,15,0,29
python3-bcrypt,debian_bookworm,rhel_8,0.0,14,16,0,30
python3-bcrypt,debian_bookworm,rhel_9,0.0,14,18,0,32
python3-bcrypt,fedora_42,ubuntu_focal,0.0,15,11,0,26
python3-bcrypt,fedora_42,ubuntu_jammy,0.0,15,12,0,27
python3-bcrypt,fedora_42,ubuntu_noble,0.0,15,13,0,28
python3-bcrypt,fedora_43,opensuse_15.2,0.0,14,15,0,29
python3-bcrypt,fedora_43,ubuntu_focal,0.0,14,11,0,25
python3-bcrypt,fedora_43,ubuntu_jammy,0.0,14,12,0,26
python3-bcrypt,fedora_43,ubuntu_noble,0.0,14,13,0,27
python3-bcrypt,opensuse_15.2,ubuntu_focal,0.0,15,11,0,26
python3-bcrypt,opensuse_15.2,ubuntu_jammy,0.0,15,12,0,27
python3-bcrypt,opensuse_15.2,ubuntu_noble,0.0,15,13,0,28
python3-bcrypt,rhel_8,ubuntu_focal,0.0,16,11,0,27
python3-bcrypt,rhel_8,ubuntu_jammy,0.0,16,12,0,28
python3-bcrypt,rhel_8,ubuntu_noble,0.0,16,13,0,29
python3-bcrypt,rhel_9,ubuntu_focal,0.0,18,11,0,29
python3-bcrypt,rhel_9,ubuntu_jammy,0.0,18,12,0,30
python3-bcrypt,rhel_9,ubuntu_noble,0.0,18,13,0,31
python3-beartype,fedora_42,ubuntu_noble,0.0,900,293,0,1193
python3-beartype,fedora_43,ubuntu_noble,0.0,1196,293,0,1489
python3-bidict,arch,debian_bookworm,0.0,43,22,0,65
python3-bidict,arch,fedora_42,0.0,43,44,0,87
python3-bidict,arch,ubuntu_focal,0.0,43,126,0,169
python3-bidict,arch,ubuntu_jammy,0.0,43,109,0,152
python3-bidict,arch,ubuntu_noble,0.0,43,21,0,64
python3-bidict,debian_bookworm,fedora_42,0.0,22,44,0,66
python3-bidict,debian_bookworm,fedora_43,0.0,22,44,0,66
python3-bidict,fedora_42,ubuntu_focal,0.0,44,126,0,170
python3-bidict,fedora_42,ubuntu_jammy,0.0,44,109,0,153
python3-bidict,fedora_42,ubuntu_noble,0.0,44,21,0,65
python3-bidict,fedora_43,ubuntu_focal,0.0,44,126,0,170
python3-bidict,fedora_43,ubuntu_jammy,0.0,44,109,0,153
python3-bidict,fedora_43,ubuntu_noble,0.0,44,21,0,65
python3-bitarray,debian_bookworm,fedora_42,0.0,64,28,0,92
python3-bitarray,debian_bookworm,fedora_43,0.0,64,28,0,92
python3-bitarray,fedora_42,fedora_43,0.0,28,28,0,56
python3-bitarray,fedora_42,ubuntu_focal,0.0,28,24,0,52
python3-bitarray,fedora_42,ubuntu_jammy,0.0,28,34,0,62
python3-bitarray,fedora_42,ubuntu_noble,0.0,28,66,0,94
python3-bitarray,fedora_43,ubuntu_focal,0.0,28,24,0,52
python3-bitarray,fedora_43,ubuntu_jammy,0.0,28,34,0,62
python3-bitarray,fedora_43,ubuntu_noble,0.0,28,66,0,94
python3-bitstring,debian_bookworm,fedora_42,0.0,5,50,0,55
python3-bitstring,debian_bookworm,fedora_43,0.0,5,50,0,55
python3-bitstring,debian_bookworm,opensuse_15.2,0.0,5,6,0,11
python3-bitstring,debian_bookworm,rhel_8,0.0,5,7,0,12
python3-bitstring,debian_bookworm,rhel_9,0.0,5,10,0,15
python3-bitstring,fedora_42,opensuse_15.2,0.0,50,6,0,56
python3-bitstring,fedora_42,ubuntu_focal,0.0,50,4,0,54
python3-bitstring,fedora_42,ubuntu_jammy,0.0,50,4,0,54
python3-bitstring,fedora_42,ubuntu_noble,0.0,50,21,0,71
python3-bitstring,fedora_43,opensuse_15.2,0.0,50,6,0,56
python3-bitstring,fedora_43,ubuntu_focal,0.0,50,4,0,54
python3-bitstring,fedora_43,ubuntu_jammy,0.0,50,4,0,54
python3-bitstring,fedora_43,ubuntu_noble,0.0,50,21,0,71
python3-bitstring,opensuse_15.2,ubuntu_focal,0.0,6,4,0,10
python3-bitstring,opensuse_15.2,ubuntu_jammy,0.0,6,4,0,10
python3-bitstring,opensuse_15.2,ubuntu_noble,0.0,6,21,0,27
python3-bitstring,rhel_8,ubuntu_focal,0.0,7,4,0,11
python3-bitstring,rhel_8,ubuntu_jammy,0.0,7,4,0,11
python3-bitstring,rhel_8,ubuntu_noble,0.0,7,21,0,28
python3-bitstring,rhel_9,ubuntu_focal,0.0,10,4,0,14
python3-bitstring,rhel_9,ubuntu_jammy,0.0,10,4,0,14
python3-bitstring,rhel_9,ubuntu_noble,0.0,10,21,0,31
python3-bluez,debian_bookworm,fedora_42,0.0,35,31,0,66
python3-bluez,debian_bookworm,fedora_43,0.0,35,30,0,65
python3-bluez,fedora_42,fedora_43,0.0,31,30,0,61
python3-bluez,fedora_42,ubuntu_focal,0.0,31,14,0,45
python3-bluez,fedora_42,ubuntu_jammy,0.0,31,33,0,64
python3-bluez,fedora_42,ubuntu_noble,0.0,31,33,0,64
python3-bluez,fedora_43,ubuntu_focal,0.0,30,14,0,44
python3-bluez,fedora_43,ubuntu_jammy,0.0,30,33,0,63
python3-bluez,fedora_43,ubuntu_noble,0.0,30,33,0,63
python3-boto3,debian_bookworm,fedora_42,0.0,64,144,0,208
python3-boto3,debian_bookworm,fedora_43,0.0,64,143,0,207
python3-boto3,debian_bookworm,opensuse_15.2,0.0,64,137,0,201
python3-boto3,debian_bookworm,rhel_8,0.0,64,134,0,198
python3-boto3,debian_bookworm,rhel_9,0.0,64,134,0,198
python3-boto3,fedora_42,ubuntu_jammy,0.0,144,63,0,207
python3-boto3,fedora_42,ubuntu_noble,0.0,144,65,0,209
python3-boto3,fedora_43,ubuntu_jammy,0.0,143,63,0,206
python3-boto3,fedora_43,ubuntu_noble,0.0,143,65,0,208
python3-boto3,opensuse_15.2,ubuntu_focal,0.0,137,62,0,199
python3-boto3,opensuse_15.2,ubuntu_jammy,0.0,137,63,0,200
python3-boto3,opensuse_15.2,ubuntu_noble,0.0,137,65,0,202
python3-boto3,rhel_8,ubuntu_jammy,0.0,134,63,0,197
python3-boto3,rhel_8,ubuntu_noble,0.0,134,65,0,199
python3-boto3,rhel_9,ubuntu_jammy,0.0,134,63,0,197
python3-boto3,rhel_9,ubuntu_noble,0.0,134,65,0,199
python3-bottle,debian_bookworm,fedora_42,0.0,7,177,0,184
python3-bottle,debian_bookworm,fedora_43,0.0,7,178,0,185
python3-bottle,fedora_42,ubuntu_focal,0.0,177,6,0,183
python3-bottle,fedora_42,ubuntu_jammy,0.0,177,6,0,183
python3-bottle,fedora_42,ubuntu_noble,0.0,177,6,0,183
python3-bottle,fedora_43,ubuntu_focal,0.0,178,6,0,184
python3-bottle,fedora_43,ubuntu_jammy,0.0,178,6,0,184
python3-bottle,fedora_43,ubuntu_noble,0.0,178,6,0,184
python3-box,debian_bookworm,fedora_42,0.0,8,39,0,47
python3-box,debian_bookworm,fedora_43,0.0,8,39,0,47
python3-box,debian_bookworm,pypi,0.0,8,36,0,44
python3-box,fedora_42,pypi,0.0,39,36,0,75
python3-box,fedora_42,ubuntu_jammy,0.0,39,7,0,46
python3-box,fedora_42,ubuntu_noble,0.0,39,7,0,46
python3-box,fedora_43,pypi,0.0,39,36,0,75
python3-box,fedora_43,ubuntu_jammy,0.0,39,7,0,46
python3-box,fedora_43,ubuntu_noble,0.0,39,7,0,46
python3-box,pypi,ubuntu_jammy,0.0,36,7,0,43
python3-box,pypi,ubuntu_noble,0.0,36,7,0,43
python3-breathe,fedora_42,ubuntu_focal,0.0,100,36,0,136
python3-breathe,fedora_43,ubuntu_focal,0.0,99,36,0,135
python3-breathe,opensuse_15.2,ubuntu_focal,0.0,92,36,0,128
python3-breathe,rhel_8,ubuntu_focal,0.0,90,36,0,126
python3-breathe,rhel_9,ubuntu_focal,0.0,100,36,0,136
python3-bs4,arch,debian_bookworm,0.0,52,32,0,84
python3-bs4,arch,ubuntu_focal,0.0,52,24,0,76
python3-bs4,arch,ubuntu_jammy,0.0,52,16,0,68
python3-bs4,arch,ubuntu_noble,0.0,52,51,0,103
python3-bson,debian_bookworm,fedora_42,0.0,21,60,0,81
python3-bson,debian_bookworm,fedora_43,0.0,21,74,0,95
python3-bson,debian_bookworm,rhel_8,0.0,21,59,0,80
python3-bson,debian_bookworm,rhel_9,0.0,21,58,0,79
python3-bson,fedora_42,ubuntu_focal,0.0,60,20,0,80
python3-bson,fedora_42,ubuntu_jammy,0.0,60,20,0,80
python3-bson,fedora_42,ubuntu_noble,0.0,60,20,0,80
python3-bson,fedora_43,ubuntu_focal,0.0,74,20,0,94
python3-bson,fedora_43,ubuntu_jammy,0.0,74,20,0,94
python3-bson,fedora_43,ubuntu_noble,0.0,74,20,0,94
python3-bson,rhel_8,ubuntu_focal,0.0,59,20,0,79
python3-bson,rhel_8,ubuntu_jammy,0.0,59,20,0,79
python3-bson,rhel_8,ubuntu_noble,0.0,59,20,0,79
python3-bson,rhel_9,ubuntu_focal,0.0,58,20,0,78
python3-bson,rhel_9,ubuntu_jammy,0.0,58,20,0,78
python3-bson,rhel_9,ubuntu_noble,0.0,58,20,0,78
python3-cairo,arch,debian_bookworm,0.0,10,9,0,19
python3-cairo,arch,fedora_42,0.0,10,28,0,38
python3-cairo,arch,opensuse_15.2,0.0,10,9,0,19
python3-cairo,arch,rhel_8,0.0,10,19,0,29
python3-cairo,arch,rhel_9,0.0,10,15,0,25
python3-cairo,arch,ubuntu_focal,0.0,10,5,0,15
python3-cairo,arch,ubuntu_jammy,0.0,10,7,0,17
python3-cairo,arch,ubuntu_noble,0.0,10,8,0,18
python3-cairo,debian_bookworm,fedora_42,0.0,9,28,0,37
python3-cairo,debian_bookworm,fedora_43,0.0,9,22,0,31
python3-cairo,debian_bookworm,opensuse_15.2,0.0,9,9,0,18
python3-cairo,debian_bookworm,rhel_8,0.0,9,19,0,28
python3-cairo,debian_bookworm,rhel_9,0.0,9,15,0,24
python3-cairo,fedora_42,ubuntu_focal,0.0,28,5,0,33
python3-cairo,fedora_42,ubuntu_jammy,0.0,28,7,0,35
python3-cairo,fedora_42,ubuntu_noble,0.0,28,8,0,36
python3-cairo,fedora_43,ubuntu_focal,0.0,22,5,0,27
python3-cairo,fedora_43,ubuntu_jammy,0.0,22,7,0,29
python3-cairo,fedora_43,ubuntu_noble,0.0,22,8,0,30
python3-cairo,opensuse_15.2,ubuntu_focal,0.0,9,5,0,14
python3-cairo,opensuse_15.2,ubuntu_jammy,0.0,9,7,0,16
python3-cairo,opensuse_15.2,ubuntu_noble,0.0,9,8,0,17
python3-cairo,rhel_8,ubuntu_focal,0.0,19,5,0,24
python3-cairo,rhel_8,ubuntu_jammy,0.0,19,7,0,26
python3-cairo,rhel_8,ubuntu_noble,0.0,19,8,0,27
python3-cairo,rhel_9,ubuntu_focal,0.0,15,5,0,20
python3-cairo,rhel_9,ubuntu_jammy,0.0,15,7,0,22
python3-cairo,rhel_9,ubuntu_noble,0.0,15,8,0,23
python3-cairosvg,arch,debian_bookworm,0.0,57,26,0,83
python3-cairosvg,arch,fedora_42,0.0,57,60,0,117
python3-cairosvg,arch,opensuse_15.2,0.0,57,63,0,120
python3-cairosvg,arch,ubuntu_focal,0.0,57,26,0,83
python3-cairosvg,arch,ubuntu_jammy,0.0,57,26,0,83
python3-cairosvg,arch,ubuntu_noble,0.0,57,27,0,84
python3-cairosvg,debian_bookworm,opensuse_15.2,0.0,26,63,0,89
python3-cairosvg,opensuse_15.2,ubuntu_focal,0.0,63,26,0,89
python3-cairosvg,opensuse_15.2,ubuntu_jammy,0.0,63,26,0,89
python3-cairosvg,opensuse_15.2,ubuntu_noble,0.0,63,27,0,90
python3-catkin-pkg,alpine_edge,pypi,0.0,44,37,0,81
python3-catkin-pkg,debian_bookworm,pypi,0.0,51,37,0,88
python3-catkin-pkg,fedora_42,pypi,0.0,110,37,0,147
python3-catkin-pkg,fedora_43,pypi,0.0,110,37,0,147
python3-catkin-pkg,pypi,rhel_8,0.0,37,110,0,147
python3-catkin-pkg,pypi,rhel_9,0.0,37,110,0,147
python3-catkin-pkg,pypi,ubuntu_focal,0.0,37,50,0,87
python3-catkin-pkg,pypi,ubuntu_jammy,0.0,37,50,0,87
python3-catkin-pkg,pypi,ubuntu_noble,0.0,37,50,0,87
python3-catkin-pkg-modules,alpine_edge,debian_bookworm,0.0,44,45,0,89
python3-catkin-pkg-modules,alpine_edge,pypi,0.0,44,37,0,81
python3-catkin-pkg-modules,alpine_edge,ubuntu_focal,0.0,44,97,0,141
python3-catkin-pkg-modules,alpine_edge,ubuntu_jammy,0.0,44,57,0,101
python3-catkin-pkg-modules,alpine_edge,ubuntu_noble,0.0,44,41,0,85
python3-catkin-pkg-modules,debian_bookworm,fedora_42,0.0,45,110,0,155
python3-catkin-pkg-modules,debian_bookworm,fedora_43,0.0,45,110,0,155
python3-catkin-pkg-modules,debian_bookworm,pypi,0.0,45,37,0,82
python3-catkin-pkg-modules,debian_bookworm,rhel_8,0.0,45,110,0,155
python3-catkin-pkg-modules,debian_bookworm,rhel_9,0.0,45,110,0,155
python3-catkin-pkg-modules,fedora_42,pypi,0.0,110,37,0,147
python3-catkin-pkg-modules,fedora_42,ubuntu_focal,0.0,110,97,0,207
python3-catkin-pkg-modules,fedora_42,ubuntu_jammy,0.0,110,57,0,167
python3-catkin-pkg-modules,fedora_42,ubuntu_noble,0.0,110,41,0,151
python3-catkin-pkg-modules,fedora_43,pypi,0.0,110,37,0,147
python3-catkin-pkg-modules,fedora_43,ubuntu_focal,0.0,110,97,0,207
python3-catkin-pkg-modules,fedora_43,ubuntu_jammy,0.0,110,57,0,167
python3-catkin-pkg-modules,fedora_43,ubuntu_noble,0.0,110,41,0,151
python3-catkin-pkg-modules,pypi,rhel_8,0.0,37,110,0,147
python3-catkin-pkg-modules,pypi,rhel_9,0.0,37,110,0,147
python3-catkin-pkg-modules,pypi,ubuntu_focal,0.0,37,97,0,134
python3-catkin-pkg-modules,pypi,ubuntu_jammy,0.0,37,57,0,94
python3-catkin-pkg-modules,pypi,ubuntu_noble,0.0,37,41,0,78
python3-catkin-pkg-modules,rhel_8,ubuntu_focal,0.0,110,97,0,207
python3-catkin-pkg-modules,rhel_8,ubuntu_jammy,0.0,110,57,0,167
python3-catkin-pkg-modules,rhel_8,ubuntu_noble,0.0,110,41,0,151
python3-catkin-pkg-modules,rhel_9,ubuntu_focal,0.0,110,97,0,207
python3-catkin-pkg-modules,rhel_9,ubuntu_jammy,0.0,110,57,0,167
python3-catkin-pkg-modules,rhel_9,ubuntu_noble,0.0,110,41,0,151
python3-cbor2,arch,debian_bookworm,0.0,35,13,0,48
python3-cbor2,arch,pypi,0.0,35,11,0,46
python3-cbor2,arch,ubuntu_jammy,0.0,35,12,0,47
python3-cbor2,debian_bookworm,fedora_42,0.0,13,35,0,48
python3-cbor2,debian_bookworm,fedora_43,0.0,13,35,0,48
python3-cbor2,debian_bookworm,pypi,0.0,13,11,0,24
python3-cbor2,fedora_42,pypi,0.0,35,11,0,46
python3-cbor2,fedora_42,ubuntu_jammy,0.0,35,12,0,47
python3-cbor2,fedora_43,pypi,0.0,35,11,0,46
python3-cbor2,fedora_43,ubuntu_jammy,0.0,35,12,0,47
python3-cbor2,pypi,ubuntu_jammy,0.0,11,12,0,23
python3-cbor2,pypi,ubuntu_noble,0.0,11,17,0,28
python3-certifi,debian_bookworm,fedora_42,0.0,13,16,0,29
python3-certifi,debian_bookworm,fedora_43,0.0,13,16,0,29
python3-certifi,debian_bookworm,opensuse_15.2,0.0,13,16,0,29
python3-certifi,debian_bookworm,rhel_8,0.0,13,16,0,29
python3-certifi,debian_bookworm,rhel_9,0.0,13,16,0,29
python3-certifi,fedora_42,opensuse_15.2,0.0,16,16,0,32
python3-certifi,fedora_42,ubuntu_focal,0.0,16,11,0,27
python3-certifi,fedora_42,ubuntu_jammy,0.0,16,12,0,28
python3-certifi,fedora_42,ubuntu_noble,0.0,16,12,0,28
python3-certifi,fedora_43,opensuse_15.2,0.0,16,16,0,32
python3-certifi,fedora_43,ubuntu_focal,0.0,16,11,0,27
python3-certifi,fedora_43,ubuntu_jammy,0.0,16,12,0,28
python3-certifi,fedora_43,ubuntu_noble,0.0,16,12,0,28
python3-certifi,opensuse_15.2,rhel_9,0.0,16,16,0,32
python3-certifi,opensuse_15.2,ubuntu_focal,0.0,16,11,0,27
python3-certifi,opensuse_15.2,ubuntu_jammy,0.0,16,12,0,28
python3-certifi,opensuse_15.2,ubuntu_noble,0.0,16,12,0,28
python3-certifi,rhel_8,ubuntu_focal,0.0,16,11,0,27
python3-certifi,rhel_8,ubuntu_jammy,0.0,16,12,0,28
python3-certifi,rhel_8,ubuntu_noble,0.0,16,12,0,28
python3-certifi,rhel_9,ubuntu_focal,0.0,16,11,0,27
python3-certifi,rhel_9,ubuntu_jammy,0.0,16,12,0,28
python3-certifi,rhel_9,ubuntu_noble,0.0,16,12,0,28
python3-cffi,debian_bookworm,fedora_42,0.0,30,67,0,97
python3-cffi,debian_bookworm,fedora_43,0.0,30,68,0,98
python3-cffi,debian_bookworm,rhel_8,0.0,30,61,0,91
python3-cffi,debian_bookworm,rhel_9,0.0,30,63,0,93
python3-cffi,fedora_42,rhel_8,0.0,67,61,0,128
python3-cffi,fedora_42,rhel_9,0.0,67,63,0,130
python3-cffi,fedora_42,ubuntu_focal,0.0,67,29,0,96
python3-cffi,fedora_42,ubuntu_jammy,0.0,67,29,0,96
python3-cffi,fedora_42,ubuntu_noble,0.0,67,30,0,97
python3-cffi,fedora_43,rhel_8,0.0,68,61,0,129
python3-cffi,fedora_43,rhel_9,0.0,68,63,0,131
python3-cffi,fedora_43,ubuntu_focal,0.0,68,29,0,97
python3-cffi,fedora_43,ubuntu_jammy,0.0,68,29,0,97
python3-cffi,fedora_43,ubuntu_noble,0.0,68,30,0,98
python3-cffi,rhel_8,ubuntu_focal,0.0,61,29,0,90
python3-cffi,rhel_8,ubuntu_jammy,0.0,61,29,0,90
python3-cffi,rhel_8,ubuntu_noble,0.0,61,30,0,91
python3-cffi,rhel_9,ubuntu_focal,0.0,63,29,0,92
python3-cffi,rhel_9,ubuntu_jammy,0.0,63,29,0,92
python3-cffi,rhel_9,ubuntu_noble,0.0,63,30,0,93
python3-click,debian_bookworm,fedora_42,0.0,24,57,0,81
python3-click,debian_bookworm,fedora_43,0.0,24,57,0,81
python3-click,debian_bookworm,rhel_8,0.0,24,58,0,82
python3-click,debian_bookworm,rhel_9,0.0,24,60,0,84
python3-click,fedora_42,rhel_8,0.0,57,58,0,115
python3-click,fedora_42,ubuntu_focal,0.0,57,22,0,79
python3-click,fedora_42,ubuntu_jammy,0.0,57,24,0,81
python3-click,fedora_42,ubuntu_noble,0.0,57,23,0,80
python3-click,fedora_43,rhel_8,0.0,57,58,0,115
python3-click,fedora_43,ubuntu_focal,0.0,57,22,0,79
python3-click,fedora_43,ubuntu_jammy,0.0,57,24,0,81
python3-click,fedora_43,ubuntu_noble,0.0,57,23,0,80
python3-click,rhel_8,rhel_9,0.0,58,60,0,118
python3-click,rhel_8,ubuntu_focal,0.0,58,22,0,80
python3-click,rhel_8,ubuntu_jammy,0.0,58,24,0,82
python3-click,rhel_8,ubuntu_noble,0.0,58,23,0,81
python3-click,rhel_9,ubuntu_focal,0.0,60,22,0,82
python3-click,rhel_9,ubuntu_jammy,0.0,60,24,0,84
python3-click,rhel_9,ubuntu_noble,0.0,60,23,0,83
python3-colcon-common-extensions,debian_bookworm,fedora_42,0.0,12,11,0,23
python3-colcon-common-extensions,debian_bookworm,fedora_43,0.0,12,11,0,23
python3-colcon-common-extensions,debian_bookworm,rhel_8,0.0,12,11,0,23
python3-colcon-common-extensions,debian_bookworm,rhel_9,0.0,12,11,0,23
python3-colcon-common-extensions,fedora_42,ubuntu_focal,0.0,11,12,0,23
python3-colcon-common-extensions,fedora_42,ubuntu_jammy,0.0,11,12,0,23
python3-colcon-common-extensions,fedora_42,ubuntu_noble,0.0,11,7,0,18
python3-colcon-common-extensions,fedora_43,ubuntu_focal,0.0,11,12,0,23
python3-colcon-common-extensions,fedora_43,ubuntu_jammy,0.0,11,12,0,23
python3-colcon-common-extensions,fedora_43,ubuntu_noble,0.0,11,7,0,18
python3-colcon-common-extensions,rhel_8,ubuntu_focal,0.0,11,12,0,23
python3-colcon-common-extensions,rhel_8,ubuntu_jammy,0.0,11,12,0,23
python3-colcon-common-extensions,rhel_8,ubuntu_noble,0.0,11,7,0,18
python3-colcon-common-extensions,rhel_9,ubuntu_focal,0.0,11,12,0,23
python3-colcon-common-extensions,rhel_9,ubuntu_jammy,0.0,11,12,0,23
python3-colcon-common-extensions,rhel_9,ubuntu_noble,0.0,11,7,0,18
python3-collada,debian_bookworm,fedora_42,0.0,40,108,0,148
python3-collada,debian_bookworm,fedora_43,0.0,40,110,0,150
python3-collada,debian_bookworm,rhel_8,0.0,40,104,0,144
python3-collada,debian_bookworm,rhel_9,0.0,40,104,0,144
python3-collada,fedora_42,ubuntu_focal,0.0,108,36,0,144
python3-collada,fedora_42,ubuntu_jammy,0.0,108,36,0,144
python3-collada,fedora_42,ubuntu_noble,0.0,108,39,0,147
python3-collada,fedora_43,ubuntu_focal,0.0,110,36,0,146
python3-collada,fedora_43,ubuntu_jammy,0.0,110,36,0,146
python3-collada,fedora_43,ubuntu_noble,0.0,110,39,0,149
python3-collada,rhel_8,ubuntu_focal,0.0,104,36,0,140
python3-collada,rhel_8,ubuntu_jammy,0.0,104,36,0,140
python3-collada,rhel_8,ubuntu_noble,0.0,104,39,0,143
python3-collada,rhel_9,ubuntu_focal,0.0,104,36,0,140
python3-collada,rhel_9,ubuntu_jammy,0.0,104,36,0,140
python3-collada,rhel_9,ubuntu_noble,0.0,104,39,0,143
python3-colorama,debian_bookworm,fedora_42,0.0,33,46,0,79
python3-colorama,debian_bookworm,fedora_43,0.0,33,46,0,79
python3-colorama,debian_bookworm,rhel_8,0.0,33,24,0,57
python3-colorama,debian_bookworm,rhel_9,0.0,33,47,0,80
python3-colorama,fedora_42,ubuntu_focal,0.0,46,24,0,70
python3-colorama,fedora_42,ubuntu_jammy,0.0,46,24,0,70
python3-colorama,fedora_42,ubuntu_noble,0.0,46,32,0,78
python3-colorama,fedora_43,ubuntu_focal,0.0,46,24,0,70
python3-colorama,fedora_43,ubuntu_jammy,0.0,46,24,0,70
python3-colorama,fedora_43,ubuntu_noble,0.0,46,32,0,78
python3-colorama,rhel_8,ubuntu_focal,0.0,24,24,0,48
python3-colorama,rhel_8,ubuntu_jammy,0.0,24,24,0,48
python3-colorama,rhel_8,ubuntu_noble,0.0,24,32,0,56
python3-colorama,rhel_9,ubuntu_focal,0.0,47,24,0,71
python3-colorama,rhel_9,ubuntu_jammy,0.0,47,24,0,71
python3-colorama,rhel_9,ubuntu_noble,0.0,47,32,0,79
python3-colorcet,debian_bookworm,pypi,0.0,30,12,0,42
python3-colorcet,pypi,ubuntu_jammy,0.0,12,35,0,47
python3-colorcet,pypi,ubuntu_noble,0.0,12,31,0,43
python3-construct,arch,debian_bookworm,0.0,39,18,0,57
python3-construct,arch,fedora_42,0.0,39,40,0,79
python3-construct,arch,rhel_8,0.0,39,40,0,79
python3-construct,arch,rhel_9,0.0,39,40,0,79
python3-construct,arch,ubuntu_focal,0.0,39,37,0,76
python3-construct,arch,ubuntu_jammy,0.0,39,18,0,57
python3-construct,arch,ubuntu_noble,0.0,39,18,0,57
python3-construct,fedora_42,ubuntu_focal,0.0,40,37,0,77
python3-construct,fedora_43,ubuntu_focal,0.0,39,37,0,76
python3-construct,rhel_8,ubuntu_focal,0.0,40,37,0,77
python3-construct,rhel_9,ubuntu_focal,0.0,40,37,0,77
python3-cookiecutter,fedora_42,ubuntu_jammy,0.0,64,26,0,90
python3-cookiecutter,fedora_42,ubuntu_noble,0.0,64,27,0,91
python3-cookiecutter,fedora_43,ubuntu_jammy,0.0,64,26,0,90
python3-cookiecutter,fedora_43,ubuntu_noble,0.0,64,27,0,91
python3-coverage,debian_bookworm,fedora_42,0.0,65,143,0,208
python3-coverage,debian_bookworm,fedora_43,0.0,65,154,0,219
python3-coverage,debian_bookworm,opensuse_15.2,0.0,65,124,0,189
python3-coverage,debian_bookworm,rhel_8,0.0,65,5,0,70
python3-coverage,debian_bookworm,rhel_9,0.0,65,135,0,200
python3-coverage,fedora_42,ubuntu_focal,0.0,143,54,0,197
python3-coverage,fedora_42,ubuntu_jammy,0.0,143,62,0,205
python3-coverage,fedora_42,ubuntu_noble,0.0,143,66,0,209
python3-coverage,fedora_43,ubuntu_focal,0.0,154,54,0,208
python3-coverage,fedora_43,ubuntu_jammy,0.0,154,62,0,216
python3-coverage,fedora_43,ubuntu_noble,0.0,154,66,0,220
python3-coverage,opensuse_15.2,ubuntu_focal,0.0,124,54,0,178
python3-coverage,opensuse_15.2,ubuntu_jammy,0.0,124,62,0,186
python3-coverage,opensuse_15.2,ubuntu_noble,0.0,124,66,0,190
python3-coverage,rhel_8,ubuntu_focal,0.0,5,54,0,59
python3-coverage,rhel_8,ubuntu_jammy,0.0,5,62,0,67
python3-coverage,rhel_8,ubuntu_noble,0.0,5,66,0,71
python3-coverage,rhel_9,ubuntu_focal,0.0,135,54,0,189
python3-coverage,rhel_9,ubuntu_jammy,0.0,135,62,0,197
python3-coverage,rhel_9,ubuntu_noble,0.0,135,66,0,201
python3-crcmod,debian_bookworm,pypi,0.0,13,51,0,64
python3-crcmod,pypi,ubuntu_focal,0.0,51,9,0,60
python3-crcmod,pypi,ubuntu_jammy,0.0,51,9,0,60
python3-crcmod,pypi,ubuntu_noble,0.0,51,11,0,62
python3-cryptography,alpine_edge,debian_bookworm,0.0,115,103,0,218
python3-cryptography,alpine_edge,fedora_42,0.0,115,338,0,453
python3-cryptography,alpine_edge,fedora_43,0.0,115,340,0,455
python3-cryptography,alpine_edge,opensuse_15.2,0.0,115,262,0,377
python3-cryptography,alpine_edge,rhel_8,0.0,115,345,0,460
python3-cryptography,alpine_edge,rhel_9,0.0,115,347,0,462
python3-cryptography,alpine_edge,ubuntu_focal,0.0,115,93,0,208
python3-cryptography,alpine_edge,ubuntu_jammy,0.0,115,98,0,213
python3-cryptography,alpine_edge,ubuntu_noble,0.0,115,104,0,219
python3-cryptography,arch,debian_bookworm,0.0,252,103,0,355
python3-cryptography,arch,fedora_42,0.0,252,338,0,590
python3-cryptography,arch,fedora_43,0.0,252,340,0,592
python3-cryptography,arch,opensuse_15.2,0.0,252,262,0,514
python3-cryptography,arch,rhel_8,0.0,252,345,0,597
python3-cryptography,arch,rhel_9,0.0,252,347,0,599
python3-cryptography,arch,ubuntu_focal,0.0,252,93,0,345
python3-cryptography,arch,ubuntu_jammy,0.0,252,98,0,350
python3-cryptography,arch,ubuntu_noble,0.0,252,104,0,356
python3-cryptography,debian_bookworm,fedora_42,0.0,103,338,0,441
python3-cryptography,debian_bookworm,fedora_43,0.0,103,340,0,443
python3-cryptography,debian_bookworm,opensuse_15.2,0.0,103,262,0,365
python3-cryptography,debian_bookworm,rhel_8,0.0,103,345,0,448
python3-cryptography,debian_bookworm,rhel_9,0.0,103,347,0,450
python3-cryptography,fedora_42,ubuntu_focal,0.0,338,93,0,431
python3-cryptography,fedora_42,ubuntu_jammy,0.0,338,98,0,436
python3-cryptography,fedora_42,ubuntu_noble,0.0,338,104,0,442
python3-cryptography,fedora_43,ubuntu_focal,0.0,340,93,0,433
python3-cryptography,fedora_43,ubuntu_jammy,0.0,340,98,0,438
python3-cryptography,fedora_43,ubuntu_noble,0.0,340,104,0,444
python3-cryptography,opensuse_15.2,ubuntu_focal,0.0,262,93,0,355
python3-cryptography,opensuse_15.2,ubuntu_jammy,0.0,262,98,0,360
python3-cryptography,opensuse_15.2,ubuntu_noble,0.0,262,104,0,366
python3-cryptography,rhel_8,ubuntu_focal,0.0,345,93,0,438
python3-cryptography,rhel_8,ubuntu_jammy,0.0,345,98,0,443
python3-cryptography,rhel_8,ubuntu_noble,0.0,345,104,0,449
python3-cryptography,rhel_9,ubuntu_focal,0.0,347,93,0,440
python3-cryptography,rhel_9,ubuntu_jammy,0.0,347,98,0,445
python3-cryptography,rhel_9,ubuntu_noble,0.0,347,104,0,451
python3-cvxopt,arch,debian_bookworm,0.0,46,28,0,74
python3-cvxopt,arch,ubuntu_focal,0.0,46,27,0,73
python3-cvxopt,arch,ubuntu_jammy,0.0,46,27,0,73
python3-cvxopt,arch,ubuntu_noble,0.0,46,27,0,73
python3-cycler,arch,debian_bookworm,0.0,10,6,0,16
python3-cycler,arch,fedora_42,0.0,10,10,0,20
python3-cycler,arch,fedora_43,0.0,10,10,0,20
python3-cycler,arch,opensuse_15.2,0.0,10,9,0,19
python3-cycler,arch,rhel_8,0.0,10,10,0,20
python3-cycler,arch,rhel_9,0.0,10,10,0,20
python3-cycler,arch,ubuntu_focal,0.0,10,7,0,17
python3-cycler,arch,ubuntu_jammy,0.0,10,6,0,16
python3-cycler,arch,ubuntu_noble,0.0,10,6,0,16
python3-cycler,debian_bookworm,fedora_42,0.0,6,10,0,16
python3-cycler,debian_bookworm,fedora_43,0.0,6,10,0,16
python3-cycler,debian_bookworm,opensuse_15.2,0.0,6,9,0,15
python3-cycler,debian_bookworm,rhel_8,0.0,6,10,0,16
python3-cycler,debian_bookworm,rhel_9,0.0,6,10,0,16
python3-cycler,fedora_42,opensuse_15.2,0.0,10,9,0,19
python3-cycler,fedora_42,ubuntu_focal,0.0,10,7,0,17
python3-cycler,fedora_42,ubuntu_jammy,0.0,10,6,0,16
python3-cycler,fedora_42,ubuntu_noble,0.0,10,6,0,16
python3-cycler,fedora_43,opensuse_15.2,0.0,10,9,0,19
python3-cycler,fedora_43,ubuntu_focal,0.0,10,7,0,17
python3-cycler,fedora_43,ubuntu_jammy,0.0,10,6,0,16
python3-cycler,fedora_43,ubuntu_noble,0.0,10,6,0,16
python3-cycler,opensuse_15.2,rhel_9,0.0,9,10,0,19
python3-cycler,opensuse_15.2,ubuntu_focal,0.0,9,7,0,16
python3-cycler,opensuse_15.2,ubuntu_jammy,0.0,9,6,0,15
python3-cycler,opensuse_15.2,ubuntu_noble,0.0,9,6,0,15
python3-cycler,rhel_8,ubuntu_focal,0.0,10,7,0,17
python3-cycler,rhel_8,ubuntu_jammy,0.0,10,6,0,16
python3-cycler,rhel_8,ubuntu_noble,0.0,10,6,0,16
python3-cycler,rhel_9,ubuntu_focal,0.0,10,7,0,17
python3-cycler,rhel_9,ubuntu_jammy,0.0,10,6,0,16
python3-cycler,rhel_9,ubuntu_noble,0.0,10,6,0,16
python3-dateutil,arch,debian_bookworm,0.0,62,27,0,89
python3-dateutil,arch,fedora_42,0.0,62,64,0,126
python3-dateutil,arch,opensuse_15.2,0.0,62,65,0,127
python3-dateutil,arch,rhel_8,0.0,62,52,0,114
python3-dateutil,arch,rhel_9,0.0,62,63,0,125
python3-dateutil,arch,ubuntu_focal,0.0,62,25,0,87
python3-dateutil,arch,ubuntu_jammy,0.0,62,26,0,88
python3-dateutil,arch,ubuntu_noble,0.0,62,26,0,88
python3-dateutil,debian_bookworm,fedora_42,0.0,27,64,0,91
python3-dateutil,debian_bookworm,fedora_43,0.0,27,63,0,90
python3-dateutil,debian_bookworm,opensuse_15.2,0.0,27,65,0,92
python3-dateutil,debian_bookworm,rhel_8,0.0,27,52,0,79
python3-dateutil,debian_bookworm,rhel_9,0.0,27,63,0,90
python3-dateutil,fedora_42,opensuse_15.2,0.0,64,65,0,129
python3-dateutil,fedora_42,ubuntu_focal,0.0,64,25,0,89
python3-dateutil,fedora_42,ubuntu_jammy,0.0,64,26,0,90
python3-dateutil,fedora_42,ubuntu_noble,0.0,64,26,0,90
python3-dateutil,fedora_43,opensuse_15.2,0.0,63,65,0,128
python3-dateutil,fedora_43,ubuntu_focal,0.0,63,25,0,88
python3-dateutil,fedora_43,ubuntu_jammy,0.0,63,26,0,89
python3-dateutil,fedora_43,ubuntu_noble,0.0,63,26,0,89
python3-dateutil,opensuse_15.2,rhel_9,0.0,65,63,0,128
python3-dateutil,opensuse_15.2,ubuntu_focal,0.0,65,25,0,90
python3-dateutil,opensuse_15.2,ubuntu_jammy,0.0,65,26,0,91
python3-dateutil,opensuse_15.2,ubuntu_noble,0.0,65,26,0,91
python3-dateutil,rhel_8,ubuntu_focal,0.0,52,25,0,77
python3-dateutil,rhel_8,ubuntu_jammy,0.0,52,26,0,78
python3-dateutil,rhel_8,ubuntu_noble,0.0,52,26,0,78
python3-dateutil,rhel_9,ubuntu_focal,0.0,63,25,0,88
python3-dateutil,rhel_9,ubuntu_jammy,0.0,63,26,0,89
python3-dateutil,rhel_9,ubuntu_noble,0.0,63,26,0,89
python3-dbus,debian_bookworm,fedora_42,0.0,29,63,0,92
python3-dbus,debian_bookworm,fedora_43,0.0,29,63,0,92
python3-dbus,debian_bookworm,rhel_8,0.0,29,61,0,90
python3-dbus,debian_bookworm,rhel_9,0.0,29,61,0,90
python3-dbus,fedora_42,ubuntu_focal,0.0,63,28,0,91
python3-dbus,fedora_42,ubuntu_jammy,0.0,63,28,0,91
python3-dbus,fedora_42,ubuntu_noble,0.0,63,28,0,91
python3-dbus,fedora_43,ubuntu_focal,0.0,63,28,0,91
python3-dbus,fedora_43,ubuntu_jammy,0.0,63,28,0,91
python3-dbus,fedora_43,ubuntu_noble,0.0,63,28,0,91
python3-dbus,rhel_8,ubuntu_focal,0.0,61,28,0,89
python3-dbus,rhel_8,ubuntu_jammy,0.0,61,28,0,89
python3-dbus,rhel_8,ubuntu_noble,0.0,61,28,0,89
python3-dbus,rhel_9,ubuntu_focal,0.0,61,28,0,89
python3-dbus,rhel_9,ubuntu_jammy,0.0,61,28,0,89
python3-dbus,rhel_9,ubuntu_noble,0.0,61,28,0,89
python3-decorator,debian_bookworm,fedora_42,0.0,9,12,0,21
python3-decorator,debian_bookworm,fedora_43,0.0,9,11,0,20
python3-decorator,fedora_42,ubuntu_focal,0.0,12,8,0,20
python3-decorator,fedora_42,ubuntu_jammy,0.0,12,8,0,20
python3-decorator,fedora_42,ubuntu_noble,0.0,12,7,0,19
python3-decorator,fedora_43,ubuntu_focal,0.0,11,8,0,19
python3-decorator,fedora_43,ubuntu_jammy,0.0,11,8,0,19
python3-decorator,fedora_43,ubuntu_noble,0.0,11,7,0,18
python3-deepdiff,arch,opensuse_15.2,0.0,54,26,0,80
python3-deepdiff,arch,ubuntu_focal,0.0,54,14,0,68
python3-deepdiff,debian_bookworm,opensuse_15.2,0.0,26,26,0,52
python3-deepdiff,opensuse_15.2,ubuntu_focal,0.0,26,14,0,40
python3-deepdiff,opensuse_15.2,ubuntu_jammy,0.0,26,25,0,51
python3-deepdiff,opensuse_15.2,ubuntu_noble,0.0,26,26,0,52
python3-defusedxml,debian_bookworm,fedora_42,0.0,19,41,0,60
python3-defusedxml,debian_bookworm,fedora_43,0.0,19,41,0,60
python3-defusedxml,debian_bookworm,opensuse_15.2,0.0,19,40,0,59
python3-defusedxml,debian_bookworm,rhel_8,0.0,19,41,0,60
python3-defusedxml,debian_bookworm,rhel_9,0.0,19,41,0,60
python3-defusedxml,fedora_42,opensuse_15.2,0.0,41,40,0,81
python3-defusedxml,fedora_42,ubuntu_jammy,0.0,41,18,0,59
python3-defusedxml,fedora_42,ubuntu_noble,0.0,41,18,0,59
python3-defusedxml,fedora_43,opensuse_15.2,0.0,41,40,0,81
python3-defusedxml,fedora_43,ubuntu_jammy,0.0,41,18,0,59
python3-defusedxml,fedora_43,ubuntu_noble,0.0,41,18,0,59
python3-defusedxml,opensuse_15.2,ubuntu_focal,0.0,40,18,0,58
python3-defusedxml,opensuse_15.2,ubuntu_jammy,0.0,40,18,0,58
python3-defusedxml,opensuse_15.2,ubuntu_noble,0.0,40,18,0,58
python3-defusedxml,rhel_8,ubuntu_jammy,0.0,41,18,0,59
python3-defusedxml,rhel_8,ubuntu_noble,0.0,41,18,0,59
python3-defusedxml,rhel_9,ubuntu_jammy,0.0,41,18,0,59
python3-defusedxml,rhel_9,ubuntu_noble,0.0,41,18,0,59
python3-deprecated,debian_bookworm,fedora_42,0.0,10,15,0,25
python3-deprecated,debian_bookworm,fedora_43,0.0,10,15,0,25
python3-deprecated,debian_bookworm,rhel_8,0.0,10,17,0,27
python3-deprecated,debian_bookworm,rhel_9,0.0,10,15,0,25
python3-deprecated,fedora_42,ubuntu_focal,0.0,15,10,0,25
python3-deprecated,fedora_42,ubuntu_jammy,0.0,15,10,0,25
python3-deprecated,fedora_42,ubuntu_noble,0.0,15,10,0,25
python3-deprecated,fedora_43,ubuntu_focal,0.0,15,10,0,25
python3-deprecated,fedora_43,ubuntu_jammy,0.0,15,10,0,25
python3-deprecated,fedora_43,ubuntu_noble,0.0,15,10,0,25
python3-deprecated,rhel_8,ubuntu_focal,0.0,17,10,0,27
python3-deprecated,rhel_8,ubuntu_jammy,0.0,17,10,0,27
python3-deprecated,rhel_8,ubuntu_noble,0.0,17,10,0,27
python3-deprecated,rhel_9,ubuntu_focal,0.0,15,10,0,25
python3-deprecated,rhel_9,ubuntu_jammy,0.0,15,10,0,25
python3-deprecated,rhel_9,ubuntu_noble,0.0,15,10,0,25
python3-dill,alpine_edge,ubuntu_focal,0.0,22,37,0,59
python3-dill,alpine_edge,ubuntu_jammy,0.0,22,38,0,60
python3-dill,alpine_edge,ubuntu_noble,0.0,22,52,0,74
python3-dill,arch,ubuntu_focal,0.0,147,37,0,184
python3-dill,arch,ubuntu_jammy,0.0,147,38,0,185
python3-dill,arch,ubuntu_noble,0.0,147,52,0,199
python3-django-cors-headers,debian_bookworm,fedora_42,0.0,15,29,0,44
python3-django-cors-headers,debian_bookworm,fedora_43,0.0,15,29,0,44
python3-django-cors-headers,debian_bookworm,opensuse_15.2,0.0,15,25,0,40
python3-django-cors-headers,fedora_42,ubuntu_focal,0.0,29,13,0,42
python3-django-cors-headers,fedora_42,ubuntu_jammy,0.0,29,15,0,44
python3-django-cors-headers,fedora_42,ubuntu_noble,0.0,29,14,0,43
python3-django-cors-headers,fedora_43,ubuntu_focal,0.0,29,13,0,42
python3-django-cors-headers,fedora_43,ubuntu_jammy,0.0,29,15,0,44
python3-django-cors-headers,fedora_43,ubuntu_noble,0.0,29,14,0,43
python3-django-cors-headers,opensuse_15.2,ubuntu_focal,0.0,25,13,0,38
python3-django-cors-headers,opensuse_15.2,ubuntu_jammy,0.0,25,15,0,40
python3-django-cors-headers,opensuse_15.2,ubuntu_noble,0.0,25,14,0,39
python3-django-extensions,debian_bookworm,fedora_42,0.0,173,372,0,545
python3-django-extensions,debian_bookworm,fedora_43,0.0,173,376,0,549
python3-django-extensions,fedora_42,ubuntu_focal,0.0,372,175,0,547
python3-django-extensions,fedora_42,ubuntu_jammy,0.0,372,168,0,540
python3-django-extensions,fedora_42,ubuntu_noble,0.0,372,167,0,539
python3-django-extensions,fedora_43,ubuntu_focal,0.0,376,175,0,551
python3-django-extensions,fedora_43,ubuntu_jammy,0.0,376,168,0,544
python3-django-extensions,fedora_43,ubuntu_noble,0.0,376,167,0,543
python3-djangorestframework,debian_bookworm,fedora_42,0.0,244,393,0,637
python3-djangorestframework,debian_bookworm,fedora_43,0.0,244,393,0,637
python3-djangorestframework,debian_bookworm,opensuse_15.2,0.0,244,373,0,617
python3-djangorestframework,debian_bookworm,rhel_8,0.0,244,372,0,616
python3-djangorestframework,debian_bookworm,rhel_9,0.0,244,384,0,628
python3-djangorestframework,fedora_42,opensuse_15.2,0.0,393,373,0,766
python3-djangorestframework,fedora_42,rhel_8,0.0,393,372,0,765
python3-djangorestframework,fedora_42,rhel_9,0.0,393,384,0,777
python3-djangorestframework,fedora_42,ubuntu_focal,0.0,393,231,0,624
python3-djangorestframework,fedora_42,ubuntu_jammy,0.0,393,240,0,633
python3-djangorestframework,fedora_42,ubuntu_noble,0.0,393,242,0,635
python3-djangorestframework,fedora_43,opensuse_15.2,0.0,393,373,0,766
python3-djangorestframework,fedora_43,rhel_8,0.0,393,372,0,765
python3-djangorestframework,fedora_43,rhel_9,0.0,393,384,0,777
python3-djangorestframework,fedora_43,ubuntu_focal,0.0,393,231,0,624
python3-djangorestframework,fedora_43,ubuntu_jammy,0.0,393,240,0,633
python3-djangorestframework,fedora_43,ubuntu_noble,0.0,393,242,0,635
python3-djangorestframework,opensuse_15.2,rhel_9,0.0,373,384,0,757
python3-djangorestframework,opensuse_15.2,ubuntu_focal,0.0,373,231,0,604
python3-djangorestframework,opensuse_15.2,ubuntu_jammy,0.0,373,240,0,613
python3-djangorestframework,opensuse_15.2,ubuntu_noble,0.0,373,242,0,615
python3-djangorestframework,rhel_8,rhel_9,0.0,372,384,0,756
python3-djangorestframework,rhel_8,ubuntu_focal,0.0,372,231,0,603
python3-djangorestframework,rhel_8,ubuntu_jammy,0.0,372,240,0,612
python3-djangorestframework,rhel_8,ubuntu_noble,0.0,372,242,0,614
python3-djangorestframework,rhel_9,ubuntu_focal,0.0,384,231,0,615
python3-djangorestframework,rhel_9,ubuntu_jammy,0.0,384,240,0,624
python3-djangorestframework,rhel_9,ubuntu_noble,0.0,384,242,0,626
python3-docker,arch,debian_bookworm,0.0,205,74,0,279
python3-docker,arch,fedora_42,0.0,205,207,0,412
python3-docker,arch,opensuse_15.2,0.0,205,209,0,414
python3-docker,arch,ubuntu_focal,0.0,205,70,0,275
python3-docker,arch,ubuntu_jammy,0.0,205,74,0,279
python3-docker,arch,ubuntu_noble,0.0,205,74,0,279
python3-docker,debian_bookworm,fedora_42,0.0,74,207,0,281
python3-docker,debian_bookworm,fedora_43,0.0,74,207,0,281
python3-docker,debian_bookworm,opensuse_15.2,0.0,74,209,0,283
python3-docker,fedora_42,ubuntu_focal,0.0,207,70,0,277
python3-docker,fedora_42,ubuntu_jammy,0.0,207,74,0,281
python3-docker,fedora_42,ubuntu_noble,0.0,207,74,0,281
python3-docker,fedora_43,ubuntu_focal,0.0,207,70,0,277
python3-docker,fedora_43,ubuntu_jammy,0.0,207,74,0,281
python3-docker,fedora_43,ubuntu_noble,0.0,207,74,0,281
python3-docker,opensuse_15.2,ubuntu_focal,0.0,209,70,0,279
python3-docker,opensuse_15.2,ubuntu_jammy,0.0,209,74,0,283
python3-docker,opensuse_15.2,ubuntu_noble,0.0,209,74,0,283
python3-docopt,arch,debian_bookworm,0.0,8,25,0,33
python3-docopt,arch,fedora_42,0.0,8,10,0,18
python3-docopt,arch,ubuntu_focal,0.0,8,23,0,31
python3-docopt,arch,ubuntu_jammy,0.0,8,24,0,32
python3-docopt,arch,ubuntu_noble,0.0,8,24,0,32
python3-docopt,debian_bookworm,fedora_42,0.0,25,10,0,35
python3-docopt,debian_bookworm,fedora_43,0.0,25,10,0,35
python3-docopt,fedora_42,ubuntu_focal,0.0,10,23,0,33
python3-docopt,fedora_42,ubuntu_jammy,0.0,10,24,0,34
python3-docopt,fedora_42,ubuntu_noble,0.0,10,24,0,34
python3-docopt,fedora_43,ubuntu_focal,0.0,10,23,0,33
python3-docopt,fedora_43,ubuntu_jammy,0.0,10,24,0,34
python3-docopt,fedora_43,ubuntu_noble,0.0,10,24,0,34
python3-docutils,arch,ubuntu_focal,0.0,483,141,0,624
python3-easydict,debian_bookworm,pypi,0.0,9,6,0,15
python3-easydict,pypi,ubuntu_jammy,0.0,6,8,0,14
python3-easydict,pypi,ubuntu_noble,0.0,6,8,0,14
python3-elasticsearch,debian_bookworm,opensuse_15.2,0.0,206,78,0,284
python3-elasticsearch,debian_bookworm,rhel_8,0.0,206,130,0,336
python3-elasticsearch,fedora_42,opensuse_15.2,0.0,337,78,0,415
python3-elasticsearch,fedora_42,rhel_8,0.0,337,130,0,467
python3-elasticsearch,fedora_43,opensuse_15.2,0.0,480,78,0,558
python3-elasticsearch,fedora_43,rhel_8,0.0,480,130,0,610
python3-elasticsearch,fedora_43,rhel_9,0.0,480,402,0,882
python3-elasticsearch,opensuse_15.2,ubuntu_focal,0.0,78,48,0,126
python3-elasticsearch,opensuse_15.2,ubuntu_jammy,0.0,78,205,0,283
python3-elasticsearch,opensuse_15.2,ubuntu_noble,0.0,78,205,0,283
python3-elasticsearch,rhel_8,ubuntu_focal,0.0,130,48,0,178
python3-elasticsearch,rhel_8,ubuntu_jammy,0.0,130,205,0,335
python3-elasticsearch,rhel_8,ubuntu_noble,0.0,130,205,0,335
python3-elasticsearch,rhel_9,ubuntu_focal,0.0,402,48,0,450
python3-emoji,debian_bookworm,opensuse_15.2,0.0,17,18,0,35
python3-emoji,debian_bookworm,pypi,0.0,17,25,0,42
python3-emoji,fedora_42,pypi,0.0,38,25,0,63
python3-emoji,fedora_43,opensuse_15.2,0.0,37,18,0,55
python3-emoji,fedora_43,pypi,0.0,37,25,0,62
python3-emoji,opensuse_15.2,pypi,0.0,18,25,0,43
python3-emoji,opensuse_15.2,ubuntu_jammy,0.0,18,18,0,36
python3-emoji,opensuse_15.2,ubuntu_noble,0.0,18,23,0,41
python3-emoji,pypi,rhel_8,0.0,25,18,0,43
python3-emoji,pypi,rhel_9,0.0,25,22,0,47
python3-emoji,pypi,ubuntu_jammy,0.0,25,18,0,43
python3-emoji,pypi,ubuntu_noble,0.0,25,23,0,48
python3-empy,alpine_edge,debian_bookworm,0.0,6,9,0,15
python3-empy,alpine_edge,fedora_42,0.0,6,17,0,23
python3-empy,alpine_edge,opensuse_15.2,0.0,6,6,0,12
python3-empy,alpine_edge,rhel_8,0.0,6,7,0,13
python3-empy,alpine_edge,rhel_9,0.0,6,7,0,13
python3-empy,alpine_edge,ubuntu_focal,0.0,6,9,0,15
python3-empy,alpine_edge,ubuntu_jammy,0.0,6,9,0,15
python3-empy,alpine_edge,ubuntu_noble,0.0,6,9,0,15
python3-empy,arch,debian_bookworm,0.0,19,9,0,28
python3-empy,arch,opensuse_15.2,0.0,19,6,0,25
python3-empy,arch,rhel_8,0.0,19,7,0,26
python3-empy,arch,rhel_9,0.0,19,7,0,26
python3-empy,arch,ubuntu_focal,0.0,19,9,0,28
python3-empy,arch,ubuntu_jammy,0.0,19,9,0,28
python3-empy,arch,ubuntu_noble,0.0,19,9,0,28
python3-empy,debian_bookworm,fedora_42,0.0,9,17,0,26
python3-empy,debian_bookworm,fedora_43,0.0,9,17,0,26
python3-empy,debian_bookworm,opensuse_15.2,0.0,9,6,0,15
python3-empy,debian_bookworm,rhel_8,0.0,9,7,0,16
python3-empy,debian_bookworm,rhel_9,0.0,9,7,0,16
python3-empy,fedora_42,opensuse_15.2,0.0,17,6,0,23
python3-empy,fedora_42,rhel_8,0.0,17,7,0,24
python3-empy,fedora_42,rhel_9,0.0,17,7,0,24
python3-empy,fedora_42,ubuntu_focal,0.0,17,9,0,26
python3-empy,fedora_42,ubuntu_jammy,0.0,17,9,0,26
python3-empy,fedora_42,ubuntu_noble,0.0,17,9,0,26
python3-empy,fedora_43,opensuse_15.2,0.0,17,6,0,23
python3-empy,fedora_43,rhel_8,0.0,17,7,0,24
python3-empy,fedora_43,rhel_9,0.0,17,7,0,24
python3-empy,fedora_43,ubuntu_focal,0.0,17,9,0,26
python3-empy,fedora_43,ubuntu_jammy,0.0,17,9,0,26
python3-empy,fedora_43,ubuntu_noble,0.0,17,9,0,26
python3-empy,opensuse_15.2,rhel_9,0.0,6,7,0,13
python3-empy,opensuse_15.2,ubuntu_focal,0.0,6,9,0,15
python3-empy,opensuse_15.2,ubuntu_jammy,0.0,6,9,0,15
python3-empy,opensuse_15.2,ubuntu_noble,0.0,6,9,0,15
python3-empy,rhel_8,ubuntu_focal,0.0,7,9,0,16
python3-empy,rhel_8,ubuntu_jammy,0.0,7,9,0,16
python3-empy,rhel_8,ubuntu_noble,0.0,7,9,0,16
python3-empy,rhel_9,ubuntu_focal,0.0,7,9,0,16
python3-empy,rhel_9,ubuntu_jammy,0.0,7,9,0,16
python3-empy,rhel_9,ubuntu_noble,0.0,7,9,0,16
python3-evdev,arch,debian_bookworm,0.0,51,22,0,73
python3-evdev,arch,fedora_42,0.0,51,55,0,106
python3-evdev,arch,fedora_43,0.0,51,55,0,106
python3-evdev,arch,ubuntu_focal,0.0,51,20,0,71
python3-evdev,arch,ubuntu_jammy,0.0,51,20,0,71
python3-evdev,arch,ubuntu_noble,0.0,51,22,0,73
python3-evdev,debian_bookworm,fedora_42,0.0,22,55,0,77
python3-evdev,debian_bookworm,fedora_43,0.0,22,55,0,77
python3-evdev,fedora_42,ubuntu_focal,0.0,55,20,0,75
python3-evdev,fedora_42,ubuntu_jammy,0.0,55,20,0,75
python3-evdev,fedora_42,ubuntu_noble,0.0,55,22,0,77
python3-evdev,fedora_43,ubuntu_focal,0.0,55,20,0,75
python3-evdev,fedora_43,ubuntu_jammy,0.0,55,20,0,75
python3-evdev,fedora_43,ubuntu_noble,0.0,55,22,0,77
python3-ezdxf,debian_bookworm,pypi,0.0,337,395,0,732
python3-ezdxf,fedora_42,pypi,0.0,1088,395,0,1483
python3-ezdxf,fedora_43,pypi,0.0,1088,395,0,1483
python3-ezdxf,pypi,ubuntu_jammy,0.0,395,215,0,610
python3-ezdxf,pypi,ubuntu_noble,0.0,395,363,0,758
python3-fabric,alpine_edge,debian_bookworm,0.0,25,24,0,49
python3-fabric,alpine_edge,opensuse_15.2,0.0,25,3,0,28
python3-fabric,alpine_edge,pypi,0.0,25,24,0,49
python3-fabric,alpine_edge,ubuntu_focal,0.0,25,24,0,49
python3-fabric,alpine_edge,ubuntu_jammy,0.0,25,24,0,49
python3-fabric,alpine_edge,ubuntu_noble,0.0,25,24,0,49
python3-fabric,arch,debian_bookworm,0.0,63,24,0,87
python3-fabric,arch,opensuse_15.2,0.0,63,3,0,66
python3-fabric,arch,pypi,0.0,63,24,0,87
python3-fabric,arch,ubuntu_focal,0.0,63,24,0,87
python3-fabric,arch,ubuntu_jammy,0.0,63,24,0,87
python3-fabric,arch,ubuntu_noble,0.0,63,24,0,87
python3-fabric,debian_bookworm,fedora_42,0.0,24,63,0,87
python3-fabric,debian_bookworm,fedora_43,0.0,24,63,0,87
python3-fabric,debian_bookworm,opensuse_15.2,0.0,24,3,0,27
python3-fabric,debian_bookworm,pypi,0.0,24,24,0,48
python3-fabric,debian_bookworm,rhel_9,0.0,24,60,0,84
python3-fabric,fedora_42,opensuse_15.2,0.0,63,3,0,66
python3-fabric,fedora_42,pypi,0.0,63,24,0,87
python3-fabric,fedora_42,ubuntu_focal,0.0,63,24,0,87
python3-fabric,fedora_42,ubuntu_jammy,0.0,63,24,0,87
python3-fabric,fedora_42,ubuntu_noble,0.0,63,24,0,87
python3-fabric,fedora_43,opensuse_15.2,0.0,63,3,0,66
python3-fabric,fedora_43,pypi,0.0,63,24,0,87
python3-fabric,fedora_43,ubuntu_focal,0.0,63,24,0,87
python3-fabric,fedora_43,ubuntu_jammy,0.0,63,24,0,87
python3-fabric,fedora_43,ubuntu_noble,0.0,63,24,0,87
python3-fabric,opensuse_15.2,pypi,0.0,3,24,0,27
python3-fabric,opensuse_15.2,rhel_9,0.0,3,60,0,63
python3-fabric,opensuse_15.2,ubuntu_focal,0.0,3,24,0,27
python3-fabric,opensuse_15.2,ubuntu_jammy,0.0,3,24,0,27
python3-fabric,opensuse_15.2,ubuntu_noble,0.0,3,24,0,27
python3-fabric,pypi,rhel_9,0.0,24,60,0,84
python3-fabric,pypi,ubuntu_focal,0.0,24,24,0,48
python3-fabric,pypi,ubuntu_jammy,0.0,24,24,0,48
python3-fabric,pypi,ubuntu_noble,0.0,24,24,0,48
python3-fabric,rhel_9,ubuntu_focal,0.0,60,24,0,84
python3-fabric,rhel_9,ubuntu_jammy,0.0,60,24,0,84
python3-fabric,rhel_9,ubuntu_noble,0.0,60,24,0,84
python3-fann2,debian_bookworm,opensuse_15.2,0.0,14,15,0,29
python3-fann2,opensuse_15.2,ubuntu_focal,0.0,15,13,0,28
python3-fann2,opensuse_15.2,ubuntu_jammy,0.0,15,12,0,27
python3-fann2,opensuse_15.2,ubuntu_noble,0.0,15,12,0,27
python3-fastapi,arch,debian_bookworm,0.0,149,49,0,198
python3-fastapi,arch,pypi,0.0,149,58,0,207
python3-fastapi,arch,ubuntu_jammy,0.0,149,46,0,195
python3-fastapi,arch,ubuntu_noble,0.0,149,51,0,200
python3-fastapi,debian_bookworm,pypi,0.0,49,58,0,107
python3-fastapi,pypi,ubuntu_jammy,0.0,58,46,0,104
python3-fastapi,pypi,ubuntu_noble,0.0,58,51,0,109
python3-fastjsonschema,debian_bookworm,fedora_42,0.0,18,38,0,56
python3-fastjsonschema,debian_bookworm,fedora_43,0.0,18,38,0,56
python3-fastjsonschema,debian_bookworm,rhel_9,0.0,18,38,0,56
python3-fastjsonschema,fedora_42,ubuntu_jammy,0.0,38,16,0,54
python3-fastjsonschema,fedora_42,ubuntu_noble,0.0,38,16,0,54
python3-fastjsonschema,fedora_43,ubuntu_jammy,0.0,38,16,0,54
python3-fastjsonschema,fedora_43,ubuntu_noble,0.0,38,16,0,54
python3-fastjsonschema,rhel_9,ubuntu_jammy,0.0,38,16,0,54
python3-fastjsonschema,rhel_9,ubuntu_noble,0.0,38,16,0,54
python3-filelock,alpine_edge,debian_bookworm,0.0,19,14,0,33
python3-filelock,alpine_edge,fedora_42,0.0,19,33,0,52
python3-filelock,alpine_edge,opensuse_15.2,0.0,19,9,0,28
python3-filelock,alpine_edge,rhel_8,0.0,19,10,0,29
python3-filelock,alpine_edge,rhel_9,0.0,19,33,0,52
python3-filelock,alpine_edge,ubuntu_focal,0.0,19,6,0,25
python3-filelock,alpine_edge,ubuntu_jammy,0.0,19,16,0,35
python3-filelock,alpine_edge,ubuntu_noble,0.0,19,14,0,33
python3-filelock,arch,debian_bookworm,0.0,32,14,0,46
python3-filelock,arch,fedora_42,0.0,32,33,0,65
python3-filelock,arch,opensuse_15.2,0.0,32,9,0,41
python3-filelock,arch,rhel_8,0.0,32,10,0,42
python3-filelock,arch,rhel_9,0.0,32,33,0,65
python3-filelock,arch,ubuntu_focal,0.0,32,6,0,38
python3-filelock,arch,ubuntu_jammy,0.0,32,16,0,48
python3-filelock,arch,ubuntu_noble,0.0,32,14,0,46
python3-filelock,debian_bookworm,fedora_42,0.0,14,33,0,47
python3-filelock,debian_bookworm,fedora_43,0.0,14,33,0,47
python3-filelock,debian_bookworm,opensuse_15.2,0.0,14,9,0,23
python3-filelock,debian_bookworm,rhel_8,0.0,14,10,0,24
python3-filelock,debian_bookworm,rhel_9,0.0,14,33,0,47
python3-filelock,fedora_42,opensuse_15.2,0.0,33,9,0,42
python3-filelock,fedora_42,ubuntu_focal,0.0,33,6,0,39
python3-filelock,fedora_42,ubuntu_jammy,0.0,33,16,0,49
python3-filelock,fedora_42,ubuntu_noble,0.0,33,14,0,47
python3-filelock,fedora_43,opensuse_15.2,0.0,33,9,0,42
python3-filelock,fedora_43,ubuntu_focal,0.0,33,6,0,39
python3-filelock,fedora_43,ubuntu_jammy,0.0,33,16,0,49
python3-filelock,fedora_43,ubuntu_noble,0.0,33,14,0,47
python3-filelock,opensuse_15.2,ubuntu_focal,0.0,9,6,0,15
python3-filelock,opensuse_15.2,ubuntu_jammy,0.0,9,16,0,25
python3-filelock,opensuse_15.2,ubuntu_noble,0.0,9,14,0,23
python3-filelock,rhel_8,ubuntu_focal,0.0,10,6,0,16
python3-filelock,rhel_8,ubuntu_jammy,0.0,10,16,0,26
python3-filelock,rhel_8,ubuntu_noble,0.0,10,14,0,24
python3-filelock,rhel_9,ubuntu_focal,0.0,33,6,0,39
python3-filelock,rhel_9,ubuntu_jammy,0.0,33,16,0,49
python3-filelock,rhel_9,ubuntu_noble,0.0,33,14,0,47
python3-fiona,arch,debian_bookworm,0.0,150,57,0,207
python3-fiona,arch,ubuntu_focal,0.0,150,47,0,197
python3-fiona,arch,ubuntu_jammy,0.0,150,49,0,199
python3-fiona,arch,ubuntu_noble,0.0,150,63,0,213
python3-fiona,debian_bookworm,fedora_42,0.0,57,157,0,214
python3-fiona,debian_bookworm,fedora_43,0.0,57,157,0,214
python3-fiona,debian_bookworm,rhel_8,0.0,57,129,0,186
python3-fiona,fedora_42,ubuntu_focal,0.0,157,47,0,204
python3-fiona,fedora_42,ubuntu_jammy,0.0,157,49,0,206
python3-fiona,fedora_42,ubuntu_noble,0.0,157,63,0,220
python3-fiona,fedora_43,ubuntu_focal,0.0,157,47,0,204
python3-fiona,fedora_43,ubuntu_jammy,0.0,157,49,0,206
python3-fiona,fedora_43,ubuntu_noble,0.0,157,63,0,220
python3-fiona,rhel_8,ubuntu_focal,0.0,129,47,0,176
python3-fiona,rhel_8,ubuntu_jammy,0.0,129,49,0,178
python3-fiona,rhel_8,ubuntu_noble,0.0,129,63,0,192
python3-flake8,alpine_edge,debian_bookworm,0.0,40,40,0,80
python3-flake8,alpine_edge,ubuntu_focal,0.0,40,37,0,77
python3-flake8,alpine_edge,ubuntu_jammy,0.0,40,34,0,74
python3-flake8,alpine_edge,ubuntu_noble,0.0,40,40,0,80
python3-flake8,arch,debian_bookworm,0.0,107,40,0,147
python3-flake8,arch,ubuntu_focal,0.0,107,37,0,144
python3-flake8,arch,ubuntu_jammy,0.0,107,34,0,141
python3-flake8,arch,ubuntu_noble,0.0,107,40,0,147
python3-flake8,debian_bookworm,fedora_42,0.0,40,111,0,151
python3-flake8,debian_bookworm,fedora_43,0.0,40,111,0,151
python3-flake8,debian_bookworm,opensuse_15.2,0.0,40,101,0,141
python3-flake8,debian_bookworm,rhel_8,0.0,40,102,0,142
python3-flake8,debian_bookworm,rhel_9,0.0,40,93,0,133
python3-flake8,fedora_42,ubuntu_focal,0.0,111,37,0,148
python3-flake8,fedora_42,ubuntu_jammy,0.0,111,34,0,145
python3-flake8,fedora_42,ubuntu_noble,0.0,111,40,0,151
python3-flake8,fedora_43,ubuntu_focal,0.0,111,37,0,148
python3-flake8,fedora_43,ubuntu_jammy,0.0,111,34,0,145
python3-flake8,fedora_43,ubuntu_noble,0.0,111,40,0,151
python3-flake8,opensuse_15.2,ubuntu_focal,0.0,101,37,0,138
python3-flake8,opensuse_15.2,ubuntu_jammy,0.0,101,34,0,135
python3-flake8,opensuse_15.2,ubuntu_noble,0.0,101,40,0,141
python3-flake8,rhel_8,ubuntu_focal,0.0,102,37,0,139
python3-flake8,rhel_8,ubuntu_jammy,0.0,102,34,0,136
python3-flake8,rhel_8,ubuntu_noble,0.0,102,40,0,142
python3-flake8,rhel_9,ubuntu_focal,0.0,93,37,0,130
python3-flake8,rhel_9,ubuntu_jammy,0.0,93,34,0,127
python3-flake8,rhel_9,ubuntu_noble,0.0,93,40,0,133
python3-flake8-blind-except,debian_bookworm,fedora_42,0.0,8,10,0,18
python3-flake8-blind-except,debian_bookworm,fedora_43,0.0,8,10,0,18
python3-flake8-blind-except,debian_bookworm,opensuse_15.2,0.0,8,13,0,21
python3-flake8-blind-except,debian_bookworm,pypi,0.0,8,10,0,18
python3-flake8-blind-except,debian_bookworm,rhel_9,0.0,8,10,0,18
python3-flake8-blind-except,fedora_42,opensuse_15.2,0.0,10,13,0,23
python3-flake8-blind-except,fedora_42,pypi,0.0,10,10,0,20
python3-flake8-blind-except,fedora_42,ubuntu_jammy,0.0,10,9,0,19
python3-flake8-blind-except,fedora_42,ubuntu_noble,0.0,10,8,0,18
python3-flake8-blind-except,fedora_43,opensuse_15.2,0.0,10,13,0,23
python3-flake8-blind-except,fedora_43,pypi,0.0,10,10,0,20
python3-flake8-blind-except,fedora_43,ubuntu_jammy,0.0,10,9,0,19
python3-flake8-blind-except,fedora_43,ubuntu_noble,0.0,10,8,0,18
python3-flake8-blind-except,opensuse_15.2,pypi,0.0,13,10,0,23
python3-flake8-blind-except,opensuse_15.2,rhel_9,0.0,13,10,0,23
python3-flake8-blind-except,opensuse_15.2,ubuntu_jammy,0.0,13,9,0,22
python3-flake8-blind-except,opensuse_15.2,ubuntu_noble,0.0,13,8,0,21
python3-flake8-blind-except,pypi,rhel_9,0.0,10,10,0,20
python3-flake8-blind-except,pypi,ubuntu_jammy,0.0,10,9,0,19
python3-flake8-blind-except,pypi,ubuntu_noble,0.0,10,8,0,18
python3-flake8-blind-except,rhel_9,ubuntu_jammy,0.0,10,9,0,19
python3-flake8-blind-except,rhel_9,ubuntu_noble,0.0,10,8,0,18
python3-flake8-builtins,debian_bookworm,fedora_42,0.0,10,10,0,20
python3-flake8-builtins,debian_bookworm,fedora_43,0.0,10,10,0,20
python3-flake8-builtins,debian_bookworm,opensuse_15.2,0.0,10,14,0,24
python3-flake8-builtins,debian_bookworm,pypi,0.0,10,6,0,16
python3-flake8-builtins,debian_bookworm,rhel_9,0.0,10,10,0,20
python3-flake8-builtins,fedora_42,opensuse_15.2,0.0,10,14,0,24
python3-flake8-builtins,fedora_42,pypi,0.0,10,6,0,16
python3-flake8-builtins,fedora_42,ubuntu_jammy,0.0,10,9,0,19
python3-flake8-builtins,fedora_42,ubuntu_noble,0.0,10,9,0,19
python3-flake8-builtins,fedora_43,opensuse_15.2,0.0,10,14,0,24
python3-flake8-builtins,fedora_43,pypi,0.0,10,6,0,16
python3-flake8-builtins,fedora_43,ubuntu_jammy,0.0,10,9,0,19
python3-flake8-builtins,fedora_43,ubuntu_noble,0.0,10,9,0,19
python3-flake8-builtins,opensuse_15.2,pypi,0.0,14,6,0,20
python3-flake8-builtins,opensuse_15.2,rhel_9,0.0,14,10,0,24
python3-flake8-builtins,opensuse_15.2,ubuntu_jammy,0.0,14,9,0,23
python3-flake8-builtins,opensuse_15.2,ubuntu_noble,0.0,14,9,0,23
python3-flake8-builtins,pypi,rhel_9,0.0,6,10,0,16
python3-flake8-builtins,pypi,ubuntu_jammy,0.0,6,9,0,15
python3-flake8-builtins,pypi,ubuntu_noble,0.0,6,9,0,15
python3-flake8-builtins,rhel_9,ubuntu_jammy,0.0,10,9,0,19
python3-flake8-builtins,rhel_9,ubuntu_noble,0.0,10,9,0,19
python3-flake8-class-newline,debian_bookworm,fedora_42,0.0,11,15,0,26
python3-flake8-class-newline,debian_bookworm,fedora_43,0.0,11,15,0,26
python3-flake8-class-newline,debian_bookworm,opensuse_15.2,0.0,11,15,0,26
python3-flake8-class-newline,debian_bookworm,pypi,0.0,11,10,0,21
python3-flake8-class-newline,debian_bookworm,rhel_9,0.0,11,15,0,26
python3-flake8-class-newline,fedora_42,opensuse_15.2,0.0,15,15,0,30
python3-flake8-class-newline,fedora_42,pypi,0.0,15,10,0,25
python3-flake8-class-newline,fedora_42,ubuntu_jammy,0.0,15,10,0,25
python3-flake8-class-newline,fedora_42,ubuntu_noble,0.0,15,10,0,25
python3-flake8-class-newline,fedora_43,opensuse_15.2,0.0,15,15,0,30
python3-flake8-class-newline,fedora_43,pypi,0.0,15,10,0,25
python3-flake8-class-newline,fedora_43,ubuntu_jammy,0.0,15,10,0,25
python3-flake8-class-newline,fedora_43,ubuntu_noble,0.0,15,10,0,25
python3-flake8-class-newline,opensuse_15.2,pypi,0.0,15,10,0,25
python3-flake8-class-newline,opensuse_15.2,rhel_9,0.0,15,15,0,30
python3-flake8-class-newline,opensuse_15.2,ubuntu_jammy,0.0,15,10,0,25
python3-flake8-class-newline,opensuse_15.2,ubuntu_noble,0.0,15,10,0,25
python3-flake8-class-newline,pypi,rhel_9,0.0,10,15,0,25
python3-flake8-class-newline,pypi,ubuntu_jammy,0.0,10,10,0,20
python3-flake8-class-newline,pypi,ubuntu_noble,0.0,10,10,0,20
python3-flake8-class-newline,rhel_9,ubuntu_jammy,0.0,15,10,0,25
python3-flake8-class-newline,rhel_9,ubuntu_noble,0.0,15,10,0,25
python3-flake8-comprehensions,debian_bookworm,fedora_42,0.0,10,12,0,22
python3-flake8-comprehensions,debian_bookworm,fedora_43,0.0,10,12,0,22
python3-flake8-comprehensions,debian_bookworm,pypi,0.0,10,8,0,18
python3-flake8-comprehensions,debian_bookworm,rhel_9,0.0,10,12,0,22
python3-flake8-comprehensions,fedora_42,pypi,0.0,12,8,0,20
python3-flake8-comprehensions,fedora_42,ubuntu_jammy,0.0,12,10,0,22
python3-flake8-comprehensions,fedora_42,ubuntu_noble,0.0,12,9,0,21
python3-flake8-comprehensions,fedora_43,pypi,0.0,12,8,0,20
python3-flake8-comprehensions,fedora_43,ubuntu_jammy,0.0,12,10,0,22
python3-flake8-comprehensions,fedora_43,ubuntu_noble,0.0,12,9,0,21
python3-flake8-comprehensions,pypi,rhel_9,0.0,8,12,0,20
python3-flake8-comprehensions,pypi,ubuntu_jammy,0.0,8,10,0,18
python3-flake8-comprehensions,pypi,ubuntu_noble,0.0,8,9,0,17
python3-flake8-comprehensions,rhel_9,ubuntu_jammy,0.0,12,10,0,22
python3-flake8-comprehensions,rhel_9,ubuntu_noble,0.0,12,9,0,21
python3-flake8-deprecated,debian_bookworm,fedora_42,0.0,10,10,0,20
python3-flake8-deprecated,debian_bookworm,fedora_43,0.0,10,10,0,20
python3-flake8-deprecated,debian_bookworm,opensuse_15.2,0.0,10,14,0,24
python3-flake8-deprecated,debian_bookworm,pypi,0.0,10,6,0,16
python3-flake8-deprecated,debian_bookworm,rhel_9,0.0,10,10,0,20
python3-flake8-deprecated,fedora_42,opensuse_15.2,0.0,10,14,0,24
python3-flake8-deprecated,fedora_42,pypi,0.0,10,6,0,16
python3-flake8-deprecated,fedora_42,ubuntu_jammy,0.0,10,9,0,19
python3-flake8-deprecated,fedora_42,ubuntu_noble,0.0,10,7,0,17
python3-flake8-deprecated,fedora_43,opensuse_15.2,0.0,10,14,0,24
python3-flake8-deprecated,fedora_43,pypi,0.0,10,6,0,16
python3-flake8-deprecated,fedora_43,ubuntu_jammy,0.0,10,9,0,19
python3-flake8-deprecated,fedora_43,ubuntu_noble,0.0,10,7,0,17
python3-flake8-deprecated,opensuse_15.2,pypi,0.0,14,6,0,20
python3-flake8-deprecated,opensuse_15.2,rhel_9,0.0,14,10,0,24
python3-flake8-deprecated,opensuse_15.2,ubuntu_jammy,0.0,14,9,0,23
python3-flake8-deprecated,opensuse_15.2,ubuntu_noble,0.0,14,7,0,21
python3-flake8-deprecated,pypi,rhel_9,0.0,6,10,0,16
python3-flake8-deprecated,pypi,ubuntu_jammy,0.0,6,9,0,15
python3-flake8-deprecated,pypi,ubuntu_noble,0.0,6,7,0,13
python3-flake8-deprecated,rhel_9,ubuntu_jammy,0.0,10,9,0,19
python3-flake8-deprecated,rhel_9,ubuntu_noble,0.0,10,7,0,17
python3-flake8-docstrings,arch,debian_bookworm,0.0,10,9,0,19
python3-flake8-docstrings,arch,opensuse_15.2,0.0,10,11,0,21
python3-flake8-docstrings,arch,rhel_8,0.0,10,12,0,22
python3-flake8-docstrings,arch,rhel_9,0.0,10,12,0,22
python3-flake8-docstrings,arch,ubuntu_focal,0.0,10,8,0,18
python3-flake8-docstrings,arch,ubuntu_jammy,0.0,10,8,0,18
python3-flake8-docstrings,arch,ubuntu_noble,0.0,10,8,0,18
python3-flake8-docstrings,debian_bookworm,opensuse_15.2,0.0,9,11,0,20
python3-flake8-docstrings,debian_bookworm,rhel_8,0.0,9,12,0,21
python3-flake8-docstrings,debian_bookworm,rhel_9,0.0,9,12,0,21
python3-flake8-docstrings,opensuse_15.2,rhel_9,0.0,11,12,0,23
python3-flake8-docstrings,opensuse_15.2,ubuntu_focal,0.0,11,8,0,19
python3-flake8-docstrings,opensuse_15.2,ubuntu_jammy,0.0,11,8,0,19
python3-flake8-docstrings,opensuse_15.2,ubuntu_noble,0.0,11,8,0,19
python3-flake8-docstrings,rhel_8,ubuntu_focal,0.0,12,8,0,20
python3-flake8-docstrings,rhel_8,ubuntu_jammy,0.0,12,8,0,20
python3-flake8-docstrings,rhel_8,ubuntu_noble,0.0,12,8,0,20
python3-flake8-docstrings,rhel_9,ubuntu_focal,0.0,12,8,0,20
python3-flake8-docstrings,rhel_9,ubuntu_jammy,0.0,12,8,0,20
python3-flake8-docstrings,rhel_9,ubuntu_noble,0.0,12,8,0,20
python3-flake8-import-order,debian_bookworm,fedora_42,0.0,17,30,0,47
python3-flake8-import-order,debian_bookworm,fedora_43,0.0,17,29,0,46
python3-flake8-import-order,debian_bookworm,opensuse_15.2,0.0,17,31,0,48
python3-flake8-import-order,debian_bookworm,rhel_9,0.0,17,30,0,47
python3-flake8-import-order,fedora_42,ubuntu_jammy,0.0,30,15,0,45
python3-flake8-import-order,fedora_42,ubuntu_noble,0.0,30,16,0,46
python3-flake8-import-order,fedora_43,ubuntu_jammy,0.0,29,15,0,44
python3-flake8-import-order,fedora_43,ubuntu_noble,0.0,29,16,0,45
python3-flake8-import-order,opensuse_15.2,ubuntu_jammy,0.0,31,15,0,46
python3-flake8-import-order,opensuse_15.2,ubuntu_noble,0.0,31,16,0,47
python3-flake8-import-order,rhel_9,ubuntu_jammy,0.0,30,15,0,45
python3-flake8-import-order,rhel_9,ubuntu_noble,0.0,30,16,0,46
python3-flake8-quotes,debian_bookworm,fedora_42,0.0,11,17,0,28
python3-flake8-quotes,debian_bookworm,fedora_43,0.0,11,17,0,28
python3-flake8-quotes,debian_bookworm,opensuse_15.2,0.0,11,18,0,29
python3-flake8-quotes,debian_bookworm,rhel_9,0.0,11,17,0,28
python3-flake8-quotes,fedora_42,opensuse_15.2,0.0,17,18,0,35
python3-flake8-quotes,fedora_42,ubuntu_jammy,0.0,17,11,0,28
python3-flake8-quotes,fedora_42,ubuntu_noble,0.0,17,11,0,28
python3-flake8-quotes,fedora_43,opensuse_15.2,0.0,17,18,0,35
python3-flake8-quotes,fedora_43,ubuntu_jammy,0.0,17,11,0,28
python3-flake8-quotes,fedora_43,ubuntu_noble,0.0,17,11,0,28
python3-flake8-quotes,opensuse_15.2,rhel_9,0.0,18,17,0,35
python3-flake8-quotes,opensuse_15.2,ubuntu_jammy,0.0,18,11,0,29
python3-flake8-quotes,opensuse_15.2,ubuntu_noble,0.0,18,11,0,29
python3-flake8-quotes,rhel_9,ubuntu_jammy,0.0,17,11,0,28
python3-flake8-quotes,rhel_9,ubuntu_noble,0.0,17,11,0,28
python3-flaky,alpine_edge,debian_bookworm,0.0,14,18,0,32
python3-flaky,alpine_edge,fedora_42,0.0,14,29,0,43
python3-flaky,alpine_edge,rhel_9,0.0,14,31,0,45
python3-flaky,alpine_edge,ubuntu_focal,0.0,14,17,0,31
python3-flaky,alpine_edge,ubuntu_jammy,0.0,14,17,0,31
python3-flaky,alpine_edge,ubuntu_noble,0.0,14,17,0,31
python3-flaky,arch,debian_bookworm,0.0,27,18,0,45
python3-flaky,arch,fedora_42,0.0,27,29,0,56
python3-flaky,arch,rhel_9,0.0,27,31,0,58
python3-flaky,arch,ubuntu_focal,0.0,27,17,0,44
python3-flaky,arch,ubuntu_jammy,0.0,27,17,0,44
python3-flaky,arch,ubuntu_noble,0.0,27,17,0,44
python3-flaky,debian_bookworm,fedora_42,0.0,18,29,0,47
python3-flaky,debian_bookworm,fedora_43,0.0,18,29,0,47
python3-flaky,debian_bookworm,rhel_9,0.0,18,31,0,49
python3-flaky,fedora_42,ubuntu_focal,0.0,29,17,0,46
python3-flaky,fedora_42,ubuntu_jammy,0.0,29,17,0,46
python3-flaky,fedora_42,ubuntu_noble,0.0,29,17,0,46
python3-flaky,fedora_43,ubuntu_focal,0.0,29,17,0,46
python3-flaky,fedora_43,ubuntu_jammy,0.0,29,17,0,46
python3-flaky,fedora_43,ubuntu_noble,0.0,29,17,0,46
python3-flaky,rhel_9,ubuntu_focal,0.0,31,17,0,48
python3-flaky,rhel_9,ubuntu_jammy,0.0,31,17,0,48
python3-flaky,rhel_9,ubuntu_noble,0.0,31,17,0,48
python3-flask-socketio,debian_bookworm,fedora_42,0.0,14,14,0,28
python3-flask-socketio,debian_bookworm,fedora_43,0.0,14,14,0,28
python3-flask-socketio,fedora_42,fedora_43,0.0,14,14,0,28
python3-flask-socketio,fedora_42,ubuntu_focal,0.0,14,12,0,26
python3-flask-socketio,fedora_42,ubuntu_jammy,0.0,14,12,0,26
python3-flask-socketio,fedora_42,ubuntu_noble,0.0,14,14,0,28
python3-flask-socketio,fedora_43,ubuntu_focal,0.0,14,12,0,26
python3-flask-socketio,fedora_43,ubuntu_jammy,0.0,14,12,0,26
python3-flask-socketio,fedora_43,ubuntu_noble,0.0,14,14,0,28
python3-flask-sqlalchemy,arch,debian_bookworm,0.0,55,46,0,101
python3-flask-sqlalchemy,arch,fedora_42,0.0,55,59,0,114
python3-flask-sqlalchemy,arch,rhel_8,0.0,55,39,0,94
python3-flask-sqlalchemy,arch,ubuntu_focal,0.0,55,10,0,65
python3-flask-sqlalchemy,arch,ubuntu_jammy,0.0,55,40,0,95
python3-flask-sqlalchemy,arch,ubuntu_noble,0.0,55,45,0,100
python3-flask-sqlalchemy,fedora_42,ubuntu_focal,0.0,59,10,0,69
python3-flask-sqlalchemy,fedora_43,ubuntu_focal,0.0,59,10,0,69
python3-flask-sqlalchemy,rhel_8,ubuntu_focal,0.0,39,10,0,49
python3-flatbuffers,debian_bookworm,opensuse_15.2,0.0,16,29,0,45
python3-flatbuffers,debian_bookworm,pypi,0.0,16,14,0,30
python3-flatbuffers,debian_bookworm,rhel_9,0.0,16,35,0,51
python3-flatbuffers,opensuse_15.2,pypi,0.0,29,14,0,43
python3-flatbuffers,opensuse_15.2,ubuntu_jammy,0.0,29,14,0,43
python3-flatbuffers,opensuse_15.2,ubuntu_noble,0.0,29,15,0,44
python3-flatbuffers,pypi,rhel_9,0.0,14,35,0,49
python3-flatbuffers,pypi,ubuntu_jammy,0.0,14,14,0,28
python3-flatbuffers,pypi,ubuntu_noble,0.0,14,15,0,29
python3-flatbuffers,rhel_9,ubuntu_jammy,0.0,35,14,0,49
python3-flatbuffers,rhel_9,ubuntu_noble,0.0,35,15,0,50
python3-fonttools,arch,debian_bookworm,0.0,1020,303,0,1323
python3-fonttools,arch,fedora_42,0.0,1020,952,0,1972
python3-fonttools,arch,fedora_43,0.0,1020,1022,0,2042
python3-fonttools,arch,ubuntu_focal,0.0,1020,239,0,1259
python3-fonttools,arch,ubuntu_jammy,0.0,1020,281,0,1301
python3-fonttools,arch,ubuntu_noble,0.0,1020,322,0,1342
python3-fonttools,debian_bookworm,fedora_42,0.0,303,952,0,1255
python3-fonttools,debian_bookworm,fedora_43,0.0,303,1022,0,1325
python3-fonttools,debian_bookworm,opensuse_15.2,0.0,303,681,0,984
python3-fonttools,fedora_42,opensuse_15.2,0.0,952,681,0,1633
python3-fonttools,fedora_42,ubuntu_focal,0.0,952,239,0,1191
python3-fonttools,fedora_42,ubuntu_jammy,0.0,952,281,0,1233
python3-fonttools,fedora_42,ubuntu_noble,0.0,952,322,0,1274
python3-fonttools,fedora_43,opensuse_15.2,0.0,1022,681,0,1703
python3-fonttools,fedora_43,ubuntu_focal,0.0,1022,239,0,1261
python3-fonttools,fedora_43,ubuntu_jammy,0.0,1022,281,0,1303
python3-fonttools,fedora_43,ubuntu_noble,0.0,1022,322,0,1344
python3-fonttools,opensuse_15.2,ubuntu_focal,0.0,681,239,0,920
python3-fonttools,opensuse_15.2,ubuntu_jammy,0.0,681,281,0,962
python3-fonttools,opensuse_15.2,ubuntu_noble,0.0,681,322,0,1003
python3-freezegun,debian_bookworm,fedora_42,0.0,15,21,0,36
python3-freezegun,debian_bookworm,fedora_43,0.0,15,21,0,36
python3-freezegun,debian_bookworm,opensuse_15.2,0.0,15,16,0,31
python3-freezegun,debian_bookworm,rhel_8,0.0,15,16,0,31
python3-freezegun,debian_bookworm,rhel_9,0.0,15,22,0,37
python3-freezegun,fedora_42,opensuse_15.2,0.0,21,16,0,37
python3-freezegun,fedora_42,ubuntu_focal,0.0,21,11,0,32
python3-freezegun,fedora_42,ubuntu_jammy,0.0,21,12,0,33
python3-freezegun,fedora_42,ubuntu_noble,0.0,21,14,0,35
python3-freezegun,fedora_43,opensuse_15.2,0.0,21,16,0,37
python3-freezegun,fedora_43,ubuntu_focal,0.0,21,11,0,32
python3-freezegun,fedora_43,ubuntu_jammy,0.0,21,12,0,33
python3-freezegun,fedora_43,ubuntu_noble,0.0,21,14,0,35
python3-freezegun,opensuse_15.2,rhel_9,0.0,16,22,0,38
python3-freezegun,opensuse_15.2,ubuntu_focal,0.0,16,11,0,27
python3-freezegun,opensuse_15.2,ubuntu_jammy,0.0,16,12,0,28
python3-freezegun,opensuse_15.2,ubuntu_noble,0.0,16,14,0,30
python3-freezegun,rhel_8,ubuntu_focal,0.0,16,11,0,27
python3-freezegun,rhel_8,ubuntu_jammy,0.0,16,12,0,28
python3-freezegun,rhel_8,ubuntu_noble,0.0,16,14,0,30
python3-freezegun,rhel_9,ubuntu_focal,0.0,22,11,0,33
python3-freezegun,rhel_9,ubuntu_jammy,0.0,22,12,0,34
python3-freezegun,rhel_9,ubuntu_noble,0.0,22,14,0,36
python3-ftdi1,arch,debian_bookworm,0.0,39,6,0,45
python3-ftdi1,arch,fedora_42,0.0,39,10,0,49
python3-ftdi1,arch,opensuse_15.2,0.0,39,5,0,44
python3-ftdi1,arch,ubuntu_focal,0.0,39,4,0,43
python3-ftdi1,arch,ubuntu_jammy,0.0,39,4,0,43
python3-ftdi1,arch,ubuntu_noble,0.0,39,4,0,43
python3-ftdi1,debian_bookworm,fedora_42,0.0,6,10,0,16
python3-ftdi1,debian_bookworm,fedora_43,0.0,6,10,0,16
python3-ftdi1,debian_bookworm,opensuse_15.2,0.0,6,5,0,11
python3-ftdi1,fedora_42,fedora_43,0.0,10,10,0,20
python3-ftdi1,fedora_42,opensuse_15.2,0.0,10,5,0,15
python3-ftdi1,fedora_42,ubuntu_focal,0.0,10,4,0,14
python3-ftdi1,fedora_42,ubuntu_jammy,0.0,10,4,0,14
python3-ftdi1,fedora_42,ubuntu_noble,0.0,10,4,0,14
python3-ftdi1,fedora_43,opensuse_15.2,0.0,10,5,0,15
python3-ftdi1,fedora_43,ubuntu_focal,0.0,10,4,0,14
python3-ftdi1,fedora_43,ubuntu_jammy,0.0,10,4,0,14
python3-ftdi1,fedora_43,ubuntu_noble,0.0,10,4,0,14
python3-ftdi1,opensuse_15.2,ubuntu_focal,0.0,5,4,0,9
python3-ftdi1,opensuse_15.2,ubuntu_jammy,0.0,5,4,0,9
python3-ftdi1,opensuse_15.2,ubuntu_noble,0.0,5,4,0,9
python3-funcsigs,debian_bookworm,fedora_42,0.0,10,14,0,24
python3-funcsigs,debian_bookworm,fedora_43,0.0,10,14,0,24
python3-funcsigs,fedora_42,ubuntu_focal,0.0,14,9,0,23
python3-funcsigs,fedora_42,ubuntu_jammy,0.0,14,9,0,23
python3-funcsigs,fedora_42,ubuntu_noble,0.0,14,9,0,23
python3-funcsigs,fedora_43,ubuntu_focal,0.0,14,9,0,23
python3-funcsigs,fedora_43,ubuntu_jammy,0.0,14,9,0,23
python3-funcsigs,fedora_43,ubuntu_noble,0.0,14,9,0,23
python3-future,debian_bookworm,rhel_8,0.0,219,615,0,834
python3-future,debian_bookworm,rhel_9,0.0,219,615,0,834
python3-future,rhel_8,ubuntu_focal,0.0,615,218,0,833
python3-future,rhel_8,ubuntu_jammy,0.0,615,218,0,833
python3-future,rhel_8,ubuntu_noble,0.0,615,218,0,833
python3-future,rhel_9,ubuntu_focal,0.0,615,218,0,833
python3-future,rhel_9,ubuntu_jammy,0.0,615,218,0,833
python3-future,rhel_9,ubuntu_noble,0.0,615,218,0,833
python3-gdal,arch,debian_bookworm,0.0,420,174,0,594
python3-gdal,arch,fedora_42,0.0,420,320,0,740
python3-gdal,arch,fedora_43,0.0,420,326,0,746
python3-gdal,arch,opensuse_15.2,0.0,420,40,0,460
python3-gdal,arch,rhel_8,0.0,420,108,0,528
python3-gdal,arch,rhel_9,0.0,420,322,0,742
python3-gdal,arch,ubuntu_focal,0.0,420,74,0,494
python3-gdal,arch,ubuntu_jammy,0.0,420,174,0,594
python3-gdal,arch,ubuntu_noble,0.0,420,172,0,592
python3-gdal,debian_bookworm,fedora_42,0.0,174,320,0,494
python3-gdal,debian_bookworm,fedora_43,0.0,174,326,0,500
python3-gdal,debian_bookworm,opensuse_15.2,0.0,174,40,0,214
python3-gdal,debian_bookworm,rhel_8,0.0,174,108,0,282
python3-gdal,debian_bookworm,rhel_9,0.0,174,322,0,496
python3-gdal,fedora_42,opensuse_15.2,0.0,320,40,0,360
python3-gdal,fedora_42,ubuntu_focal,0.0,320,74,0,394
python3-gdal,fedora_42,ubuntu_jammy,0.0,320,174,0,494
python3-gdal,fedora_42,ubuntu_noble,0.0,320,172,0,492
python3-gdal,fedora_43,opensuse_15.2,0.0,326,40,0,366
python3-gdal,fedora_43,ubuntu_focal,0.0,326,74,0,400
python3-gdal,fedora_43,ubuntu_jammy,0.0,326,174,0,500
python3-gdal,fedora_43,ubuntu_noble,0.0,326,172,0,498
python3-gdal,opensuse_15.2,rhel_9,0.0,40,322,0,362
python3-gdal,opensuse_15.2,ubuntu_focal,0.0,40,74,0,114
python3-gdal,opensuse_15.2,ubuntu_jammy,0.0,40,174,0,214
python3-gdal,opensuse_15.2,ubuntu_noble,0.0,40,172,0,212
python3-gdal,rhel_8,ubuntu_focal,0.0,108,74,0,182
python3-gdal,rhel_8,ubuntu_jammy,0.0,108,174,0,282
python3-gdal,rhel_8,ubuntu_noble,0.0,108,172,0,280
python3-gdal,rhel_9,ubuntu_focal,0.0,322,74,0,396
python3-gdal,rhel_9,ubuntu_jammy,0.0,322,174,0,496
python3-gdal,rhel_9,ubuntu_noble,0.0,322,172,0,494
python3-geographiclib,arch,debian_bookworm,0.0,40,17,0,57
python3-geographiclib,arch,fedora_42,0.0,40,38,0,78
python3-geographiclib,arch,opensuse_15.2,0.0,40,27,0,67
python3-geographiclib,arch,rhel_8,0.0,40,35,0,75
python3-geographiclib,arch,rhel_9,0.0,40,38,0,78
python3-geographiclib,arch,ubuntu_focal,0.0,40,15,0,55
python3-geographiclib,arch,ubuntu_jammy,0.0,40,15,0,55
python3-geographiclib,arch,ubuntu_noble,0.0,40,17,0,57
python3-geographiclib,debian_bookworm,fedora_42,0.0,17,38,0,55
python3-geographiclib,debian_bookworm,opensuse_15.2,0.0,17,27,0,44
python3-geographiclib,debian_bookworm,rhel_8,0.0,17,35,0,52
python3-geographiclib,debian_bookworm,rhel_9,0.0,17,38,0,55
python3-geographiclib,fedora_42,fedora_43,0.0,38,39,0,77
python3-geographiclib,fedora_42,opensuse_15.2,0.0,38,27,0,65
python3-geographiclib,fedora_42,ubuntu_focal,0.0,38,15,0,53
python3-geographiclib,fedora_42,ubuntu_jammy,0.0,38,15,0,53
python3-geographiclib,fedora_42,ubuntu_noble,0.0,38,17,0,55
python3-geographiclib,fedora_43,opensuse_15.2,0.0,39,27,0,66
python3-geographiclib,fedora_43,rhel_8,0.0,39,35,0,74
python3-geographiclib,fedora_43,rhel_9,0.0,39,38,0,77
python3-geographiclib,fedora_43,ubuntu_focal,0.0,39,15,0,54
python3-geographiclib,fedora_43,ubuntu_jammy,0.0,39,15,0,54
python3-geographiclib,opensuse_15.2,rhel_9,0.0,27,38,0,65
python3-geographiclib,opensuse_15.2,ubuntu_focal,0.0,27,15,0,42
python3-geographiclib,opensuse_15.2,ubuntu_jammy,0.0,27,15,0,42
python3-geographiclib,opensuse_15.2,ubuntu_noble,0.0,27,17,0,44
python3-geographiclib,rhel_8,ubuntu_focal,0.0,35,15,0,50
python3-geographiclib,rhel_8,ubuntu_jammy,0.0,35,15,0,50
python3-geographiclib,rhel_8,ubuntu_noble,0.0,35,17,0,52
python3-geographiclib,rhel_9,ubuntu_focal,0.0,38,15,0,53
python3-geographiclib,rhel_9,ubuntu_jammy,0.0,38,15,0,53
python3-geographiclib,rhel_9,ubuntu_noble,0.0,38,17,0,55
python3-geojson,arch,debian_bookworm,0.0,36,16,0,52
python3-geojson,arch,fedora_42,0.0,36,38,0,74
python3-geojson,arch,opensuse_15.2,0.0,36,40,0,76
python3-geojson,arch,ubuntu_focal,0.0,36,15,0,51
python3-geojson,arch,ubuntu_jammy,0.0,36,15,0,51
python3-geojson,arch,ubuntu_noble,0.0,36,15,0,51
python3-geojson,debian_bookworm,fedora_42,0.0,16,38,0,54
python3-geojson,debian_bookworm,fedora_43,0.0,16,38,0,54
python3-geojson,debian_bookworm,opensuse_15.2,0.0,16,40,0,56
python3-geojson,fedora_42,ubuntu_focal,0.0,38,15,0,53
python3-geojson,fedora_42,ubuntu_jammy,0.0,38,15,0,53
python3-geojson,fedora_42,ubuntu_noble,0.0,38,15,0,53
python3-geojson,fedora_43,ubuntu_focal,0.0,38,15,0,53
python3-geojson,fedora_43,ubuntu_jammy,0.0,38,15,0,53
python3-geojson,fedora_43,ubuntu_noble,0.0,38,15,0,53
python3-geojson,opensuse_15.2,ubuntu_focal,0.0,40,15,0,55
python3-geojson,opensuse_15.2,ubuntu_jammy,0.0,40,15,0,55
python3-geojson,opensuse_15.2,ubuntu_noble,0.0,40,15,0,55
python3-geopandas,arch,debian_bookworm,0.0,226,78,0,304
python3-geopandas,arch,fedora_42,0.0,226,222,0,448
python3-geopandas,arch,ubuntu_focal,0.0,226,67,0,293
python3-geopandas,arch,ubuntu_jammy,0.0,226,77,0,303
python3-geopandas,arch,ubuntu_noble,0.0,226,178,0,404
python3-geopandas,debian_bookworm,fedora_42,0.0,78,222,0,300
python3-geopandas,debian_bookworm,fedora_43,0.0,78,228,0,306
python3-geopandas,fedora_42,ubuntu_focal,0.0,222,67,0,289
python3-geopandas,fedora_42,ubuntu_jammy,0.0,222,77,0,299
python3-geopandas,fedora_42,ubuntu_noble,0.0,222,178,0,400
python3-geopandas,fedora_43,ubuntu_focal,0.0,228,67,0,295
python3-geopandas,fedora_43,ubuntu_jammy,0.0,228,77,0,305
python3-geopandas,fedora_43,ubuntu_noble,0.0,228,178,0,406
python3-geopy,debian_bookworm,fedora_42,0.0,50,143,0,193
python3-geopy,debian_bookworm,fedora_43,0.0,50,143,0,193
python3-geopy,fedora_42,ubuntu_focal,0.0,143,44,0,187
python3-geopy,fedora_42,ubuntu_jammy,0.0,143,50,0,193
python3-geopy,fedora_42,ubuntu_noble,0.0,143,50,0,193
python3-geopy,fedora_43,ubuntu_focal,0.0,143,44,0,187
python3-geopy,fedora_43,ubuntu_jammy,0.0,143,50,0,193
python3-geopy,fedora_43,ubuntu_noble,0.0,143,50,0,193
python3-gi,arch,debian_bookworm,0.0,92,38,0,130
python3-gi,arch,fedora_42,0.0,92,4,0,96
python3-gi,arch,fedora_43,0.0,92,4,0,96
python3-gi,arch,ubuntu_focal,0.0,92,36,0,128
python3-gi,arch,ubuntu_jammy,0.0,92,36,0,128
python3-gi,arch,ubuntu_noble,0.0,92,32,0,124
python3-gi,debian_bookworm,fedora_42,0.0,38,4,0,42
python3-gi,debian_bookworm,fedora_43,0.0,38,4,0,42
python3-gi,fedora_42,fedora_43,0.0,4,4,0,8
python3-gi,fedora_42,ubuntu_focal,0.0,4,36,0,40
python3-gi,fedora_42,ubuntu_jammy,0.0,4,36,0,40
python3-gi,fedora_42,ubuntu_noble,0.0,4,32,0,36
python3-gi,fedora_43,ubuntu_focal,0.0,4,36,0,40
python3-gi,fedora_43,ubuntu_jammy,0.0,4,36,0,40
python3-gi,fedora_43,ubuntu_noble,0.0,4,32,0,36
python3-gi-cairo,arch,debian_bookworm,0.0,92,5,0,97
python3-gi-cairo,arch,fedora_42,0.0,92,4,0,96
python3-gi-cairo,arch,fedora_43,0.0,92,4,0,96
python3-gi-cairo,arch,opensuse_15.2,0.0,92,142,0,234
python3-gi-cairo,arch,ubuntu_focal,0.0,92,3,0,95
python3-gi-cairo,arch,ubuntu_jammy,0.0,92,3,0,95
python3-gi-cairo,arch,ubuntu_noble,0.0,92,3,0,95
python3-gi-cairo,debian_bookworm,fedora_42,0.0,5,4,0,9
python3-gi-cairo,debian_bookworm,fedora_43,0.0,5,4,0,9
python3-gi-cairo,debian_bookworm,opensuse_15.2,0.0,5,142,0,147
python3-gi-cairo,fedora_42,fedora_43,0.0,4,4,0,8
python3-gi-cairo,fedora_42,opensuse_15.2,0.0,4,142,0,146
python3-gi-cairo,fedora_42,ubuntu_focal,0.0,4,3,0,7
python3-gi-cairo,fedora_42,ubuntu_jammy,0.0,4,3,0,7
python3-gi-cairo,fedora_42,ubuntu_noble,0.0,4,3,0,7
python3-gi-cairo,fedora_43,opensuse_15.2,0.0,4,142,0,146
python3-gi-cairo,fedora_43,ubuntu_focal,0.0,4,3,0,7
python3-gi-cairo,fedora_43,ubuntu_jammy,0.0,4,3,0,7
python3-gi-cairo,fedora_43,ubuntu_noble,0.0,4,3,0,7
python3-gi-cairo,opensuse_15.2,ubuntu_focal,0.0,142,3,0,145
python3-gi-cairo,opensuse_15.2,ubuntu_jammy,0.0,142,3,0,145
python3-gi-cairo,opensuse_15.2,ubuntu_noble,0.0,142,3,0,145
python3-git,arch,debian_bookworm,0.0,123,46,0,169
python3-git,arch,fedora_42,0.0,123,120,0,243
python3-git,arch,rhel_8,0.0,123,120,0,243
python3-git,arch,rhel_9,0.0,123,120,0,243
python3-git,arch,ubuntu_focal,0.0,123,142,0,265
python3-git,arch,ubuntu_jammy,0.0,123,46,0,169
python3-git,arch,ubuntu_noble,0.0,123,45,0,168
python3-git,debian_bookworm,fedora_42,0.0,46,120,0,166
python3-git,debian_bookworm,fedora_43,0.0,46,120,0,166
python3-git,debian_bookworm,rhel_8,0.0,46,120,0,166
python3-git,debian_bookworm,rhel_9,0.0,46,120,0,166
python3-git,fedora_42,ubuntu_focal,0.0,120,142,0,262
python3-git,fedora_42,ubuntu_jammy,0.0,120,46,0,166
python3-git,fedora_42,ubuntu_noble,0.0,120,45,0,165
python3-git,fedora_43,ubuntu_focal,0.0,120,142,0,262
python3-git,fedora_43,ubuntu_jammy,0.0,120,46,0,166
python3-git,fedora_43,ubuntu_noble,0.0,120,45,0,165
python3-git,rhel_8,ubuntu_focal,0.0,120,142,0,262
python3-git,rhel_8,ubuntu_jammy,0.0,120,46,0,166
python3-git,rhel_8,ubuntu_noble,0.0,120,45,0,165
python3-git,rhel_9,ubuntu_focal,0.0,120,142,0,262
python3-git,rhel_9,ubuntu_jammy,0.0,120,46,0,166
python3-git,rhel_9,ubuntu_noble,0.0,120,45,0,165
python3-github,debian_bookworm,rhel_8,0.0,223,436,0,659
python3-github,debian_bookworm,rhel_9,0.0,223,439,0,662
python3-github,rhel_8,ubuntu_focal,0.0,436,98,0,534
python3-github,rhel_8,ubuntu_jammy,0.0,436,223,0,659
python3-github,rhel_8,ubuntu_noble,0.0,436,155,0,591
python3-github,rhel_9,ubuntu_focal,0.0,439,98,0,537
python3-github,rhel_9,ubuntu_jammy,0.0,439,223,0,662
python3-github,rhel_9,ubuntu_noble,0.0,439,155,0,594
python3-gitlab,debian_bookworm,fedora_42,0.0,92,304,0,396
python3-gitlab,debian_bookworm,fedora_43,0.0,92,307,0,399
python3-gitlab,debian_bookworm,rhel_8,0.0,92,72,0,164
python3-gitlab,debian_bookworm,rhel_9,0.0,92,256,0,348
python3-gitlab,fedora_42,ubuntu_focal,0.0,304,31,0,335
python3-gitlab,fedora_42,ubuntu_jammy,0.0,304,83,0,387
python3-gitlab,fedora_42,ubuntu_noble,0.0,304,190,0,494
python3-gitlab,fedora_43,ubuntu_focal,0.0,307,31,0,338
python3-gitlab,fedora_43,ubuntu_jammy,0.0,307,83,0,390
python3-gitlab,fedora_43,ubuntu_noble,0.0,307,190,0,497
python3-gitlab,rhel_8,ubuntu_focal,0.0,72,31,0,103
python3-gitlab,rhel_8,ubuntu_jammy,0.0,72,83,0,155
python3-gitlab,rhel_8,ubuntu_noble,0.0,72,190,0,262
python3-gitlab,rhel_9,ubuntu_focal,0.0,256,31,0,287
python3-gitlab,rhel_9,ubuntu_jammy,0.0,256,83,0,339
python3-gitlab,rhel_9,ubuntu_noble,0.0,256,190,0,446
python3-gnupg,debian_bookworm,fedora_42,0.0,8,10,0,18
python3-gnupg,debian_bookworm,fedora_43,0.0,8,10,0,18
python3-gnupg,debian_bookworm,opensuse_15.2,0.0,8,6,0,14
python3-gnupg,fedora_42,opensuse_15.2,0.0,10,6,0,16
python3-gnupg,fedora_42,ubuntu_focal,0.0,10,4,0,14
python3-gnupg,fedora_42,ubuntu_jammy,0.0,10,6,0,16
python3-gnupg,fedora_42,ubuntu_noble,0.0,10,8,0,18
python3-gnupg,fedora_43,opensuse_15.2,0.0,10,6,0,16
python3-gnupg,fedora_43,ubuntu_focal,0.0,10,4,0,14
python3-gnupg,fedora_43,ubuntu_jammy,0.0,10,6,0,16
python3-gnupg,fedora_43,ubuntu_noble,0.0,10,8,0,18
python3-gnupg,opensuse_15.2,ubuntu_focal,0.0,6,4,0,10
python3-gnupg,opensuse_15.2,ubuntu_jammy,0.0,6,6,0,12
python3-gnupg,opensuse_15.2,ubuntu_noble,0.0,6,8,0,14
python3-google-auth,debian_bookworm,fedora_42,0.0,40,221,0,261
python3-google-auth,debian_bookworm,fedora_43,0.0,40,224,0,264
python3-google-auth,debian_bookworm,opensuse_15.2,0.0,40,102,0,142
python3-google-auth,debian_bookworm,rhel_8,0.0,40,95,0,135
python3-google-auth,debian_bookworm,rhel_9,0.0,40,224,0,264
python3-google-auth,fedora_42,ubuntu_focal,0.0,221,39,0,260
python3-google-auth,fedora_42,ubuntu_jammy,0.0,221,39,0,260
python3-google-auth,fedora_42,ubuntu_noble,0.0,221,39,0,260
python3-google-auth,fedora_43,ubuntu_focal,0.0,224,39,0,263
python3-google-auth,fedora_43,ubuntu_jammy,0.0,224,39,0,263
python3-google-auth,fedora_43,ubuntu_noble,0.0,224,39,0,263
python3-google-auth,opensuse_15.2,ubuntu_focal,0.0,102,39,0,141
python3-google-auth,opensuse_15.2,ubuntu_jammy,0.0,102,39,0,141
python3-google-auth,opensuse_15.2,ubuntu_noble,0.0,102,39,0,141
python3-google-auth,rhel_8,ubuntu_focal,0.0,95,39,0,134
python3-google-auth,rhel_8,ubuntu_jammy,0.0,95,39,0,134
python3-google-auth,rhel_8,ubuntu_noble,0.0,95,39,0,134
python3-google-auth,rhel_9,ubuntu_focal,0.0,224,39,0,263
python3-google-auth,rhel_9,ubuntu_jammy,0.0,224,39,0,263
python3-google-auth,rhel_9,ubuntu_noble,0.0,224,39,0,263
python3-google-auth-httplib2,debian_bookworm,fedora_42,0.0,7,10,0,17
python3-google-auth-httplib2,debian_bookworm,fedora_43,0.0,7,10,0,17
python3-google-auth-httplib2,debian_bookworm,opensuse_15.2,0.0,7,10,0,17
python3-google-auth-httplib2,fedora_42,ubuntu_focal,0.0,10,7,0,17
python3-google-auth-httplib2,fedora_42,ubuntu_jammy,0.0,10,7,0,17
python3-google-auth-httplib2,fedora_42,ubuntu_noble,0.0,10,7,0,17
python3-google-auth-httplib2,fedora_43,ubuntu_focal,0.0,10,7,0,17
python3-google-auth-httplib2,fedora_43,ubuntu_jammy,0.0,10,7,0,17
python3-google-auth-httplib2,fedora_43,ubuntu_noble,0.0,10,7,0,17
python3-google-auth-httplib2,opensuse_15.2,ubuntu_focal,0.0,10,7,0,17
python3-google-auth-httplib2,opensuse_15.2,ubuntu_jammy,0.0,10,7,0,17
python3-google-auth-httplib2,opensuse_15.2,ubuntu_noble,0.0,10,7,0,17
python3-googleapi,debian_bookworm,fedora_42,0.0,23,592,0,615
python3-googleapi,debian_bookworm,fedora_43,0.0,23,618,0,641
python3-googleapi,fedora_42,ubuntu_focal,0.0,592,22,0,614
python3-googleapi,fedora_42,ubuntu_jammy,0.0,592,22,0,614
python3-googleapi,fedora_42,ubuntu_noble,0.0,592,22,0,614
python3-googleapi,fedora_43,ubuntu_focal,0.0,618,22,0,640
python3-googleapi,fedora_43,ubuntu_jammy,0.0,618,22,0,640
python3-googleapi,fedora_43,ubuntu_noble,0.0,618,22,0,640
python3-gpxpy,debian_bookworm,fedora_42,0.0,14,31,0,45
python3-gpxpy,debian_bookworm,fedora_43,0.0,14,31,0,45
python3-gpxpy,debian_bookworm,opensuse_15.2,0.0,14,28,0,42
python3-gpxpy,fedora_42,ubuntu_focal,0.0,31,13,0,44
python3-gpxpy,fedora_42,ubuntu_jammy,0.0,31,14,0,45
python3-gpxpy,fedora_42,ubuntu_noble,0.0,31,14,0,45
python3-gpxpy,fedora_43,ubuntu_focal,0.0,31,13,0,44
python3-gpxpy,fedora_43,ubuntu_jammy,0.0,31,14,0,45
python3-gpxpy,fedora_43,ubuntu_noble,0.0,31,14,0,45
python3-gpxpy,opensuse_15.2,ubuntu_focal,0.0,28,13,0,41
python3-gpxpy,opensuse_15.2,ubuntu_jammy,0.0,28,14,0,42
python3-gpxpy,opensuse_15.2,ubuntu_noble,0.0,28,14,0,42
python3-graphviz,alpine_edge,debian_bookworm,0.0,38,71,0,109
python3-graphviz,alpine_edge,fedora_42,0.0,38,104,0,142
python3-graphviz,alpine_edge,opensuse_15.2,0.0,38,29,0,67
python3-graphviz,alpine_edge,rhel_8,0.0,38,75,0,113
python3-graphviz,alpine_edge,rhel_9,0.0,38,87,0,125
python3-graphviz,alpine_edge,ubuntu_focal,0.0,38,28,0,66
python3-graphviz,alpine_edge,ubuntu_jammy,0.0,38,31,0,69
python3-graphviz,alpine_edge,ubuntu_noble,0.0,38,60,0,98
python3-graphviz,arch,debian_bookworm,0.0,105,71,0,176
python3-graphviz,arch,fedora_42,0.0,105,104,0,209
python3-graphviz,arch,opensuse_15.2,0.0,105,29,0,134
python3-graphviz,arch,rhel_8,0.0,105,75,0,180
python3-graphviz,arch,rhel_9,0.0,105,87,0,192
python3-graphviz,arch,ubuntu_focal,0.0,105,28,0,133
python3-graphviz,arch,ubuntu_jammy,0.0,105,31,0,136
python3-graphviz,arch,ubuntu_noble,0.0,105,60,0,165
python3-graphviz,debian_bookworm,fedora_42,0.0,71,104,0,175
python3-graphviz,debian_bookworm,fedora_43,0.0,71,104,0,175
python3-graphviz,debian_bookworm,opensuse_15.2,0.0,71,29,0,100
python3-graphviz,debian_bookworm,rhel_8,0.0,71,75,0,146
python3-graphviz,debian_bookworm,rhel_9,0.0,71,87,0,158
python3-graphviz,fedora_42,fedora_43,0.0,104,104,0,208
python3-graphviz,fedora_42,opensuse_15.2,0.0,104,29,0,133
python3-graphviz,fedora_42,rhel_8,0.0,104,75,0,179
python3-graphviz,fedora_42,rhel_9,0.0,104,87,0,191
python3-graphviz,fedora_42,ubuntu_focal,0.0,104,28,0,132
python3-graphviz,fedora_42,ubuntu_jammy,0.0,104,31,0,135
python3-graphviz,fedora_42,ubuntu_noble,0.0,104,60,0,164
python3-graphviz,fedora_43,opensuse_15.2,0.0,104,29,0,133
python3-graphviz,fedora_43,rhel_8,0.0,104,75,0,179
python3-graphviz,fedora_43,rhel_9,0.0,104,87,0,191
python3-graphviz,fedora_43,ubuntu_focal,0.0,104,28,0,132
python3-graphviz,fedora_43,ubuntu_jammy,0.0,104,31,0,135
python3-graphviz,fedora_43,ubuntu_noble,0.0,104,60,0,164
python3-graphviz,opensuse_15.2,rhel_8,0.0,29,75,0,104
python3-graphviz,opensuse_15.2,rhel_9,0.0,29,87,0,116
python3-graphviz,opensuse_15.2,ubuntu_focal,0.0,29,28,0,57
python3-graphviz,opensuse_15.2,ubuntu_jammy,0.0,29,31,0,60
python3-graphviz,opensuse_15.2,ubuntu_noble,0.0,29,60,0,89
python3-graphviz,rhel_8,ubuntu_focal,0.0,75,28,0,103
python3-graphviz,rhel_8,ubuntu_jammy,0.0,75,31,0,106
python3-graphviz,rhel_8,ubuntu_noble,0.0,75,60,0,135
python3-graphviz,rhel_9,ubuntu_focal,0.0,87,28,0,115
python3-graphviz,rhel_9,ubuntu_jammy,0.0,87,31,0,118
python3-graphviz,rhel_9,ubuntu_noble,0.0,87,60,0,147
python3-grpcio,debian_bookworm,fedora_42,0.0,64,173,0,237
python3-grpcio,debian_bookworm,fedora_43,0.0,64,173,0,237
python3-grpcio,fedora_42,ubuntu_focal,0.0,173,47,0,220
python3-grpcio,fedora_42,ubuntu_jammy,0.0,173,60,0,233
python3-grpcio,fedora_42,ubuntu_noble,0.0,173,63,0,236
python3-grpcio,fedora_43,ubuntu_focal,0.0,173,47,0,220
python3-grpcio,fedora_43,ubuntu_jammy,0.0,173,60,0,233
python3-grpcio,fedora_43,ubuntu_noble,0.0,173,63,0,236
python3-gtts,debian_bookworm,fedora_42,0.0,27,72,0,99
python3-gtts,debian_bookworm,fedora_43,0.0,27,72,0,99
python3-gtts,fedora_42,ubuntu_focal,0.0,72,26,0,98
python3-gtts,fedora_42,ubuntu_jammy,0.0,72,26,0,98
python3-gtts,fedora_42,ubuntu_noble,0.0,72,33,0,105
python3-gtts,fedora_43,ubuntu_focal,0.0,72,26,0,98
python3-gtts,fedora_43,ubuntu_jammy,0.0,72,26,0,98
python3-gtts,fedora_43,ubuntu_noble,0.0,72,33,0,105
python3-hidapi,debian_bookworm,fedora_42,0.0,9,15,0,24
python3-hidapi,debian_bookworm,fedora_43,0.0,9,15,0,24
python3-hidapi,debian_bookworm,rhel_9,0.0,9,16,0,25
python3-hidapi,fedora_42,ubuntu_focal,0.0,15,8,0,23
python3-hidapi,fedora_42,ubuntu_jammy,0.0,15,8,0,23
python3-hidapi,fedora_42,ubuntu_noble,0.0,15,8,0,23
python3-hidapi,fedora_43,ubuntu_focal,0.0,15,8,0,23
python3-hidapi,fedora_43,ubuntu_jammy,0.0,15,8,0,23
python3-hidapi,fedora_43,ubuntu_noble,0.0,15,8,0,23
python3-hidapi,rhel_9,ubuntu_focal,0.0,16,8,0,24
python3-hidapi,rhel_9,ubuntu_jammy,0.0,16,8,0,24
python3-hidapi,rhel_9,ubuntu_noble,0.0,16,8,0,24
python3-httpx,alpine_edge,fedora_42,0.0,1,81,0,82
python3-httpx,alpine_edge,fedora_43,0.0,1,78,0,79
python3-httpx,alpine_edge,pypi,0.0,1,29,0,30
python3-httpx,alpine_edge,rhel_8,0.0,1,60,0,61
python3-httpx,arch,fedora_42,0.0,156,81,0,237
python3-httpx,arch,pypi,0.0,156,29,0,185
python3-httpx,arch,rhel_8,0.0,156,60,0,216
python3-httpx,debian_bookworm,fedora_42,0.0,33,81,0,114
python3-httpx,debian_bookworm,fedora_43,0.0,33,78,0,111
python3-httpx,debian_bookworm,pypi,0.0,33,29,0,62
python3-httpx,debian_bookworm,rhel_8,0.0,33,60,0,93
python3-httpx,fedora_42,pypi,0.0,81,29,0,110
python3-httpx,fedora_42,ubuntu_jammy,0.0,81,33,0,114
python3-httpx,fedora_42,ubuntu_noble,0.0,81,33,0,114
python3-httpx,fedora_43,pypi,0.0,78,29,0,107
python3-httpx,fedora_43,ubuntu_jammy,0.0,78,33,0,111
python3-httpx,fedora_43,ubuntu_noble,0.0,78,33,0,111
python3-httpx,pypi,rhel_8,0.0,29,60,0,89
python3-httpx,pypi,rhel_9,0.0,29,80,0,109
python3-httpx,pypi,ubuntu_jammy,0.0,29,33,0,62
python3-httpx,pypi,ubuntu_noble,0.0,29,33,0,62
python3-httpx,rhel_8,ubuntu_jammy,0.0,60,33,0,93
python3-httpx,rhel_8,ubuntu_noble,0.0,60,33,0,93
python3-hypothesis,fedora_42,ubuntu_focal,0.0,317,90,0,407
python3-hypothesis,fedora_43,ubuntu_focal,0.0,317,90,0,407
python3-imageio,debian_bookworm,fedora_42,0.0,55,163,0,218
python3-imageio,debian_bookworm,fedora_43,0.0,55,163,0,218
python3-imageio,fedora_42,ubuntu_focal,0.0,163,54,0,217
python3-imageio,fedora_42,ubuntu_jammy,0.0,163,54,0,217
python3-imageio,fedora_42,ubuntu_noble,0.0,163,67,0,230
python3-imageio,fedora_43,ubuntu_focal,0.0,163,54,0,217
python3-imageio,fedora_43,ubuntu_jammy,0.0,163,54,0,217
python3-imageio,fedora_43,ubuntu_noble,0.0,163,67,0,230
python3-img2pdf,alpine_edge,debian_bookworm,0.0,8,12,0,20
python3-img2pdf,alpine_edge,ubuntu_focal,0.0,8,11,0,19
python3-img2pdf,alpine_edge,ubuntu_jammy,0.0,8,11,0,19
python3-img2pdf,alpine_edge,ubuntu_noble,0.0,8,10,0,18
python3-img2pdf,arch,debian_bookworm,0.0,15,12,0,27
python3-img2pdf,arch,ubuntu_focal,0.0,15,11,0,26
python3-img2pdf,arch,ubuntu_jammy,0.0,15,11,0,26
python3-img2pdf,arch,ubuntu_noble,0.0,15,10,0,25
python3-img2pdf,debian_bookworm,fedora_42,0.0,12,16,0,28
python3-img2pdf,debian_bookworm,fedora_43,0.0,12,16,0,28
python3-img2pdf,debian_bookworm,opensuse_15.2,0.0,12,18,0,30
python3-img2pdf,debian_bookworm,rhel_8,0.0,12,17,0,29
python3-img2pdf,debian_bookworm,rhel_9,0.0,12,17,0,29
python3-img2pdf,fedora_42,ubuntu_focal,0.0,16,11,0,27
python3-img2pdf,fedora_42,ubuntu_jammy,0.0,16,11,0,27
python3-img2pdf,fedora_42,ubuntu_noble,0.0,16,10,0,26
python3-img2pdf,fedora_43,ubuntu_focal,0.0,16,11,0,27
python3-img2pdf,fedora_43,ubuntu_jammy,0.0,16,11,0,27
python3-img2pdf,fedora_43,ubuntu_noble,0.0,16,10,0,26
python3-img2pdf,opensuse_15.2,ubuntu_focal,0.0,18,11,0,29
python3-img2pdf,opensuse_15.2,ubuntu_jammy,0.0,18,11,0,29
python3-img2pdf,opensuse_15.2,ubuntu_noble,0.0,18,10,0,28
python3-img2pdf,rhel_8,ubuntu_focal,0.0,17,11,0,28
python3-img2pdf,rhel_8,ubuntu_jammy,0.0,17,11,0,28
python3-img2pdf,rhel_8,ubuntu_noble,0.0,17,10,0,27
python3-img2pdf,rhel_9,ubuntu_focal,0.0,17,11,0,28
python3-img2pdf,rhel_9,ubuntu_jammy,0.0,17,11,0,28
python3-img2pdf,rhel_9,ubuntu_noble,0.0,17,10,0,27
python3-importlib-metadata,alpine_edge,debian_bookworm,0.0,18,16,0,34
python3-importlib-metadata,alpine_edge,fedora_42,0.0,18,10,0,28
python3-importlib-metadata,alpine_edge,fedora_43,0.0,18,10,0,28
python3-importlib-metadata,alpine_edge,rhel_8,0.0,18,36,0,54
python3-importlib-metadata,alpine_edge,rhel_9,0.0,18,12,0,30
python3-importlib-metadata,alpine_edge,ubuntu_focal,0.0,18,8,0,26
python3-importlib-metadata,alpine_edge,ubuntu_jammy,0.0,18,15,0,33
python3-importlib-metadata,alpine_edge,ubuntu_noble,0.0,18,15,0,33
python3-importlib-metadata,arch,debian_bookworm,0.0,44,16,0,60
python3-importlib-metadata,arch,fedora_42,0.0,44,10,0,54
python3-importlib-metadata,arch,fedora_43,0.0,44,10,0,54
python3-importlib-metadata,arch,rhel_8,0.0,44,36,0,80
python3-importlib-metadata,arch,rhel_9,0.0,44,12,0,56
python3-importlib-metadata,arch,ubuntu_focal,0.0,44,8,0,52
python3-importlib-metadata,arch,ubuntu_jammy,0.0,44,15,0,59
python3-importlib-metadata,arch,ubuntu_noble,0.0,44,15,0,59
python3-importlib-metadata,debian_bookworm,fedora_42,0.0,16,10,0,26
python3-importlib-metadata,debian_bookworm,fedora_43,0.0,16,10,0,26
python3-importlib-metadata,debian_bookworm,rhel_8,0.0,16,36,0,52
python3-importlib-metadata,debian_bookworm,rhel_9,0.0,16,12,0,28
python3-importlib-metadata,fedora_42,rhel_8,0.0,10,36,0,46
python3-importlib-metadata,fedora_42,ubuntu_focal,0.0,10,8,0,18
python3-importlib-metadata,fedora_42,ubuntu_jammy,0.0,10,15,0,25
python3-importlib-metadata,fedora_42,ubuntu_noble,0.0,10,15,0,25
python3-importlib-metadata,fedora_43,rhel_8,0.0,10,36,0,46
python3-importlib-metadata,fedora_43,ubuntu_focal,0.0,10,8,0,18
python3-importlib-metadata,fedora_43,ubuntu_jammy,0.0,10,15,0,25
python3-importlib-metadata,fedora_43,ubuntu_noble,0.0,10,15,0,25
python3-importlib-metadata,rhel_8,rhel_9,0.0,36,12,0,48
python3-importlib-metadata,rhel_8,ubuntu_focal,0.0,36,8,0,44
python3-importlib-metadata,rhel_8,ubuntu_jammy,0.0,36,15,0,51
python3-importlib-metadata,rhel_8,ubuntu_noble,0.0,36,15,0,51
python3-importlib-metadata,rhel_9,ubuntu_focal,0.0,12,8,0,20
python3-importlib-metadata,rhel_9,ubuntu_jammy,0.0,12,15,0,27
python3-importlib-metadata,rhel_9,ubuntu_noble,0.0,12,15,0,27
python3-importlib-resources,arch,debian_bookworm,0.0,43,45,0,88
python3-importlib-resources,arch,fedora_42,0.0,43,10,0,53
python3-importlib-resources,arch,fedora_43,0.0,43,10,0,53
python3-importlib-resources,arch,rhel_8,0.0,43,20,0,63
python3-importlib-resources,arch,rhel_9,0.0,43,12,0,55
python3-importlib-resources,arch,ubuntu_focal,0.0,43,18,0,61
python3-importlib-resources,arch,ubuntu_jammy,0.0,43,18,0,61
python3-importlib-resources,arch,ubuntu_noble,0.0,43,18,0,61
python3-importlib-resources,debian_bookworm,fedora_42,0.0,45,10,0,55
python3-importlib-resources,debian_bookworm,fedora_43,0.0,45,10,0,55
python3-importlib-resources,debian_bookworm,rhel_8,0.0,45,20,0,65
python3-importlib-resources,debian_bookworm,rhel_9,0.0,45,12,0,57
python3-importlib-resources,debian_bookworm,ubuntu_focal,0.0,45,18,0,63
python3-importlib-resources,debian_bookworm,ubuntu_jammy,0.0,45,18,0,63
python3-importlib-resources,debian_bookworm,ubuntu_noble,0.0,45,18,0,63
python3-importlib-resources,fedora_42,rhel_8,0.0,10,20,0,30
python3-importlib-resources,fedora_43,rhel_8,0.0,10,20,0,30
python3-importlib-resources,rhel_8,rhel_9,0.0,20,12,0,32
python3-importlib-resources,rhel_8,ubuntu_focal,0.0,20,18,0,38
python3-importlib-resources,rhel_8,ubuntu_jammy,0.0,20,18,0,38
python3-importlib-resources,rhel_8,ubuntu_noble,0.0,20,18,0,38
python3-inflection,arch,debian_bookworm,0.0,10,9,0,19
python3-inflection,arch,fedora_42,0.0,10,11,0,21
python3-inflection,arch,opensuse_15.2,0.0,10,11,0,21
python3-inflection,arch,ubuntu_focal,0.0,10,8,0,18
python3-inflection,arch,ubuntu_jammy,0.0,10,8,0,18
python3-inflection,arch,ubuntu_noble,0.0,10,8,0,18
python3-inflection,debian_bookworm,opensuse_15.2,0.0,9,11,0,20
python3-inflection,opensuse_15.2,ubuntu_focal,0.0,11,8,0,19
python3-inflection,opensuse_15.2,ubuntu_jammy,0.0,11,8,0,19
python3-inflection,opensuse_15.2,ubuntu_noble,0.0,11,8,0,19
python3-influxdb,debian_bookworm,fedora_42,0.0,36,97,0,133
python3-influxdb,debian_bookworm,fedora_43,0.0,36,97,0,133
python3-influxdb,debian_bookworm,opensuse_15.2,0.0,36,97,0,133
python3-influxdb,debian_bookworm,rhel_8,0.0,36,97,0,133
python3-influxdb,debian_bookworm,rhel_9,0.0,36,97,0,133
python3-influxdb,fedora_42,ubuntu_focal,0.0,97,36,0,133
python3-influxdb,fedora_42,ubuntu_jammy,0.0,97,36,0,133
python3-influxdb,fedora_42,ubuntu_noble,0.0,97,36,0,133
python3-influxdb,fedora_43,ubuntu_focal,0.0,97,36,0,133
python3-influxdb,fedora_43,ubuntu_jammy,0.0,97,36,0,133
python3-influxdb,fedora_43,ubuntu_noble,0.0,97,36,0,133
python3-influxdb,opensuse_15.2,ubuntu_focal,0.0,97,36,0,133
python3-influxdb,opensuse_15.2,ubuntu_jammy,0.0,97,36,0,133
python3-influxdb,opensuse_15.2,ubuntu_noble,0.0,97,36,0,133
python3-influxdb,rhel_8,ubuntu_focal,0.0,97,36,0,133
python3-influxdb,rhel_8,ubuntu_jammy,0.0,97,36,0,133
python3-influxdb,rhel_8,ubuntu_noble,0.0,97,36,0,133
python3-influxdb,rhel_9,ubuntu_focal,0.0,97,36,0,133
python3-influxdb,rhel_9,ubuntu_jammy,0.0,97,36,0,133
python3-influxdb,rhel_9,ubuntu_noble,0.0,97,36,0,133
python3-interpreter,arch,opensuse_15.2,0.0,3067,14,0,3081
python3-interpreter,debian_bookworm,opensuse_15.2,0.0,19,14,0,33
python3-interpreter,fedora_42,opensuse_15.2,0.0,10,14,0,24
python3-interpreter,fedora_43,opensuse_15.2,0.0,10,14,0,24
python3-interpreter,opensuse_15.2,rhel_9,0.0,14,12,0,26
python3-interpreter,opensuse_15.2,ubuntu_focal,0.0,14,18,0,32
python3-interpreter,opensuse_15.2,ubuntu_jammy,0.0,14,18,0,32
python3-interpreter,opensuse_15.2,ubuntu_noble,0.0,14,18,0,32
python3-jinja2,alpine_edge,debian_bookworm,0.0,31,37,0,68
python3-jinja2,alpine_edge,fedora_42,0.0,31,133,0,164
python3-jinja2,alpine_edge,rhel_8,0.0,31,181,0,212
python3-jinja2,alpine_edge,rhel_9,0.0,31,99,0,130
python3-jinja2,alpine_edge,ubuntu_focal,0.0,31,37,0,68
python3-jinja2,alpine_edge,ubuntu_jammy,0.0,31,36,0,67
python3-jinja2,alpine_edge,ubuntu_noble,0.0,31,36,0,67
python3-jinja2,debian_bookworm,fedora_42,0.0,37,133,0,170
python3-jinja2,debian_bookworm,fedora_43,0.0,37,133,0,170
python3-jinja2,debian_bookworm,rhel_8,0.0,37,181,0,218
python3-jinja2,debian_bookworm,rhel_9,0.0,37,99,0,136
python3-jinja2,fedora_42,rhel_9,0.0,133,99,0,232
python3-jinja2,fedora_42,ubuntu_focal,0.0,133,37,0,170
python3-jinja2,fedora_42,ubuntu_jammy,0.0,133,36,0,169
python3-jinja2,fedora_42,ubuntu_noble,0.0,133,36,0,169
python3-jinja2,fedora_43,rhel_9,0.0,133,99,0,232
python3-jinja2,fedora_43,ubuntu_focal,0.0,133,37,0,170
python3-jinja2,fedora_43,ubuntu_jammy,0.0,133,36,0,169
python3-jinja2,fedora_43,ubuntu_noble,0.0,133,36,0,169
python3-jinja2,rhel_8,ubuntu_focal,0.0,181,37,0,218
python3-jinja2,rhel_8,ubuntu_jammy,0.0,181,36,0,217
python3-jinja2,rhel_8,ubuntu_noble,0.0,181,36,0,217
python3-jinja2,rhel_9,ubuntu_focal,0.0,99,37,0,136
python3-jinja2,rhel_9,ubuntu_jammy,0.0,99,36,0,135
python3-jinja2,rhel_9,ubuntu_noble,0.0,99,36,0,135
python3-jmespath,arch,debian_bookworm,0.0,30,15,0,45
python3-jmespath,arch,ubuntu_focal,0.0,30,15,0,45
python3-jmespath,arch,ubuntu_jammy,0.0,30,15,0,45
python3-jmespath,arch,ubuntu_noble,0.0,30,15,0,45
python3-joblib,arch,debian_bookworm,0.0,290,153,0,443
python3-joblib,arch,opensuse_15.2,0.0,290,305,0,595
python3-joblib,arch,ubuntu_focal,0.0,290,153,0,443
python3-joblib,arch,ubuntu_jammy,0.0,290,153,0,443
python3-joblib,arch,ubuntu_noble,0.0,290,146,0,436
python3-joblib,debian_bookworm,opensuse_15.2,0.0,153,305,0,458
python3-joblib,opensuse_15.2,ubuntu_focal,0.0,305,153,0,458
python3-joblib,opensuse_15.2,ubuntu_jammy,0.0,305,153,0,458
python3-joblib,opensuse_15.2,ubuntu_noble,0.0,305,146,0,451
python3-json5,debian_bookworm,fedora_42,0.0,14,30,0,44
python3-json5,debian_bookworm,fedora_43,0.0,14,29,0,43
python3-json5,debian_bookworm,opensuse_15.2,0.0,14,34,0,48
python3-json5,debian_bookworm,rhel_8,0.0,14,31,0,45
python3-json5,debian_bookworm,rhel_9,0.0,14,32,0,46
python3-json5,fedora_42,ubuntu_jammy,0.0,30,14,0,44
python3-json5,fedora_42,ubuntu_noble,0.0,30,14,0,44
python3-json5,fedora_43,opensuse_15.2,0.0,29,34,0,63
python3-json5,fedora_43,ubuntu_jammy,0.0,29,14,0,43
python3-json5,fedora_43,ubuntu_noble,0.0,29,14,0,43
python3-json5,opensuse_15.2,ubuntu_jammy,0.0,34,14,0,48
python3-json5,opensuse_15.2,ubuntu_noble,0.0,34,14,0,48
python3-json5,rhel_8,ubuntu_jammy,0.0,31,14,0,45
python3-json5,rhel_8,ubuntu_noble,0.0,31,14,0,45
python3-json5,rhel_9,ubuntu_jammy,0.0,32,14,0,46
python3-json5,rhel_9,ubuntu_noble,0.0,32,14,0,46
python3-jsonpickle,arch,debian_bookworm,0.0,51,21,0,72
python3-jsonpickle,arch,fedora_42,0.0,51,50,0,101
python3-jsonpickle,arch,ubuntu_focal,0.0,51,15,0,66
python3-jsonpickle,arch,ubuntu_jammy,0.0,51,18,0,69
python3-jsonpickle,arch,ubuntu_noble,0.0,51,20,0,71
python3-jsonpickle,debian_bookworm,fedora_42,0.0,21,50,0,71
python3-jsonpickle,debian_bookworm,fedora_43,0.0,21,50,0,71
python3-jsonpickle,fedora_42,fedora_43,0.0,50,50,0,100
python3-jsonpickle,fedora_42,ubuntu_focal,0.0,50,15,0,65
python3-jsonpickle,fedora_42,ubuntu_jammy,0.0,50,18,0,68
python3-jsonpickle,fedora_42,ubuntu_noble,0.0,50,20,0,70
python3-jsonpickle,fedora_43,ubuntu_focal,0.0,50,15,0,65
python3-jsonpickle,fedora_43,ubuntu_jammy,0.0,50,18,0,68
python3-jsonpickle,fedora_43,ubuntu_noble,0.0,50,20,0,70
python3-jsonschema,debian_bookworm,rhel_8,0.0,42,65,0,107
python3-jsonschema,rhel_8,ubuntu_focal,0.0,65,36,0,101
python3-jsonschema,rhel_8,ubuntu_jammy,0.0,65,36,0,101
python3-jsonschema,rhel_8,ubuntu_noble,0.0,65,41,0,106
python3-jwt,alpine_edge,debian_bookworm,0.0,19,22,0,41
python3-jwt,alpine_edge,fedora_42,0.0,19,44,0,63
python3-jwt,alpine_edge,opensuse_15.2,0.0,19,52,0,71
python3-jwt,alpine_edge,rhel_9,0.0,19,35,0,54
python3-jwt,alpine_edge,ubuntu_focal,0.0,19,24,0,43
python3-jwt,alpine_edge,ubuntu_jammy,0.0,19,19,0,38
python3-jwt,alpine_edge,ubuntu_noble,0.0,19,23,0,42
python3-jwt,arch,debian_bookworm,0.0,44,22,0,66
python3-jwt,arch,fedora_42,0.0,44,44,0,88
python3-jwt,arch,opensuse_15.2,0.0,44,52,0,96
python3-jwt,arch,rhel_9,0.0,44,35,0,79
python3-jwt,arch,ubuntu_focal,0.0,44,24,0,68
python3-jwt,arch,ubuntu_jammy,0.0,44,19,0,63
python3-jwt,arch,ubuntu_noble,0.0,44,23,0,67
python3-jwt,debian_bookworm,opensuse_15.2,0.0,22,52,0,74
python3-jwt,fedora_42,opensuse_15.2,0.0,44,52,0,96
python3-jwt,fedora_43,opensuse_15.2,0.0,44,52,0,96
python3-jwt,opensuse_15.2,rhel_9,0.0,52,35,0,87
python3-jwt,opensuse_15.2,ubuntu_focal,0.0,52,24,0,76
python3-jwt,opensuse_15.2,ubuntu_jammy,0.0,52,19,0,71
python3-jwt,opensuse_15.2,ubuntu_noble,0.0,52,23,0,75
python3-kitchen,debian_bookworm,fedora_42,0.0,20,74,0,94
python3-kitchen,debian_bookworm,fedora_43,0.0,20,74,0,94
python3-kitchen,fedora_42,ubuntu_focal,0.0,74,20,0,94
python3-kitchen,fedora_42,ubuntu_jammy,0.0,74,20,0,94
python3-kitchen,fedora_42,ubuntu_noble,0.0,74,20,0,94
python3-kitchen,fedora_43,ubuntu_focal,0.0,74,20,0,94
python3-kitchen,fedora_43,ubuntu_jammy,0.0,74,20,0,94
python3-kitchen,fedora_43,ubuntu_noble,0.0,74,20,0,94
python3-kiwisolver,arch,debian_bookworm,0.0,14,13,0,27
python3-kiwisolver,arch,fedora_42,0.0,14,16,0,30
python3-kiwisolver,arch,fedora_43,0.0,14,16,0,30
python3-kiwisolver,arch,opensuse_15.2,0.0,14,9,0,23
python3-kiwisolver,arch,rhel_8,0.0,14,9,0,23
python3-kiwisolver,arch,rhel_9,0.0,14,14,0,28
python3-kiwisolver,arch,ubuntu_focal,0.0,14,8,0,22
python3-kiwisolver,arch,ubuntu_jammy,0.0,14,7,0,21
python3-kiwisolver,arch,ubuntu_noble,0.0,14,11,0,25
python3-kiwisolver,debian_bookworm,opensuse_15.2,0.0,13,9,0,22
python3-kiwisolver,fedora_42,opensuse_15.2,0.0,16,9,0,25
python3-kiwisolver,fedora_43,opensuse_15.2,0.0,16,9,0,25
python3-kiwisolver,opensuse_15.2,ubuntu_focal,0.0,9,8,0,17
python3-kiwisolver,opensuse_15.2,ubuntu_jammy,0.0,9,7,0,16
python3-kiwisolver,opensuse_15.2,ubuntu_noble,0.0,9,11,0,20
python3-lark-parser,alpine_edge,debian_bookworm,0.0,46,48,0,94
python3-lark-parser,alpine_edge,rhel_8,0.0,46,113,0,159
python3-lark-parser,alpine_edge,rhel_9,0.0,46,127,0,173
python3-lark-parser,alpine_edge,ubuntu_focal,0.0,46,34,0,80
python3-lark-parser,alpine_edge,ubuntu_jammy,0.0,46,47,0,93
python3-lark-parser,alpine_edge,ubuntu_noble,0.0,46,49,0,95
python3-lark-parser,arch,debian_bookworm,0.0,117,48,0,165
python3-lark-parser,arch,rhel_8,0.0,117,113,0,230
python3-lark-parser,arch,rhel_9,0.0,117,127,0,244
python3-lark-parser,arch,ubuntu_focal,0.0,117,34,0,151
python3-lark-parser,arch,ubuntu_jammy,0.0,117,47,0,164
python3-lark-parser,arch,ubuntu_noble,0.0,117,49,0,166
python3-lark-parser,debian_bookworm,rhel_8,0.0,48,113,0,161
python3-lark-parser,debian_bookworm,rhel_9,0.0,48,127,0,175
python3-lark-parser,rhel_8,ubuntu_focal,0.0,113,34,0,147
python3-lark-parser,rhel_8,ubuntu_jammy,0.0,113,47,0,160
python3-lark-parser,rhel_8,ubuntu_noble,0.0,113,49,0,162
python3-lark-parser,rhel_9,ubuntu_focal,0.0,127,34,0,161
python3-lark-parser,rhel_9,ubuntu_jammy,0.0,127,47,0,174
python3-lark-parser,rhel_9,ubuntu_noble,0.0,127,49,0,176
python3-lensfun,alpine_edge,debian_bookworm,0.0,5,5,0,10
python3-lensfun,alpine_edge,fedora_42,0.0,5,7,0,12
python3-lensfun,alpine_edge,opensuse_15.2,0.0,5,3,0,8
python3-lensfun,alpine_edge,rhel_9,0.0,5,7,0,12
python3-lensfun,alpine_edge,ubuntu_focal,0.0,5,4,0,9
python3-lensfun,alpine_edge,ubuntu_jammy,0.0,5,4,0,9
python3-lensfun,alpine_edge,ubuntu_noble,0.0,5,6,0,11
python3-lensfun,arch,debian_bookworm,0.0,71,5,0,76
python3-lensfun,arch,fedora_42,0.0,71,7,0,78
python3-lensfun,arch,opensuse_15.2,0.0,71,3,0,74
python3-lensfun,arch,rhel_9,0.0,71,7,0,78
python3-lensfun,arch,ubuntu_focal,0.0,71,4,0,75
python3-lensfun,arch,ubuntu_jammy,0.0,71,4,0,75
python3-lensfun,arch,ubuntu_noble,0.0,71,6,0,77
python3-lensfun,debian_bookworm,fedora_42,0.0,5,7,0,12
python3-lensfun,debian_bookworm,fedora_43,0.0,5,7,0,12
python3-lensfun,debian_bookworm,opensuse_15.2,0.0,5,3,0,8
python3-lensfun,debian_bookworm,rhel_9,0.0,5,7,0,12
python3-lensfun,fedora_42,fedora_43,0.0,7,7,0,14
python3-lensfun,fedora_42,opensuse_15.2,0.0,7,3,0,10
python3-lensfun,fedora_42,rhel_9,0.0,7,7,0,14
python3-lensfun,fedora_42,ubuntu_focal,0.0,7,4,0,11
python3-lensfun,fedora_42,ubuntu_jammy,0.0,7,4,0,11
python3-lensfun,fedora_42,ubuntu_noble,0.0,7,6,0,13
python3-lensfun,fedora_43,opensuse_15.2,0.0,7,3,0,10
python3-lensfun,fedora_43,rhel_9,0.0,7,7,0,14
python3-lensfun,fedora_43,ubuntu_focal,0.0,7,4,0,11
python3-lensfun,fedora_43,ubuntu_jammy,0.0,7,4,0,11
python3-lensfun,fedora_43,ubuntu_noble,0.0,7,6,0,13
python3-lensfun,opensuse_15.2,rhel_9,0.0,3,7,0,10
python3-lensfun,opensuse_15.2,ubuntu_focal,0.0,3,4,0,7
python3-lensfun,opensuse_15.2,ubuntu_jammy,0.0,3,4,0,7
python3-lensfun,opensuse_15.2,ubuntu_noble,0.0,3,6,0,9
python3-lensfun,rhel_9,ubuntu_focal,0.0,7,4,0,11
python3-lensfun,rhel_9,ubuntu_jammy,0.0,7,4,0,11
python3-lensfun,rhel_9,ubuntu_noble,0.0,7,6,0,13
python3-lgpio,pypi,ubuntu_jammy,0.0,7,26,0,33
python3-lgpio,pypi,ubuntu_noble,0.0,7,26,0,33
python3-libgpiod,alpine_edge,debian_bookworm,0.0,33,10,0,43
python3-libgpiod,alpine_edge,fedora_42,0.0,33,45,0,78
python3-libgpiod,alpine_edge,fedora_43,0.0,33,44,0,77
python3-libgpiod,alpine_edge,opensuse_15.2,0.0,33,1,0,34
python3-libgpiod,alpine_edge,rhel_8,0.0,33,2,0,35
python3-libgpiod,alpine_edge,rhel_9,0.0,33,2,0,35
python3-libgpiod,alpine_edge,ubuntu_focal,0.0,33,10,0,43
python3-libgpiod,alpine_edge,ubuntu_jammy,0.0,33,9,0,42
python3-libgpiod,alpine_edge,ubuntu_noble,0.0,33,9,0,42
python3-libgpiod,arch,debian_bookworm,0.0,70,10,0,80
python3-libgpiod,arch,fedora_42,0.0,70,45,0,115
python3-libgpiod,arch,fedora_43,0.0,70,44,0,114
python3-libgpiod,arch,opensuse_15.2,0.0,70,1,0,71
python3-libgpiod,arch,rhel_8,0.0,70,2,0,72
python3-libgpiod,arch,rhel_9,0.0,70,2,0,72
python3-libgpiod,arch,ubuntu_focal,0.0,70,10,0,80
python3-libgpiod,arch,ubuntu_jammy,0.0,70,9,0,79
python3-libgpiod,arch,ubuntu_noble,0.0,70,9,0,79
python3-libgpiod,debian_bookworm,fedora_42,0.0,10,45,0,55
python3-libgpiod,debian_bookworm,fedora_43,0.0,10,44,0,54
python3-libgpiod,debian_bookworm,opensuse_15.2,0.0,10,1,0,11
python3-libgpiod,debian_bookworm,rhel_8,0.0,10,2,0,12
python3-libgpiod,debian_bookworm,rhel_9,0.0,10,2,0,12
python3-libgpiod,fedora_42,fedora_43,0.0,45,44,0,89
python3-libgpiod,fedora_42,opensuse_15.2,0.0,45,1,0,46
python3-libgpiod,fedora_42,rhel_8,0.0,45,2,0,47
python3-libgpiod,fedora_42,rhel_9,0.0,45,2,0,47
python3-libgpiod,fedora_42,ubuntu_focal,0.0,45,10,0,55
python3-libgpiod,fedora_42,ubuntu_jammy,0.0,45,9,0,54
python3-libgpiod,fedora_42,ubuntu_noble,0.0,45,9,0,54
python3-libgpiod,fedora_43,opensuse_15.2,0.0,44,1,0,45
python3-libgpiod,fedora_43,rhel_8,0.0,44,2,0,46
python3-libgpiod,fedora_43,rhel_9,0.0,44,2,0,46
python3-libgpiod,fedora_43,ubuntu_focal,0.0,44,10,0,54
python3-libgpiod,fedora_43,ubuntu_jammy,0.0,44,9,0,53
python3-libgpiod,fedora_43,ubuntu_noble,0.0,44,9,0,53
python3-libgpiod,opensuse_15.2,rhel_9,0.0,1,2,0,3
python3-libgpiod,opensuse_15.2,ubuntu_focal,0.0,1,10,0,11
python3-libgpiod,opensuse_15.2,ubuntu_jammy,0.0,1,9,0,10
python3-libgpiod,opensuse_15.2,ubuntu_noble,0.0,1,9,0,10
python3-libgpiod,rhel_8,rhel_9,0.0,2,2,0,4
python3-libgpiod,rhel_8,ubuntu_focal,0.0,2,10,0,12
python3-libgpiod,rhel_8,ubuntu_jammy,0.0,2,9,0,11
python3-libgpiod,rhel_8,ubuntu_noble,0.0,2,9,0,11
python3-libgpiod,rhel_9,ubuntu_focal,0.0,2,10,0,12
python3-libgpiod,rhel_9,ubuntu_jammy,0.0,2,9,0,11
python3-libgpiod,rhel_9,ubuntu_noble,0.0,2,9,0,11
python3-libtmux,arch,debian_bookworm,0.0,99,27,0,126
python3-libtmux,arch,pypi,0.0,99,38,0,137
python3-libtmux,arch,rhel_9,0.0,99,69,0,168
python3-libtmux,arch,ubuntu_focal,0.0,99,17,0,116
python3-libtmux,arch,ubuntu_jammy,0.0,99,17,0,116
python3-libtmux,arch,ubuntu_noble,0.0,99,27,0,126
python3-libtmux,debian_bookworm,pypi,0.0,27,38,0,65
python3-libtmux,debian_bookworm,rhel_9,0.0,27,69,0,96
python3-libtmux,pypi,rhel_9,0.0,38,69,0,107
python3-libtmux,pypi,ubuntu_focal,0.0,38,17,0,55
python3-libtmux,pypi,ubuntu_jammy,0.0,38,17,0,55
python3-libtmux,pypi,ubuntu_noble,0.0,38,27,0,65
python3-libtmux,rhel_9,ubuntu_focal,0.0,69,17,0,86
python3-libtmux,rhel_9,ubuntu_jammy,0.0,69,17,0,86
python3-libtmux,rhel_9,ubuntu_noble,0.0,69,27,0,96
python3-lockfile,alpine_edge,debian_bookworm,0.0,13,18,0,31
python3-lockfile,alpine_edge,fedora_42,0.0,13,29,0,42
python3-lockfile,alpine_edge,rhel_8,0.0,13,33,0,46
python3-lockfile,alpine_edge,rhel_9,0.0,13,29,0,42
python3-lockfile,alpine_edge,ubuntu_focal,0.0,13,17,0,30
python3-lockfile,alpine_edge,ubuntu_jammy,0.0,13,17,0,30
python3-lockfile,alpine_edge,ubuntu_noble,0.0,13,17,0,30
python3-lockfile,arch,debian_bookworm,0.0,25,18,0,43
python3-lockfile,arch,fedora_42,0.0,25,29,0,54
python3-lockfile,arch,rhel_8,0.0,25,33,0,58
python3-lockfile,arch,rhel_9,0.0,25,29,0,54
python3-lockfile,arch,ubuntu_focal,0.0,25,17,0,42
python3-lockfile,arch,ubuntu_jammy,0.0,25,17,0,42
python3-lockfile,arch,ubuntu_noble,0.0,25,17,0,42
python3-lttng,alpine_edge,debian_bookworm,0.0,13,5,0,18
python3-lttng,alpine_edge,fedora_42,0.0,13,9,0,22
python3-lttng,alpine_edge,fedora_43,0.0,13,9,0,22
python3-lttng,alpine_edge,rhel_8,0.0,13,8,0,21
python3-lttng,alpine_edge,rhel_9,0.0,13,8,0,21
python3-lttng,alpine_edge,ubuntu_focal,0.0,13,4,0,17
python3-lttng,alpine_edge,ubuntu_jammy,0.0,13,4,0,17
python3-lttng,alpine_edge,ubuntu_noble,0.0,13,4,0,17
python3-lttng,arch,debian_bookworm,0.0,12,5,0,17
python3-lttng,arch,fedora_42,0.0,12,9,0,21
python3-lttng,arch,fedora_43,0.0,12,9,0,21
python3-lttng,arch,rhel_8,0.0,12,8,0,20
python3-lttng,arch,rhel_9,0.0,12,8,0,20
python3-lttng,arch,ubuntu_focal,0.0,12,4,0,16
python3-lttng,arch,ubuntu_jammy,0.0,12,4,0,16
python3-lttng,arch,ubuntu_noble,0.0,12,4,0,16
python3-lttng,debian_bookworm,fedora_42,0.0,5,9,0,14
python3-lttng,debian_bookworm,fedora_43,0.0,5,9,0,14
python3-lttng,debian_bookworm,rhel_8,0.0,5,8,0,13
python3-lttng,debian_bookworm,rhel_9,0.0,5,8,0,13
python3-lttng,fedora_42,ubuntu_focal,0.0,9,4,0,13
python3-lttng,fedora_42,ubuntu_jammy,0.0,9,4,0,13
python3-lttng,fedora_42,ubuntu_noble,0.0,9,4,0,13
python3-lttng,fedora_43,ubuntu_focal,0.0,9,4,0,13
python3-lttng,fedora_43,ubuntu_jammy,0.0,9,4,0,13
python3-lttng,fedora_43,ubuntu_noble,0.0,9,4,0,13
python3-lttng,rhel_8,ubuntu_focal,0.0,8,4,0,12
python3-lttng,rhel_8,ubuntu_jammy,0.0,8,4,0,12
python3-lttng,rhel_8,ubuntu_noble,0.0,8,4,0,12
python3-lttng,rhel_9,ubuntu_focal,0.0,8,4,0,12
python3-lttng,rhel_9,ubuntu_jammy,0.0,8,4,0,12
python3-lttng,rhel_9,ubuntu_noble,0.0,8,4,0,12
python3-lxml,alpine_edge,debian_bookworm,0.0,97,104,0,201
python3-lxml,alpine_edge,fedora_42,0.0,97,151,0,248
python3-lxml,alpine_edge,fedora_43,0.0,97,156,0,253
python3-lxml,alpine_edge,opensuse_15.2,0.0,97,114,0,211
python3-lxml,alpine_edge,rhel_8,0.0,97,125,0,222
python3-lxml,alpine_edge,rhel_9,0.0,97,128,0,225
python3-lxml,alpine_edge,ubuntu_focal,0.0,97,69,0,166
python3-lxml,alpine_edge,ubuntu_jammy,0.0,97,74,0,171
python3-lxml,alpine_edge,ubuntu_noble,0.0,97,101,0,198
python3-lxml,arch,debian_bookworm,0.0,158,104,0,262
python3-lxml,arch,fedora_42,0.0,158,151,0,309
python3-lxml,arch,fedora_43,0.0,158,156,0,314
python3-lxml,arch,opensuse_15.2,0.0,158,114,0,272
python3-lxml,arch,rhel_8,0.0,158,125,0,283
python3-lxml,arch,rhel_9,0.0,158,128,0,286
python3-lxml,arch,ubuntu_focal,0.0,158,69,0,227
python3-lxml,arch,ubuntu_jammy,0.0,158,74,0,232
python3-lxml,arch,ubuntu_noble,0.0,158,101,0,259
python3-lxml,debian_bookworm,fedora_42,0.0,104,151,0,255
python3-lxml,debian_bookworm,fedora_43,0.0,104,156,0,260
python3-lxml,debian_bookworm,opensuse_15.2,0.0,104,114,0,218
python3-lxml,debian_bookworm,rhel_8,0.0,104,125,0,229
python3-lxml,debian_bookworm,rhel_9,0.0,104,128,0,232
python3-lxml,fedora_42,opensuse_15.2,0.0,151,114,0,265
python3-lxml,fedora_42,ubuntu_focal,0.0,151,69,0,220
python3-lxml,fedora_42,ubuntu_noble,0.0,151,101,0,252
python3-lxml,fedora_43,opensuse_15.2,0.0,156,114,0,270
python3-lxml,fedora_43,ubuntu_focal,0.0,156,69,0,225
python3-lxml,fedora_43,ubuntu_noble,0.0,156,101,0,257
python3-lxml,opensuse_15.2,ubuntu_focal,0.0,114,69,0,183
python3-lxml,opensuse_15.2,ubuntu_jammy,0.0,114,74,0,188
python3-lxml,opensuse_15.2,ubuntu_noble,0.0,114,101,0,215
python3-lxml,rhel_8,ubuntu_focal,0.0,125,69,0,194
python3-lxml,rhel_8,ubuntu_noble,0.0,125,101,0,226
python3-lxml,rhel_9,ubuntu_focal,0.0,128,69,0,197
python3-lxml,rhel_9,ubuntu_noble,0.0,128,101,0,229
python3-magic,arch,debian_bookworm,0.0,17,11,0,28
python3-magic,arch,fedora_42,0.0,17,17,0,34
python3-magic,arch,opensuse_15.2,0.0,17,34,0,51
python3-magic,arch,ubuntu_focal,0.0,17,7,0,24
python3-magic,arch,ubuntu_jammy,0.0,17,9,0,26
python3-magic,arch,ubuntu_noble,0.0,17,10,0,27
python3-magic,debian_bookworm,fedora_42,0.0,11,17,0,28
python3-magic,debian_bookworm,fedora_43,0.0,11,17,0,28
python3-magic,debian_bookworm,opensuse_15.2,0.0,11,34,0,45
python3-magic,fedora_42,opensuse_15.2,0.0,17,34,0,51
python3-magic,fedora_42,ubuntu_focal,0.0,17,7,0,24
python3-magic,fedora_42,ubuntu_jammy,0.0,17,9,0,26
python3-magic,fedora_42,ubuntu_noble,0.0,17,10,0,27
python3-magic,fedora_43,opensuse_15.2,0.0,17,34,0,51
python3-magic,fedora_43,ubuntu_focal,0.0,17,7,0,24
python3-magic,fedora_43,ubuntu_jammy,0.0,17,9,0,26
python3-magic,fedora_43,ubuntu_noble,0.0,17,10,0,27
python3-magic,opensuse_15.2,ubuntu_focal,0.0,34,7,0,41
python3-magic,opensuse_15.2,ubuntu_jammy,0.0,34,9,0,43
python3-magic,opensuse_15.2,ubuntu_noble,0.0,34,10,0,44
python3-mapnik,debian_bookworm,fedora_42,0.0,37,32,0,69
python3-mapnik,debian_bookworm,fedora_43,0.0,37,34,0,71
python3-mapnik,fedora_42,ubuntu_focal,0.0,32,34,0,66
python3-mapnik,fedora_42,ubuntu_jammy,0.0,32,35,0,67
python3-mapnik,fedora_42,ubuntu_noble,0.0,32,35,0,67
python3-mapnik,fedora_43,ubuntu_focal,0.0,34,34,0,68
python3-mapnik,fedora_43,ubuntu_jammy,0.0,34,35,0,69
python3-mapnik,fedora_43,ubuntu_noble,0.0,34,35,0,69
python3-marisa,arch,debian_bookworm,0.0,10,6,0,16
python3-marisa,arch,fedora_42,0.0,10,5,0,15
python3-marisa,arch,fedora_43,0.0,10,5,0,15
python3-marisa,arch,ubuntu_focal,0.0,10,5,0,15
python3-marisa,arch,ubuntu_jammy,0.0,10,5,0,15
python3-marisa,arch,ubuntu_noble,0.0,10,7,0,17
python3-marisa,debian_bookworm,fedora_42,0.0,6,5,0,11
python3-marisa,debian_bookworm,fedora_43,0.0,6,5,0,11
python3-marisa,fedora_42,fedora_43,0.0,5,5,0,10
python3-marisa,fedora_42,ubuntu_focal,0.0,5,5,0,10
python3-marisa,fedora_42,ubuntu_jammy,0.0,5,5,0,10
python3-marisa,fedora_42,ubuntu_noble,0.0,5,7,0,12
python3-marisa,fedora_43,ubuntu_focal,0.0,5,5,0,10
python3-marisa,fedora_43,ubuntu_jammy,0.0,5,5,0,10
python3-marisa,fedora_43,ubuntu_noble,0.0,5,7,0,12
python3-markdown,fedora_42,ubuntu_focal,0.0,108,39,0,147
python3-markdown,fedora_43,ubuntu_focal,0.0,108,39,0,147
python3-marshmallow,debian_bookworm,fedora_42,0.0,24,47,0,71
python3-marshmallow,debian_bookworm,fedora_43,0.0,24,47,0,71
python3-marshmallow,debian_bookworm,opensuse_15.2,0.0,24,47,0,71
python3-marshmallow,debian_bookworm,rhel_8,0.0,24,43,0,67
python3-marshmallow,debian_bookworm,rhel_9,0.0,24,49,0,73
python3-marshmallow,fedora_42,opensuse_15.2,0.0,47,47,0,94
python3-marshmallow,fedora_42,ubuntu_focal,0.0,47,22,0,69
python3-marshmallow,fedora_42,ubuntu_jammy,0.0,47,23,0,70
python3-marshmallow,fedora_42,ubuntu_noble,0.0,47,23,0,70
python3-marshmallow,fedora_43,opensuse_15.2,0.0,47,47,0,94
python3-marshmallow,fedora_43,ubuntu_focal,0.0,47,22,0,69
python3-marshmallow,fedora_43,ubuntu_jammy,0.0,47,23,0,70
python3-marshmallow,fedora_43,ubuntu_noble,0.0,47,23,0,70
python3-marshmallow,opensuse_15.2,rhel_9,0.0,47,49,0,96
python3-marshmallow,opensuse_15.2,ubuntu_focal,0.0,47,22,0,69
python3-marshmallow,opensuse_15.2,ubuntu_jammy,0.0,47,23,0,70
python3-marshmallow,opensuse_15.2,ubuntu_noble,0.0,47,23,0,70
python3-marshmallow,rhel_8,ubuntu_focal,0.0,43,22,0,65
python3-marshmallow,rhel_8,ubuntu_jammy,0.0,43,23,0,66
python3-marshmallow,rhel_8,ubuntu_noble,0.0,43,23,0,66
python3-marshmallow,rhel_9,ubuntu_focal,0.0,49,22,0,71
python3-marshmallow,rhel_9,ubuntu_jammy,0.0,49,23,0,72
python3-marshmallow,rhel_9,ubuntu_noble,0.0,49,23,0,72
python3-matplotlib,alpine_edge,debian_bookworm,0.0,269,419,0,688
python3-matplotlib,alpine_edge,fedora_42,0.0,269,966,0,1235
python3-matplotlib,alpine_edge,fedora_43,0.0,269,1166,0,1435
python3-matplotlib,alpine_edge,opensuse_15.2,0.0,269,1339,0,1608
python3-matplotlib,alpine_edge,rhel_8,0.0,269,852,0,1121
python3-matplotlib,alpine_edge,rhel_9,0.0,269,871,0,1140
python3-matplotlib,alpine_edge,ubuntu_focal,0.0,269,425,0,694
python3-matplotlib,alpine_edge,ubuntu_jammy,0.0,269,415,0,684
python3-matplotlib,alpine_edge,ubuntu_noble,0.0,269,417,0,686
python3-matplotlib,arch,debian_bookworm,0.0,854,419,0,1273
python3-matplotlib,arch,fedora_42,0.0,854,966,0,1820
python3-matplotlib,arch,fedora_43,0.0,854,1166,0,2020
python3-matplotlib,arch,opensuse_15.2,0.0,854,1339,0,2193
python3-matplotlib,arch,rhel_8,0.0,854,852,0,1706
python3-matplotlib,arch,rhel_9,0.0,854,871,0,1725
python3-matplotlib,arch,ubuntu_focal,0.0,854,425,0,1279
python3-matplotlib,arch,ubuntu_jammy,0.0,854,415,0,1269
python3-matplotlib,arch,ubuntu_noble,0.0,854,417,0,1271
python3-matplotlib,debian_bookworm,fedora_42,0.0,419,966,0,1385
python3-matplotlib,debian_bookworm,fedora_43,0.0,419,1166,0,1585
python3-matplotlib,debian_bookworm,opensuse_15.2,0.0,419,1339,0,1758
python3-matplotlib,debian_bookworm,rhel_8,0.0,419,852,0,1271
python3-matplotlib,debian_bookworm,rhel_9,0.0,419,871,0,1290
python3-matplotlib,fedora_42,opensuse_15.2,0.0,966,1339,0,2305
python3-matplotlib,fedora_42,ubuntu_focal,0.0,966,425,0,1391
python3-matplotlib,fedora_42,ubuntu_jammy,0.0,966,415,0,1381
python3-matplotlib,fedora_42,ubuntu_noble,0.0,966,417,0,1383
python3-matplotlib,fedora_43,opensuse_15.2,0.0,1166,1339,0,2505
python3-matplotlib,fedora_43,ubuntu_focal,0.0,1166,425,0,1591
python3-matplotlib,fedora_43,ubuntu_jammy,0.0,1166,415,0,1581
python3-matplotlib,fedora_43,ubuntu_noble,0.0,1166,417,0,1583
python3-matplotlib,opensuse_15.2,rhel_9,0.0,1339,871,0,2210
python3-matplotlib,opensuse_15.2,ubuntu_focal,0.0,1339,425,0,1764
python3-matplotlib,opensuse_15.2,ubuntu_jammy,0.0,1339,415,0,1754
python3-matplotlib,opensuse_15.2,ubuntu_noble,0.0,1339,417,0,1756
python3-matplotlib,rhel_8,ubuntu_focal,0.0,852,425,0,1277
python3-matplotlib,rhel_8,ubuntu_jammy,0.0,852,415,0,1267
python3-matplotlib,rhel_8,ubuntu_noble,0.0,852,417,0,1269
python3-matplotlib,rhel_9,ubuntu_focal,0.0,871,425,0,1296
python3-matplotlib,rhel_9,ubuntu_jammy,0.0,871,415,0,1286
python3-matplotlib,rhel_9,ubuntu_noble,0.0,871,417,0,1288
python3-mccabe,arch,debian_bookworm,0.0,10,10,0,20
python3-mccabe,arch,fedora_42,0.0,10,10,0,20
python3-mccabe,arch,opensuse_15.2,0.0,10,11,0,21
python3-mccabe,arch,rhel_8,0.0,10,11,0,21
python3-mccabe,arch,rhel_9,0.0,10,10,0,20
python3-mccabe,arch,ubuntu_focal,0.0,10,9,0,19
python3-mccabe,arch,ubuntu_jammy,0.0,10,9,0,19
python3-mccabe,arch,ubuntu_noble,0.0,10,9,0,19
python3-mccabe,debian_bookworm,opensuse_15.2,0.0,10,11,0,21
python3-mccabe,fedora_42,opensuse_15.2,0.0,10,11,0,21
python3-mccabe,fedora_43,opensuse_15.2,0.0,10,11,0,21
python3-mccabe,opensuse_15.2,rhel_9,0.0,11,10,0,21
python3-mccabe,opensuse_15.2,ubuntu_focal,0.0,11,9,0,20
python3-mccabe,opensuse_15.2,ubuntu_jammy,0.0,11,9,0,20
python3-mccabe,opensuse_15.2,ubuntu_noble,0.0,11,9,0,20
python3-mechanize,fedora_42,ubuntu_focal,0.0,85,77,0,162
python3-mechanize,fedora_42,ubuntu_jammy,0.0,85,76,0,161
python3-mechanize,fedora_43,ubuntu_focal,0.0,85,77,0,162
python3-mechanize,fedora_43,ubuntu_jammy,0.0,85,76,0,161
python3-mistune,arch,debian_bookworm,0.0,113,26,0,139
python3-mistune,arch,fedora_42,0.0,113,112,0,225
python3-mistune,arch,opensuse_15.2,0.0,113,12,0,125
python3-mistune,arch,pypi,0.0,113,42,0,155
python3-mistune,arch,ubuntu_focal,0.0,113,7,0,120
python3-mistune,arch,ubuntu_jammy,0.0,113,7,0,120
python3-mistune,arch,ubuntu_noble,0.0,113,42,0,155
python3-mistune,debian_bookworm,fedora_42,0.0,26,112,0,138
python3-mistune,debian_bookworm,fedora_43,0.0,26,112,0,138
python3-mistune,debian_bookworm,opensuse_15.2,0.0,26,12,0,38
python3-mistune,debian_bookworm,pypi,0.0,26,42,0,68
python3-mistune,fedora_42,opensuse_15.2,0.0,112,12,0,124
python3-mistune,fedora_42,pypi,0.0,112,42,0,154
python3-mistune,fedora_42,ubuntu_focal,0.0,112,7,0,119
python3-mistune,fedora_42,ubuntu_jammy,0.0,112,7,0,119
python3-mistune,fedora_42,ubuntu_noble,0.0,112,42,0,154
python3-mistune,fedora_43,opensuse_15.2,0.0,112,12,0,124
python3-mistune,fedora_43,pypi,0.0,112,42,0,154
python3-mistune,fedora_43,ubuntu_focal,0.0,112,7,0,119
python3-mistune,fedora_43,ubuntu_jammy,0.0,112,7,0,119
python3-mistune,fedora_43,ubuntu_noble,0.0,112,42,0,154
python3-mistune,opensuse_15.2,pypi,0.0,12,42,0,54
python3-mistune,opensuse_15.2,ubuntu_focal,0.0,12,7,0,19
python3-mistune,opensuse_15.2,ubuntu_jammy,0.0,12,7,0,19
python3-mistune,opensuse_15.2,ubuntu_noble,0.0,12,42,0,54
python3-mistune,pypi,ubuntu_focal,0.0,42,7,0,49
python3-mistune,pypi,ubuntu_jammy,0.0,42,7,0,49
python3-mistune,pypi,ubuntu_noble,0.0,42,42,0,84
python3-mock,alpine_edge,debian_bookworm,0.0,8,21,0,29
python3-mock,alpine_edge,fedora_42,0.0,8,16,0,24
python3-mock,alpine_edge,opensuse_15.2,0.0,8,42,0,50
python3-mock,alpine_edge,rhel_8,0.0,8,15,0,23
python3-mock,alpine_edge,ubuntu_focal,0.0,8,8,0,16
python3-mock,alpine_edge,ubuntu_jammy,0.0,8,20,0,28
python3-mock,alpine_edge,ubuntu_noble,0.0,8,21,0,29
python3-mock,debian_bookworm,fedora_42,0.0,21,16,0,37
python3-mock,debian_bookworm,fedora_43,0.0,21,15,0,36
python3-mock,debian_bookworm,opensuse_15.2,0.0,21,42,0,63
python3-mock,debian_bookworm,rhel_8,0.0,21,15,0,36
python3-mock,fedora_42,opensuse_15.2,0.0,16,42,0,58
python3-mock,fedora_42,ubuntu_focal,0.0,16,8,0,24
python3-mock,fedora_42,ubuntu_jammy,0.0,16,20,0,36
python3-mock,fedora_42,ubuntu_noble,0.0,16,21,0,37
python3-mock,fedora_43,opensuse_15.2,0.0,15,42,0,57
python3-mock,fedora_43,rhel_8,0.0,15,15,0,30
python3-mock,fedora_43,ubuntu_focal,0.0,15,8,0,23
python3-mock,fedora_43,ubuntu_jammy,0.0,15,20,0,35
python3-mock,fedora_43,ubuntu_noble,0.0,15,21,0,36
python3-mock,opensuse_15.2,ubuntu_focal,0.0,42,8,0,50
python3-mock,opensuse_15.2,ubuntu_jammy,0.0,42,20,0,62
python3-mock,opensuse_15.2,ubuntu_noble,0.0,42,21,0,63
python3-mock,rhel_8,ubuntu_focal,0.0,15,8,0,23
python3-mock,rhel_8,ubuntu_jammy,0.0,15,20,0,35
python3-mock,rhel_8,ubuntu_noble,0.0,15,21,0,36
python3-mongomock,pypi,ubuntu_noble,0.0,26,28,0,54
python3-more-itertools,arch,debian_bookworm,0.0,18,14,0,32
python3-more-itertools,arch,fedora_42,0.0,18,18,0,36
python3-more-itertools,arch,rhel_8,0.0,18,16,0,34
python3-more-itertools,arch,rhel_9,0.0,18,19,0,37
python3-more-itertools,arch,ubuntu_focal,0.0,18,12,0,30
python3-more-itertools,arch,ubuntu_jammy,0.0,18,13,0,31
python3-more-itertools,arch,ubuntu_noble,0.0,18,13,0,31
python3-more-itertools,debian_bookworm,fedora_42,0.0,14,18,0,32
python3-more-itertools,debian_bookworm,fedora_43,0.0,14,18,0,32
python3-more-itertools,debian_bookworm,rhel_8,0.0,14,16,0,30
python3-more-itertools,debian_bookworm,rhel_9,0.0,14,19,0,33
python3-more-itertools,fedora_42,ubuntu_focal,0.0,18,12,0,30
python3-more-itertools,fedora_42,ubuntu_jammy,0.0,18,13,0,31
python3-more-itertools,fedora_42,ubuntu_noble,0.0,18,13,0,31
python3-more-itertools,fedora_43,ubuntu_focal,0.0,18,12,0,30
python3-more-itertools,fedora_43,ubuntu_jammy,0.0,18,13,0,31
python3-more-itertools,fedora_43,ubuntu_noble,0.0,18,13,0,31
python3-more-itertools,rhel_8,ubuntu_focal,0.0,16,12,0,28
python3-more-itertools,rhel_8,ubuntu_jammy,0.0,16,13,0,29
python3-more-itertools,rhel_8,ubuntu_noble,0.0,16,13,0,29
python3-more-itertools,rhel_9,ubuntu_focal,0.0,19,12,0,31
python3-more-itertools,rhel_9,ubuntu_jammy,0.0,19,13,0,32
python3-more-itertools,rhel_9,ubuntu_noble,0.0,19,13,0,32
python3-msgpack,debian_bookworm,fedora_42,0.0,15,21,0,36
python3-msgpack,debian_bookworm,fedora_43,0.0,15,21,0,36
python3-msgpack,debian_bookworm,rhel_8,0.0,15,20,0,35
python3-msgpack,debian_bookworm,rhel_9,0.0,15,23,0,38
python3-msgpack,fedora_42,ubuntu_focal,0.0,21,12,0,33
python3-msgpack,fedora_42,ubuntu_jammy,0.0,21,13,0,34
python3-msgpack,fedora_42,ubuntu_noble,0.0,21,13,0,34
python3-msgpack,fedora_43,ubuntu_focal,0.0,21,12,0,33
python3-msgpack,fedora_43,ubuntu_jammy,0.0,21,13,0,34
python3-msgpack,fedora_43,ubuntu_noble,0.0,21,13,0,34
python3-msgpack,rhel_8,ubuntu_focal,0.0,20,12,0,32
python3-msgpack,rhel_8,ubuntu_jammy,0.0,20,13,0,33
python3-msgpack,rhel_8,ubuntu_noble,0.0,20,13,0,33
python3-msgpack,rhel_9,ubuntu_focal,0.0,23,12,0,35
python3-msgpack,rhel_9,ubuntu_jammy,0.0,23,13,0,36
python3-msgpack,rhel_9,ubuntu_noble,0.0,23,13,0,36
python3-msgpack-numpy,debian_bookworm,opensuse_15.2,0.0,8,12,0,20
python3-msgpack-numpy,debian_bookworm,pypi,0.0,8,7,0,15
python3-msgpack-numpy,opensuse_15.2,pypi,0.0,12,7,0,19
python3-msgpack-numpy,opensuse_15.2,ubuntu_focal,0.0,12,7,0,19
python3-msgpack-numpy,opensuse_15.2,ubuntu_jammy,0.0,12,7,0,19
python3-msgpack-numpy,opensuse_15.2,ubuntu_noble,0.0,12,7,0,19
python3-msgpack-numpy,pypi,ubuntu_focal,0.0,7,7,0,14
python3-msgpack-numpy,pypi,ubuntu_jammy,0.0,7,7,0,14
python3-msgpack-numpy,pypi,ubuntu_noble,0.0,7,7,0,14
python3-multipledispatch,debian_bookworm,opensuse_15.2,0.0,19,26,0,45
python3-multipledispatch,opensuse_15.2,ubuntu_jammy,0.0,26,19,0,45
python3-multipledispatch,opensuse_15.2,ubuntu_noble,0.0,26,18,0,44
python3-munkres,debian_bookworm,fedora_42,0.0,7,10,0,17
python3-munkres,debian_bookworm,fedora_43,0.0,7,11,0,18
python3-munkres,debian_bookworm,opensuse_15.2,0.0,7,10,0,17
python3-munkres,debian_bookworm,rhel_8,0.0,7,10,0,17
python3-munkres,debian_bookworm,rhel_9,0.0,7,10,0,17
python3-munkres,fedora_42,ubuntu_focal,0.0,10,6,0,16
python3-munkres,fedora_42,ubuntu_jammy,0.0,10,6,0,16
python3-munkres,fedora_42,ubuntu_noble,0.0,10,6,0,16
python3-munkres,fedora_43,ubuntu_focal,0.0,11,6,0,17
python3-munkres,fedora_43,ubuntu_jammy,0.0,11,6,0,17
python3-munkres,fedora_43,ubuntu_noble,0.0,11,6,0,17
python3-munkres,opensuse_15.2,ubuntu_focal,0.0,10,6,0,16
python3-munkres,opensuse_15.2,ubuntu_jammy,0.0,10,6,0,16
python3-munkres,opensuse_15.2,ubuntu_noble,0.0,10,6,0,16
python3-munkres,rhel_8,ubuntu_focal,0.0,10,6,0,16
python3-munkres,rhel_8,ubuntu_jammy,0.0,10,6,0,16
python3-munkres,rhel_8,ubuntu_noble,0.0,10,6,0,16
python3-munkres,rhel_9,ubuntu_focal,0.0,10,6,0,16
python3-munkres,rhel_9,ubuntu_jammy,0.0,10,6,0,16
python3-munkres,rhel_9,ubuntu_noble,0.0,10,6,0,16
python3-mypy,alpine_edge,debian_bookworm,0.0,1146,1126,0,2272
python3-mypy,alpine_edge,ubuntu_focal,0.0,1146,1482,0,2628
python3-mypy,alpine_edge,ubuntu_jammy,0.0,1146,1502,0,2648
python3-mypy,alpine_edge,ubuntu_noble,0.0,1146,1217,0,2363
python3-mypy,arch,debian_bookworm,0.0,1524,1126,0,2650
python3-mypy,arch,ubuntu_focal,0.0,1524,1482,0,3006
python3-mypy,arch,ubuntu_jammy,0.0,1524,1502,0,3026
python3-mypy,arch,ubuntu_noble,0.0,1524,1217,0,2741
python3-mypy,debian_bookworm,fedora_42,0.0,1126,1646,0,2772
python3-mypy,debian_bookworm,fedora_43,0.0,1126,1699,0,2825
python3-mypy,debian_bookworm,opensuse_15.2,0.0,1126,1589,0,2715
python3-mypy,debian_bookworm,rhel_9,0.0,1126,1864,0,2990
python3-mypy,fedora_42,ubuntu_focal,0.0,1646,1482,0,3128
python3-mypy,fedora_42,ubuntu_jammy,0.0,1646,1502,0,3148
python3-mypy,fedora_42,ubuntu_noble,0.0,1646,1217,0,2863
python3-mypy,fedora_43,ubuntu_focal,0.0,1699,1482,0,3181
python3-mypy,fedora_43,ubuntu_jammy,0.0,1699,1502,0,3201
python3-mypy,fedora_43,ubuntu_noble,0.0,1699,1217,0,2916
python3-mypy,opensuse_15.2,ubuntu_focal,0.0,1589,1482,0,3071
python3-mypy,opensuse_15.2,ubuntu_jammy,0.0,1589,1502,0,3091
python3-mypy,opensuse_15.2,ubuntu_noble,0.0,1589,1217,0,2806
python3-mypy,rhel_9,ubuntu_focal,0.0,1864,1482,0,3346
python3-mypy,rhel_9,ubuntu_jammy,0.0,1864,1502,0,3366
python3-mypy,rhel_9,ubuntu_noble,0.0,1864,1217,0,3081
python3-mysqldb,arch,debian_bookworm,0.0,46,25,0,71
python3-mysqldb,arch,ubuntu_focal,0.0,46,23,0,69
python3-mysqldb,arch,ubuntu_jammy,0.0,46,23,0,69
python3-mysqldb,arch,ubuntu_noble,0.0,46,23,0,69
python3-nest-asyncio,alpine_edge,debian_bookworm,0.0,6,6,0,12
python3-nest-asyncio,alpine_edge,fedora_42,0.0,6,9,0,15
python3-nest-asyncio,alpine_edge,rhel_9,0.0,6,9,0,15
python3-nest-asyncio,alpine_edge,ubuntu_jammy,0.0,6,6,0,12
python3-nest-asyncio,alpine_edge,ubuntu_noble,0.0,6,6,0,12
python3-nest-asyncio,arch,debian_bookworm,0.0,9,6,0,15
python3-nest-asyncio,arch,fedora_42,0.0,9,9,0,18
python3-nest-asyncio,arch,rhel_9,0.0,9,9,0,18
python3-nest-asyncio,arch,ubuntu_jammy,0.0,9,6,0,15
python3-nest-asyncio,arch,ubuntu_noble,0.0,9,6,0,15
python3-nest-asyncio,debian_bookworm,fedora_42,0.0,6,9,0,15
python3-nest-asyncio,debian_bookworm,fedora_43,0.0,6,9,0,15
python3-nest-asyncio,debian_bookworm,rhel_9,0.0,6,9,0,15
python3-nest-asyncio,fedora_42,ubuntu_jammy,0.0,9,6,0,15
python3-nest-asyncio,fedora_42,ubuntu_noble,0.0,9,6,0,15
python3-nest-asyncio,fedora_43,ubuntu_jammy,0.0,9,6,0,15
python3-nest-asyncio,fedora_43,ubuntu_noble,0.0,9,6,0,15
python3-nest-asyncio,rhel_9,ubuntu_jammy,0.0,9,6,0,15
python3-nest-asyncio,rhel_9,ubuntu_noble,0.0,9,6,0,15
python3-netcdf4,arch,fedora_42,0.0,31,40,0,71
python3-netcdf4,arch,fedora_43,0.0,31,39,0,70
python3-netifaces,alpine_edge,debian_bookworm,0.0,6,9,0,15
python3-netifaces,alpine_edge,fedora_42,0.0,6,8,0,14
python3-netifaces,alpine_edge,fedora_43,0.0,6,9,0,15
python3-netifaces,alpine_edge,opensuse_15.2,0.0,6,7,0,13
python3-netifaces,alpine_edge,rhel_8,0.0,6,8,0,14
python3-netifaces,alpine_edge,rhel_9,0.0,6,8,0,14
python3-netifaces,alpine_edge,ubuntu_focal,0.0,6,8,0,14
python3-netifaces,alpine_edge,ubuntu_jammy,0.0,6,8,0,14
python3-netifaces,alpine_edge,ubuntu_noble,0.0,6,8,0,14
python3-netifaces,arch,debian_bookworm,0.0,7,9,0,16
python3-netifaces,arch,fedora_42,0.0,7,8,0,15
python3-netifaces,arch,fedora_43,0.0,7,9,0,16
python3-netifaces,arch,opensuse_15.2,0.0,7,7,0,14
python3-netifaces,arch,rhel_8,0.0,7,8,0,15
python3-netifaces,arch,rhel_9,0.0,7,8,0,15
python3-netifaces,arch,ubuntu_focal,0.0,7,8,0,15
python3-netifaces,arch,ubuntu_jammy,0.0,7,8,0,15
python3-netifaces,arch,ubuntu_noble,0.0,7,8,0,15
python3-netifaces,debian_bookworm,fedora_42,0.0,9,8,0,17
python3-netifaces,debian_bookworm,fedora_43,0.0,9,9,0,18
python3-netifaces,debian_bookworm,opensuse_15.2,0.0,9,7,0,16
python3-netifaces,debian_bookworm,rhel_8,0.0,9,8,0,17
python3-netifaces,debian_bookworm,rhel_9,0.0,9,8,0,17
python3-netifaces,fedora_42,opensuse_15.2,0.0,8,7,0,15
python3-netifaces,fedora_42,ubuntu_focal,0.0,8,8,0,16
python3-netifaces,fedora_42,ubuntu_jammy,0.0,8,8,0,16
python3-netifaces,fedora_42,ubuntu_noble,0.0,8,8,0,16
python3-netifaces,fedora_43,opensuse_15.2,0.0,9,7,0,16
python3-netifaces,fedora_43,ubuntu_focal,0.0,9,8,0,17
python3-netifaces,fedora_43,ubuntu_jammy,0.0,9,8,0,17
python3-netifaces,fedora_43,ubuntu_noble,0.0,9,8,0,17
python3-netifaces,opensuse_15.2,rhel_9,0.0,7,8,0,15
python3-netifaces,opensuse_15.2,ubuntu_focal,0.0,7,8,0,15
python3-netifaces,opensuse_15.2,ubuntu_jammy,0.0,7,8,0,15
python3-netifaces,opensuse_15.2,ubuntu_noble,0.0,7,8,0,15
python3-netifaces,rhel_8,ubuntu_focal,0.0,8,8,0,16
python3-netifaces,rhel_8,ubuntu_jammy,0.0,8,8,0,16
python3-netifaces,rhel_8,ubuntu_noble,0.0,8,8,0,16
python3-netifaces,rhel_9,ubuntu_focal,0.0,8,8,0,16
python3-netifaces,rhel_9,ubuntu_jammy,0.0,8,8,0,16
python3-netifaces,rhel_9,ubuntu_noble,0.0,8,8,0,16
python3-networkx,debian_bookworm,fedora_42,0.0,749,1715,0,2464
python3-networkx,debian_bookworm,fedora_43,0.0,749,1744,0,2493
python3-networkx,fedora_42,ubuntu_focal,0.0,1715,544,0,2259
python3-networkx,fedora_42,ubuntu_jammy,0.0,1715,544,0,2259
python3-networkx,fedora_42,ubuntu_noble,0.0,1715,749,0,2464
python3-networkx,fedora_43,ubuntu_focal,0.0,1744,544,0,2288
python3-networkx,fedora_43,ubuntu_jammy,0.0,1744,544,0,2288
python3-networkx,fedora_43,ubuntu_noble,0.0,1744,749,0,2493
python3-nlopt,arch,debian_bookworm,0.0,64,3,0,67
python3-nlopt,arch,fedora_42,0.0,64,6,0,70
python3-nlopt,arch,fedora_43,0.0,64,6,0,70
python3-nlopt,arch,ubuntu_focal,0.0,64,3,0,67
python3-nlopt,arch,ubuntu_jammy,0.0,64,3,0,67
python3-nlopt,arch,ubuntu_noble,0.0,64,4,0,68
python3-nlopt,debian_bookworm,fedora_42,0.0,3,6,0,9
python3-nlopt,debian_bookworm,fedora_43,0.0,3,6,0,9
python3-nlopt,fedora_42,fedora_43,0.0,6,6,0,12
python3-nlopt,fedora_42,ubuntu_focal,0.0,6,3,0,9
python3-nlopt,fedora_42,ubuntu_jammy,0.0,6,3,0,9
python3-nlopt,fedora_42,ubuntu_noble,0.0,6,4,0,10
python3-nlopt,fedora_43,ubuntu_focal,0.0,6,3,0,9
python3-nlopt,fedora_43,ubuntu_jammy,0.0,6,3,0,9
python3-nlopt,fedora_43,ubuntu_noble,0.0,6,4,0,10
python3-nose,arch,rhel_8,0.0,152,153,0,305
python3-nose,debian_bookworm,fedora_42,0.0,58,159,0,217
python3-nose,debian_bookworm,opensuse_15.2,0.0,58,157,0,215
python3-nose,debian_bookworm,rhel_8,0.0,58,153,0,211
python3-nose,fedora_42,ubuntu_focal,0.0,159,57,0,216
python3-nose,fedora_42,ubuntu_jammy,0.0,159,57,0,216
python3-nose,fedora_42,ubuntu_noble,0.0,159,57,0,216
python3-nose,opensuse_15.2,ubuntu_focal,0.0,157,57,0,214
python3-nose,opensuse_15.2,ubuntu_jammy,0.0,157,57,0,214
python3-nose,opensuse_15.2,ubuntu_noble,0.0,157,57,0,214
python3-nose,rhel_8,ubuntu_focal,0.0,153,57,0,210
python3-nose,rhel_8,ubuntu_jammy,0.0,153,57,0,210
python3-nose,rhel_8,ubuntu_noble,0.0,153,57,0,210
python3-ntplib,debian_bookworm,fedora_42,0.0,5,8,0,13
python3-ntplib,debian_bookworm,fedora_43,0.0,5,8,0,13
python3-ntplib,debian_bookworm,opensuse_15.2,0.0,5,5,0,10
python3-ntplib,debian_bookworm,rhel_8,0.0,5,5,0,10
python3-ntplib,debian_bookworm,rhel_9,0.0,5,5,0,10
python3-ntplib,fedora_42,opensuse_15.2,0.0,8,5,0,13
python3-ntplib,fedora_42,ubuntu_focal,0.0,8,4,0,12
python3-ntplib,fedora_42,ubuntu_jammy,0.0,8,4,0,12
python3-ntplib,fedora_42,ubuntu_noble,0.0,8,4,0,12
python3-ntplib,fedora_43,opensuse_15.2,0.0,8,5,0,13
python3-ntplib,fedora_43,ubuntu_focal,0.0,8,4,0,12
python3-ntplib,fedora_43,ubuntu_jammy,0.0,8,4,0,12
python3-ntplib,fedora_43,ubuntu_noble,0.0,8,4,0,12
python3-ntplib,opensuse_15.2,rhel_9,0.0,5,5,0,10
python3-ntplib,opensuse_15.2,ubuntu_focal,0.0,5,4,0,9
python3-ntplib,opensuse_15.2,ubuntu_jammy,0.0,5,4,0,9
python3-ntplib,opensuse_15.2,ubuntu_noble,0.0,5,4,0,9
python3-ntplib,rhel_8,ubuntu_focal,0.0,5,4,0,9
python3-ntplib,rhel_8,ubuntu_jammy,0.0,5,4,0,9
python3-ntplib,rhel_8,ubuntu_noble,0.0,5,4,0,9
python3-ntplib,rhel_9,ubuntu_focal,0.0,5,4,0,9
python3-ntplib,rhel_9,ubuntu_jammy,0.0,5,4,0,9
python3-ntplib,rhel_9,ubuntu_noble,0.0,5,4,0,9
python3-numpy,alpine_edge,debian_bookworm,0.0,387,885,0,1272
python3-numpy,alpine_edge,fedora_42,0.0,387,1451,0,1838
python3-numpy,alpine_edge,fedora_43,0.0,387,1451,0,1838
python3-numpy,alpine_edge,opensuse_15.2,0.0,387,472,0,859
python3-numpy,alpine_edge,rhel_8,0.0,387,962,0,1349
python3-numpy,alpine_edge,rhel_9,0.0,387,1522,0,1909
python3-numpy,alpine_edge,ubuntu_focal,0.0,387,427,0,814
python3-numpy,alpine_edge,ubuntu_jammy,0.0,387,715,0,1102
python3-numpy,alpine_edge,ubuntu_noble,0.0,387,798,0,1185
python3-numpy,arch,rhel_8,0.0,1725,962,0,2687
python3-numpy,arch,rhel_9,0.0,1725,1522,0,3247
python3-numpy,arch,ubuntu_focal,0.0,1725,427,0,2152
python3-numpy,arch,ubuntu_jammy,0.0,1725,715,0,2440
python3-numpy,debian_bookworm,fedora_42,0.0,885,1451,0,2336
python3-numpy,debian_bookworm,fedora_43,0.0,885,1451,0,2336
python3-numpy,debian_bookworm,rhel_8,0.0,885,962,0,1847
python3-numpy,debian_bookworm,rhel_9,0.0,885,1522,0,2407
python3-numpy,fedora_42,opensuse_15.2,0.0,1451,472,0,1923
python3-numpy,fedora_42,ubuntu_focal,0.0,1451,427,0,1878
python3-numpy,fedora_42,ubuntu_jammy,0.0,1451,715,0,2166
python3-numpy,fedora_42,ubuntu_noble,0.0,1451,798,0,2249
python3-numpy,fedora_43,opensuse_15.2,0.0,1451,472,0,1923
python3-numpy,fedora_43,ubuntu_focal,0.0,1451,427,0,1878
python3-numpy,fedora_43,ubuntu_jammy,0.0,1451,715,0,2166
python3-numpy,fedora_43,ubuntu_noble,0.0,1451,798,0,2249
python3-numpy,opensuse_15.2,rhel_9,0.0,472,1522,0,1994
python3-numpy,rhel_8,ubuntu_focal,0.0,962,427,0,1389
python3-numpy,rhel_8,ubuntu_jammy,0.0,962,715,0,1677
python3-numpy,rhel_8,ubuntu_noble,0.0,962,798,0,1760
python3-numpy,rhel_9,ubuntu_focal,0.0,1522,427,0,1949
python3-numpy,rhel_9,ubuntu_jammy,0.0,1522,715,0,2237
python3-numpy,rhel_9,ubuntu_noble,0.0,1522,798,0,2320
python3-oauth2client,debian_bookworm,fedora_42,0.0,40,105,0,145
python3-oauth2client,debian_bookworm,fedora_43,0.0,40,105,0,145
python3-oauth2client,debian_bookworm,opensuse_15.2,0.0,40,75,0,115
python3-oauth2client,debian_bookworm,rhel_8,0.0,40,105,0,145
python3-oauth2client,debian_bookworm,rhel_9,0.0,40,105,0,145
python3-oauth2client,fedora_42,opensuse_15.2,0.0,105,75,0,180
python3-oauth2client,fedora_42,ubuntu_focal,0.0,105,39,0,144
python3-oauth2client,fedora_42,ubuntu_jammy,0.0,105,39,0,144
python3-oauth2client,fedora_42,ubuntu_noble,0.0,105,39,0,144
python3-oauth2client,fedora_43,opensuse_15.2,0.0,105,75,0,180
python3-oauth2client,fedora_43,ubuntu_focal,0.0,105,39,0,144
python3-oauth2client,fedora_43,ubuntu_jammy,0.0,105,39,0,144
python3-oauth2client,fedora_43,ubuntu_noble,0.0,105,39,0,144
python3-oauth2client,opensuse_15.2,rhel_9,0.0,75,105,0,180
python3-oauth2client,opensuse_15.2,ubuntu_focal,0.0,75,39,0,114
python3-oauth2client,opensuse_15.2,ubuntu_jammy,0.0,75,39,0,114
python3-oauth2client,opensuse_15.2,ubuntu_noble,0.0,75,39,0,114
python3-oauth2client,rhel_8,ubuntu_focal,0.0,105,39,0,144
python3-oauth2client,rhel_8,ubuntu_jammy,0.0,105,39,0,144
python3-oauth2client,rhel_8,ubuntu_noble,0.0,105,39,0,144
python3-oauth2client,rhel_9,ubuntu_focal,0.0,105,39,0,144
python3-oauth2client,rhel_9,ubuntu_jammy,0.0,105,39,0,144
python3-oauth2client,rhel_9,ubuntu_noble,0.0,105,39,0,144
python3-opencv,debian_bookworm,fedora_42,0.0,3,131,0,134
python3-opencv,debian_bookworm,fedora_43,0.0,3,131,0,134
python3-opencv,debian_bookworm,opensuse_15.2,0.0,3,1,0,4
python3-opencv,debian_bookworm,rhel_9,0.0,3,32,0,35
python3-opencv,fedora_42,fedora_43,0.0,131,131,0,262
python3-opencv,fedora_42,opensuse_15.2,0.0,131,1,0,132
python3-opencv,fedora_42,rhel_9,0.0,131,32,0,163
python3-opencv,fedora_42,ubuntu_focal,0.0,131,4,0,135
python3-opencv,fedora_42,ubuntu_jammy,0.0,131,3,0,134
python3-opencv,fedora_42,ubuntu_noble,0.0,131,3,0,134
python3-opencv,fedora_43,opensuse_15.2,0.0,131,1,0,132
python3-opencv,fedora_43,rhel_9,0.0,131,32,0,163
python3-opencv,fedora_43,ubuntu_focal,0.0,131,4,0,135
python3-opencv,fedora_43,ubuntu_jammy,0.0,131,3,0,134
python3-opencv,fedora_43,ubuntu_noble,0.0,131,3,0,134
python3-opencv,opensuse_15.2,rhel_9,0.0,1,32,0,33
python3-opencv,opensuse_15.2,ubuntu_focal,0.0,1,4,0,5
python3-opencv,opensuse_15.2,ubuntu_jammy,0.0,1,3,0,4
python3-opencv,opensuse_15.2,ubuntu_noble,0.0,1,3,0,4
python3-opencv,rhel_9,ubuntu_focal,0.0,32,4,0,36
python3-opencv,rhel_9,ubuntu_jammy,0.0,32,3,0,35
python3-opencv,rhel_9,ubuntu_noble,0.0,32,3,0,35
python3-opengl,debian_bookworm,fedora_42,0.0,2827,8424,0,11251
python3-opengl,debian_bookworm,fedora_43,0.0,2827,8678,0,11505
python3-opengl,debian_bookworm,opensuse_15.2,0.0,2827,8204,0,11031
python3-opengl,fedora_42,opensuse_15.2,0.0,8424,8204,0,16628
python3-opengl,fedora_42,ubuntu_focal,0.0,8424,2136,0,10560
python3-opengl,fedora_42,ubuntu_jammy,0.0,8424,2826,0,11250
python3-opengl,fedora_42,ubuntu_noble,0.0,8424,2806,0,11230
python3-opengl,fedora_43,opensuse_15.2,0.0,8678,8204,0,16882
python3-opengl,fedora_43,ubuntu_focal,0.0,8678,2136,0,10814
python3-opengl,fedora_43,ubuntu_jammy,0.0,8678,2826,0,11504
python3-opengl,fedora_43,ubuntu_noble,0.0,8678,2806,0,11484
python3-opengl,opensuse_15.2,ubuntu_focal,0.0,8204,2136,0,10340
python3-opengl,opensuse_15.2,ubuntu_jammy,0.0,8204,2826,0,11030
python3-opengl,opensuse_15.2,ubuntu_noble,0.0,8204,2806,0,11010
python3-openpyxl,alpine_edge,debian_bookworm,0.0,195,194,0,389
python3-openpyxl,alpine_edge,fedora_42,0.0,195,575,0,770
python3-openpyxl,alpine_edge,opensuse_15.2,0.0,195,566,0,761
python3-openpyxl,alpine_edge,rhel_8,0.0,195,566,0,761
python3-openpyxl,alpine_edge,rhel_9,0.0,195,563,0,758
python3-openpyxl,alpine_edge,ubuntu_focal,0.0,195,194,0,389
python3-openpyxl,alpine_edge,ubuntu_jammy,0.0,195,193,0,388
python3-openpyxl,alpine_edge,ubuntu_noble,0.0,195,195,0,390
python3-openpyxl,arch,debian_bookworm,0.0,576,194,0,770
python3-openpyxl,arch,fedora_42,0.0,576,575,0,1151
python3-openpyxl,arch,opensuse_15.2,0.0,576,566,0,1142
python3-openpyxl,arch,rhel_8,0.0,576,566,0,1142
python3-openpyxl,arch,rhel_9,0.0,576,563,0,1139
python3-openpyxl,arch,ubuntu_focal,0.0,576,194,0,770
python3-openpyxl,arch,ubuntu_jammy,0.0,576,193,0,769
python3-openpyxl,arch,ubuntu_noble,0.0,576,195,0,771
python3-openpyxl,debian_bookworm,opensuse_15.2,0.0,194,566,0,760
python3-openpyxl,fedora_42,opensuse_15.2,0.0,575,566,0,1141
python3-openpyxl,fedora_42,ubuntu_noble,0.0,575,195,0,770
python3-openpyxl,fedora_43,opensuse_15.2,0.0,578,566,0,1144
python3-openpyxl,fedora_43,ubuntu_noble,0.0,578,195,0,773
python3-openpyxl,opensuse_15.2,rhel_9,0.0,566,563,0,1129
python3-openpyxl,opensuse_15.2,ubuntu_focal,0.0,566,194,0,760
python3-openpyxl,opensuse_15.2,ubuntu_jammy,0.0,566,193,0,759
python3-openpyxl,opensuse_15.2,ubuntu_noble,0.0,566,195,0,761
python3-openpyxl,rhel_8,ubuntu_noble,0.0,566,195,0,761
python3-openpyxl,rhel_9,ubuntu_noble,0.0,563,195,0,758
python3-osrf-pycommon,debian_bookworm,fedora_42,0.0,27,61,0,88
python3-osrf-pycommon,debian_bookworm,fedora_43,0.0,27,61,0,88
python3-osrf-pycommon,debian_bookworm,rhel_8,0.0,27,61,0,88
python3-osrf-pycommon,debian_bookworm,rhel_9,0.0,27,61,0,88
python3-osrf-pycommon,fedora_42,ubuntu_focal,0.0,61,46,0,107
python3-osrf-pycommon,fedora_42,ubuntu_jammy,0.0,61,40,0,101
python3-osrf-pycommon,fedora_42,ubuntu_noble,0.0,61,26,0,87
python3-osrf-pycommon,fedora_43,ubuntu_focal,0.0,61,46,0,107
python3-osrf-pycommon,fedora_43,ubuntu_jammy,0.0,61,40,0,101
python3-osrf-pycommon,fedora_43,ubuntu_noble,0.0,61,26,0,87
python3-osrf-pycommon,rhel_8,ubuntu_focal,0.0,61,46,0,107
python3-osrf-pycommon,rhel_8,ubuntu_jammy,0.0,61,40,0,101
python3-osrf-pycommon,rhel_8,ubuntu_noble,0.0,61,26,0,87
python3-osrf-pycommon,rhel_9,ubuntu_focal,0.0,61,46,0,107
python3-osrf-pycommon,rhel_9,ubuntu_jammy,0.0,61,40,0,101
python3-osrf-pycommon,rhel_9,ubuntu_noble,0.0,61,26,0,87
python3-owslib,arch,debian_bookworm,0.0,229,76,0,305
python3-owslib,arch,fedora_42,0.0,229,229,0,458
python3-owslib,arch,rhel_8,0.0,229,216,0,445
python3-owslib,arch,rhel_9,0.0,229,216,0,445
python3-owslib,arch,ubuntu_focal,0.0,229,66,0,295
python3-owslib,arch,ubuntu_jammy,0.0,229,74,0,303
python3-owslib,arch,ubuntu_noble,0.0,229,77,0,306
python3-owslib,debian_bookworm,fedora_42,0.0,76,229,0,305
python3-owslib,debian_bookworm,fedora_43,0.0,76,229,0,305
python3-owslib,debian_bookworm,rhel_8,0.0,76,216,0,292
python3-owslib,debian_bookworm,rhel_9,0.0,76,216,0,292
python3-owslib,fedora_42,rhel_8,0.0,229,216,0,445
python3-owslib,fedora_42,rhel_9,0.0,229,216,0,445
python3-owslib,fedora_42,ubuntu_focal,0.0,229,66,0,295
python3-owslib,fedora_42,ubuntu_jammy,0.0,229,74,0,303
python3-owslib,fedora_42,ubuntu_noble,0.0,229,77,0,306
python3-owslib,fedora_43,rhel_8,0.0,229,216,0,445
python3-owslib,fedora_43,rhel_9,0.0,229,216,0,445
python3-owslib,fedora_43,ubuntu_focal,0.0,229,66,0,295
python3-owslib,fedora_43,ubuntu_jammy,0.0,229,74,0,303
python3-owslib,fedora_43,ubuntu_noble,0.0,229,77,0,306
python3-owslib,rhel_8,rhel_9,0.0,216,216,0,432
python3-owslib,rhel_8,ubuntu_focal,0.0,216,66,0,282
python3-owslib,rhel_8,ubuntu_jammy,0.0,216,74,0,290
python3-owslib,rhel_8,ubuntu_noble,0.0,216,77,0,293
python3-owslib,rhel_9,ubuntu_focal,0.0,216,66,0,282
python3-owslib,rhel_9,ubuntu_jammy,0.0,216,74,0,290
python3-owslib,rhel_9,ubuntu_noble,0.0,216,77,0,293
python3-packaging,alpine_edge,debian_bookworm,0.0,27,20,0,47
python3-packaging,alpine_edge,fedora_42,0.0,27,61,0,88
python3-packaging,alpine_edge,rhel_8,0.0,27,40,0,67
python3-packaging,alpine_edge,rhel_9,0.0,27,47,0,74
python3-packaging,alpine_edge,ubuntu_focal,0.0,27,18,0,45
python3-packaging,alpine_edge,ubuntu_jammy,0.0,27,18,0,45
python3-packaging,alpine_edge,ubuntu_noble,0.0,27,20,0,47
python3-packaging,arch,debian_bookworm,0.0,55,20,0,75
python3-packaging,arch,fedora_42,0.0,55,61,0,116
python3-packaging,arch,rhel_8,0.0,55,40,0,95
python3-packaging,arch,rhel_9,0.0,55,47,0,102
python3-packaging,arch,ubuntu_focal,0.0,55,18,0,73
python3-packaging,arch,ubuntu_jammy,0.0,55,18,0,73
python3-packaging,arch,ubuntu_noble,0.0,55,20,0,75
python3-packaging,debian_bookworm,fedora_42,0.0,20,61,0,81
python3-packaging,debian_bookworm,fedora_43,0.0,20,61,0,81
python3-packaging,debian_bookworm,rhel_8,0.0,20,40,0,60
python3-packaging,debian_bookworm,rhel_9,0.0,20,47,0,67
python3-packaging,fedora_42,ubuntu_focal,0.0,61,18,0,79
python3-packaging,fedora_42,ubuntu_jammy,0.0,61,18,0,79
python3-packaging,fedora_42,ubuntu_noble,0.0,61,20,0,81
python3-packaging,fedora_43,ubuntu_focal,0.0,61,18,0,79
python3-packaging,fedora_43,ubuntu_jammy,0.0,61,18,0,79
python3-packaging,fedora_43,ubuntu_noble,0.0,61,20,0,81
python3-packaging,rhel_8,ubuntu_focal,0.0,40,18,0,58
python3-packaging,rhel_8,ubuntu_jammy,0.0,40,18,0,58
python3-packaging,rhel_8,ubuntu_noble,0.0,40,20,0,60
python3-packaging,rhel_9,ubuntu_focal,0.0,47,18,0,65
python3-packaging,rhel_9,ubuntu_jammy,0.0,47,18,0,65
python3-packaging,rhel_9,ubuntu_noble,0.0,47,20,0,67
python3-paho-mqtt,debian_bookworm,fedora_42,0.0,18,43,0,61
python3-paho-mqtt,debian_bookworm,fedora_43,0.0,18,43,0,61
python3-paho-mqtt,debian_bookworm,rhel_8,0.0,18,41,0,59
python3-paho-mqtt,debian_bookworm,rhel_9,0.0,18,41,0,59
python3-paho-mqtt,fedora_42,ubuntu_focal,0.0,43,17,0,60
python3-paho-mqtt,fedora_42,ubuntu_jammy,0.0,43,17,0,60
python3-paho-mqtt,fedora_42,ubuntu_noble,0.0,43,17,0,60
python3-paho-mqtt,fedora_43,ubuntu_focal,0.0,43,17,0,60
python3-paho-mqtt,fedora_43,ubuntu_jammy,0.0,43,17,0,60
python3-paho-mqtt,fedora_43,ubuntu_noble,0.0,43,17,0,60
python3-paho-mqtt,rhel_8,ubuntu_focal,0.0,41,17,0,58
python3-paho-mqtt,rhel_8,ubuntu_jammy,0.0,41,17,0,58
python3-paho-mqtt,rhel_8,ubuntu_noble,0.0,41,17,0,58
python3-paho-mqtt,rhel_9,ubuntu_focal,0.0,41,17,0,58
python3-paho-mqtt,rhel_9,ubuntu_jammy,0.0,41,17,0,58
python3-paho-mqtt,rhel_9,ubuntu_noble,0.0,41,17,0,58
python3-pandas,debian_bookworm,fedora_42,0.0,1500,1055,0,2555
python3-pandas,debian_bookworm,fedora_43,0.0,1500,1055,0,2555
python3-pandas,debian_bookworm,opensuse_15.2,0.0,1500,609,0,2109
python3-pandas,fedora_42,ubuntu_focal,0.0,1055,816,0,1871
python3-pandas,fedora_42,ubuntu_jammy,0.0,1055,1422,0,2477
python3-pandas,fedora_42,ubuntu_noble,0.0,1055,1505,0,2560
python3-pandas,fedora_43,ubuntu_focal,0.0,1055,816,0,1871
python3-pandas,fedora_43,ubuntu_jammy,0.0,1055,1422,0,2477
python3-pandas,fedora_43,ubuntu_noble,0.0,1055,1505,0,2560
python3-pandas,opensuse_15.2,ubuntu_focal,0.0,609,816,0,1425
python3-pandas,opensuse_15.2,ubuntu_jammy,0.0,609,1422,0,2031
python3-pandas,opensuse_15.2,ubuntu_noble,0.0,609,1505,0,2114
python3-pandas,rhel_8,ubuntu_noble,0.0,2505,1505,0,4010
python3-parameterized,alpine_edge,debian_bookworm,0.0,8,11,0,19
python3-parameterized,alpine_edge,fedora_42,0.0,8,16,0,24
python3-parameterized,alpine_edge,ubuntu_focal,0.0,8,9,0,17
python3-parameterized,alpine_edge,ubuntu_jammy,0.0,8,10,0,18
python3-parameterized,alpine_edge,ubuntu_noble,0.0,8,10,0,18
python3-parameterized,debian_bookworm,fedora_42,0.0,11,16,0,27
python3-parameterized,debian_bookworm,fedora_43,0.0,11,16,0,27
python3-parameterized,fedora_42,ubuntu_focal,0.0,16,9,0,25
python3-parameterized,fedora_42,ubuntu_jammy,0.0,16,10,0,26
python3-parameterized,fedora_42,ubuntu_noble,0.0,16,10,0,26
python3-parameterized,fedora_43,ubuntu_focal,0.0,16,9,0,25
python3-parameterized,fedora_43,ubuntu_jammy,0.0,16,10,0,26
python3-parameterized,fedora_43,ubuntu_noble,0.0,16,10,0,26
python3-paramiko,debian_bookworm,fedora_42,0.0,52,145,0,197
python3-paramiko,debian_bookworm,fedora_43,0.0,52,145,0,197
python3-paramiko,debian_bookworm,opensuse_15.2,0.0,52,136,0,188
python3-paramiko,debian_bookworm,rhel_8,0.0,52,146,0,198
python3-paramiko,debian_bookworm,rhel_9,0.0,52,146,0,198
python3-paramiko,fedora_42,ubuntu_focal,0.0,145,51,0,196
python3-paramiko,fedora_42,ubuntu_jammy,0.0,145,51,0,196
python3-paramiko,fedora_42,ubuntu_noble,0.0,145,52,0,197
python3-paramiko,fedora_43,ubuntu_focal,0.0,145,51,0,196
python3-paramiko,fedora_43,ubuntu_jammy,0.0,145,51,0,196
python3-paramiko,fedora_43,ubuntu_noble,0.0,145,52,0,197
python3-paramiko,opensuse_15.2,ubuntu_focal,0.0,136,51,0,187
python3-paramiko,opensuse_15.2,ubuntu_jammy,0.0,136,51,0,187
python3-paramiko,opensuse_15.2,ubuntu_noble,0.0,136,52,0,188
python3-paramiko,rhel_8,ubuntu_focal,0.0,146,51,0,197
python3-paramiko,rhel_8,ubuntu_jammy,0.0,146,51,0,197
python3-paramiko,rhel_8,ubuntu_noble,0.0,146,52,0,198
python3-paramiko,rhel_9,ubuntu_focal,0.0,146,51,0,197
python3-paramiko,rhel_9,ubuntu_jammy,0.0,146,51,0,197
python3-paramiko,rhel_9,ubuntu_noble,0.0,146,52,0,198
python3-parse,arch,debian_bookworm,0.0,9,6,0,15
python3-parse,arch,fedora_42,0.0,9,9,0,18
python3-parse,arch,opensuse_15.2,0.0,9,9,0,18
python3-parse,arch,rhel_8,0.0,9,8,0,17
python3-parse,arch,rhel_9,0.0,9,9,0,18
python3-parse,arch,ubuntu_focal,0.0,9,4,0,13
python3-parse,arch,ubuntu_jammy,0.0,9,6,0,15
python3-parse,arch,ubuntu_noble,0.0,9,6,0,15
python3-parse,debian_bookworm,fedora_42,0.0,6,9,0,15
python3-parse,debian_bookworm,fedora_43,0.0,6,9,0,15
python3-parse,debian_bookworm,opensuse_15.2,0.0,6,9,0,15
python3-parse,debian_bookworm,rhel_8,0.0,6,8,0,14
python3-parse,debian_bookworm,rhel_9,0.0,6,9,0,15
python3-parse,fedora_42,opensuse_15.2,0.0,9,9,0,18
python3-parse,fedora_42,ubuntu_focal,0.0,9,4,0,13
python3-parse,fedora_42,ubuntu_jammy,0.0,9,6,0,15
python3-parse,fedora_42,ubuntu_noble,0.0,9,6,0,15
python3-parse,fedora_43,opensuse_15.2,0.0,9,9,0,18
python3-parse,fedora_43,ubuntu_focal,0.0,9,4,0,13
python3-parse,fedora_43,ubuntu_jammy,0.0,9,6,0,15
python3-parse,fedora_43,ubuntu_noble,0.0,9,6,0,15
python3-parse,opensuse_15.2,rhel_9,0.0,9,9,0,18
python3-parse,opensuse_15.2,ubuntu_focal,0.0,9,4,0,13
python3-parse,opensuse_15.2,ubuntu_jammy,0.0,9,6,0,15
python3-parse,opensuse_15.2,ubuntu_noble,0.0,9,6,0,15
python3-parse,rhel_8,ubuntu_focal,0.0,8,4,0,12
python3-parse,rhel_8,ubuntu_jammy,0.0,8,6,0,14
python3-parse,rhel_8,ubuntu_noble,0.0,8,6,0,14
python3-parse,rhel_9,ubuntu_focal,0.0,9,4,0,13
python3-parse,rhel_9,ubuntu_jammy,0.0,9,6,0,15
python3-parse,rhel_9,ubuntu_noble,0.0,9,6,0,15
python3-pep8,alpine_edge,ubuntu_focal,0.0,9,9,0,18
python3-pep8,alpine_edge,ubuntu_jammy,0.0,9,9,0,18
python3-pep8,alpine_edge,ubuntu_noble,0.0,9,10,0,19
python3-pep8-naming,debian_bookworm,opensuse_15.2,0.0,11,13,0,24
python3-pep8-naming,opensuse_15.2,ubuntu_focal,0.0,13,10,0,23
python3-pep8-naming,opensuse_15.2,ubuntu_jammy,0.0,13,10,0,23
python3-pep8-naming,opensuse_15.2,ubuntu_noble,0.0,13,10,0,23
python3-pexpect,debian_bookworm,fedora_42,0.0,20,98,0,118
python3-pexpect,debian_bookworm,fedora_43,0.0,20,98,0,118
python3-pexpect,debian_bookworm,opensuse_15.2,0.0,20,84,0,104
python3-pexpect,debian_bookworm,rhel_8,0.0,20,84,0,104
python3-pexpect,debian_bookworm,rhel_9,0.0,20,84,0,104
python3-pexpect,fedora_42,ubuntu_focal,0.0,98,19,0,117
python3-pexpect,fedora_42,ubuntu_jammy,0.0,98,19,0,117
python3-pexpect,fedora_42,ubuntu_noble,0.0,98,25,0,123
python3-pexpect,fedora_43,ubuntu_focal,0.0,98,19,0,117
python3-pexpect,fedora_43,ubuntu_jammy,0.0,98,19,0,117
python3-pexpect,fedora_43,ubuntu_noble,0.0,98,25,0,123
python3-pexpect,opensuse_15.2,ubuntu_focal,0.0,84,19,0,103
python3-pexpect,opensuse_15.2,ubuntu_jammy,0.0,84,19,0,103
python3-pexpect,opensuse_15.2,ubuntu_noble,0.0,84,25,0,109
python3-pexpect,rhel_8,ubuntu_focal,0.0,84,19,0,103
python3-pexpect,rhel_8,ubuntu_jammy,0.0,84,19,0,103
python3-pexpect,rhel_8,ubuntu_noble,0.0,84,25,0,109
python3-pexpect,rhel_9,ubuntu_focal,0.0,84,19,0,103
python3-pexpect,rhel_9,ubuntu_jammy,0.0,84,19,0,103
python3-pexpect,rhel_9,ubuntu_noble,0.0,84,25,0,109
python3-piexif,arch,debian_bookworm,0.0,40,16,0,56
python3-piexif,arch,fedora_42,0.0,40,40,0,80
python3-piexif,arch,opensuse_15.2,0.0,40,39,0,79
python3-piexif,arch,ubuntu_focal,0.0,40,15,0,55
python3-piexif,arch,ubuntu_jammy,0.0,40,16,0,56
python3-piexif,arch,ubuntu_noble,0.0,40,16,0,56
python3-piexif,debian_bookworm,fedora_42,0.0,16,40,0,56
python3-piexif,debian_bookworm,fedora_43,0.0,16,40,0,56
python3-piexif,debian_bookworm,opensuse_15.2,0.0,16,39,0,55
python3-piexif,fedora_42,ubuntu_focal,0.0,40,15,0,55
python3-piexif,fedora_42,ubuntu_jammy,0.0,40,16,0,56
python3-piexif,fedora_42,ubuntu_noble,0.0,40,16,0,56
python3-piexif,fedora_43,ubuntu_focal,0.0,40,15,0,55
python3-piexif,fedora_43,ubuntu_jammy,0.0,40,16,0,56
python3-piexif,fedora_43,ubuntu_noble,0.0,40,16,0,56
python3-piexif,opensuse_15.2,ubuntu_focal,0.0,39,15,0,54
python3-piexif,opensuse_15.2,ubuntu_jammy,0.0,39,16,0,55
python3-piexif,opensuse_15.2,ubuntu_noble,0.0,39,16,0,55
python3-pigpio,debian_bookworm,fedora_42,0.0,4,7,0,11
python3-pigpio,debian_bookworm,fedora_43,0.0,4,7,0,11
python3-pigpio,fedora_42,fedora_43,0.0,7,7,0,14
python3-pigpio,fedora_42,ubuntu_focal,0.0,7,4,0,11
python3-pigpio,fedora_42,ubuntu_jammy,0.0,7,4,0,11
python3-pigpio,fedora_42,ubuntu_noble,0.0,7,6,0,13
python3-pigpio,fedora_43,ubuntu_focal,0.0,7,4,0,11
python3-pigpio,fedora_43,ubuntu_jammy,0.0,7,4,0,11
python3-pigpio,fedora_43,ubuntu_noble,0.0,7,6,0,13
python3-pika,debian_bookworm,fedora_42,0.0,37,99,0,136
python3-pika,debian_bookworm,fedora_43,0.0,37,99,0,136
python3-pika,debian_bookworm,rhel_8,0.0,37,90,0,127
python3-pika,debian_bookworm,rhel_9,0.0,37,99,0,136
python3-pika,fedora_42,ubuntu_focal,0.0,99,28,0,127
python3-pika,fedora_42,ubuntu_jammy,0.0,99,36,0,135
python3-pika,fedora_42,ubuntu_noble,0.0,99,36,0,135
python3-pika,fedora_43,ubuntu_focal,0.0,99,28,0,127
python3-pika,fedora_43,ubuntu_jammy,0.0,99,36,0,135
python3-pika,fedora_43,ubuntu_noble,0.0,99,36,0,135
python3-pika,rhel_8,ubuntu_focal,0.0,90,28,0,118
python3-pika,rhel_8,ubuntu_jammy,0.0,90,36,0,126
python3-pika,rhel_8,ubuntu_noble,0.0,90,36,0,126
python3-pika,rhel_9,ubuntu_focal,0.0,99,28,0,127
python3-pika,rhel_9,ubuntu_jammy,0.0,99,36,0,135
python3-pika,rhel_9,ubuntu_noble,0.0,99,36,0,135
python3-pil-imagetk,alpine_edge,debian_bookworm,0.0,119,5,0,124
python3-pil-imagetk,alpine_edge,fedora_42,0.0,119,9,0,128
python3-pil-imagetk,alpine_edge,fedora_43,0.0,119,9,0,128
python3-pil-imagetk,alpine_edge,opensuse_15.2,0.0,119,282,0,401
python3-pil-imagetk,alpine_edge,rhel_8,0.0,119,9,0,128
python3-pil-imagetk,alpine_edge,rhel_9,0.0,119,8,0,127
python3-pil-imagetk,alpine_edge,ubuntu_focal,0.0,119,4,0,123
python3-pil-imagetk,alpine_edge,ubuntu_jammy,0.0,119,4,0,123
python3-pil-imagetk,alpine_edge,ubuntu_noble,0.0,119,4,0,123
python3-pil-imagetk,arch,debian_bookworm,0.0,336,5,0,341
python3-pil-imagetk,arch,fedora_42,0.0,336,9,0,345
python3-pil-imagetk,arch,fedora_43,0.0,336,9,0,345
python3-pil-imagetk,arch,opensuse_15.2,0.0,336,282,0,618
python3-pil-imagetk,arch,rhel_8,0.0,336,9,0,345
python3-pil-imagetk,arch,rhel_9,0.0,336,8,0,344
python3-pil-imagetk,arch,ubuntu_focal,0.0,336,4,0,340
python3-pil-imagetk,arch,ubuntu_jammy,0.0,336,4,0,340
python3-pil-imagetk,arch,ubuntu_noble,0.0,336,4,0,340
python3-pil-imagetk,debian_bookworm,fedora_42,0.0,5,9,0,14
python3-pil-imagetk,debian_bookworm,fedora_43,0.0,5,9,0,14
python3-pil-imagetk,debian_bookworm,opensuse_15.2,0.0,5,282,0,287
python3-pil-imagetk,debian_bookworm,rhel_8,0.0,5,9,0,14
python3-pil-imagetk,debian_bookworm,rhel_9,0.0,5,8,0,13
python3-pil-imagetk,fedora_42,fedora_43,0.0,9,9,0,18
python3-pil-imagetk,fedora_42,opensuse_15.2,0.0,9,282,0,291
python3-pil-imagetk,fedora_42,rhel_8,0.0,9,9,0,18
python3-pil-imagetk,fedora_42,rhel_9,0.0,9,8,0,17
python3-pil-imagetk,fedora_42,ubuntu_focal,0.0,9,4,0,13
python3-pil-imagetk,fedora_42,ubuntu_jammy,0.0,9,4,0,13
python3-pil-imagetk,fedora_42,ubuntu_noble,0.0,9,4,0,13
python3-pil-imagetk,fedora_43,opensuse_15.2,0.0,9,282,0,291
python3-pil-imagetk,fedora_43,rhel_8,0.0,9,9,0,18
python3-pil-imagetk,fedora_43,rhel_9,0.0,9,8,0,17
python3-pil-imagetk,fedora_43,ubuntu_focal,0.0,9,4,0,13
python3-pil-imagetk,fedora_43,ubuntu_jammy,0.0,9,4,0,13
python3-pil-imagetk,fedora_43,ubuntu_noble,0.0,9,4,0,13
python3-pil-imagetk,opensuse_15.2,rhel_9,0.0,282,8,0,290
python3-pil-imagetk,opensuse_15.2,ubuntu_focal,0.0,282,4,0,286
python3-pil-imagetk,opensuse_15.2,ubuntu_jammy,0.0,282,4,0,286
python3-pil-imagetk,opensuse_15.2,ubuntu_noble,0.0,282,4,0,286
python3-pil-imagetk,rhel_8,rhel_9,0.0,9,8,0,17
python3-pil-imagetk,rhel_8,ubuntu_focal,0.0,9,4,0,13
python3-pil-imagetk,rhel_8,ubuntu_jammy,0.0,9,4,0,13
python3-pil-imagetk,rhel_8,ubuntu_noble,0.0,9,4,0,13
python3-pil-imagetk,rhel_9,ubuntu_focal,0.0,8,4,0,12
python3-pil-imagetk,rhel_9,ubuntu_jammy,0.0,8,4,0,12
python3-pil-imagetk,rhel_9,ubuntu_noble,0.0,8,4,0,12
python3-pip,alpine_edge,rhel_8,0.0,472,5,0,477
python3-pip,debian_bookworm,rhel_8,0.0,604,5,0,609
python3-pip,rhel_8,ubuntu_focal,0.0,5,178,0,183
python3-pip,rhel_8,ubuntu_jammy,0.0,5,611,0,616
python3-pip,rhel_8,ubuntu_noble,0.0,5,607,0,612
python3-pkg-resources,alpine_edge,debian_bookworm,0.0,430,55,0,485
python3-pkg-resources,alpine_edge,fedora_42,0.0,430,955,0,1385
python3-pkg-resources,alpine_edge,opensuse_15.2,0.0,430,270,0,700
python3-pkg-resources,alpine_edge,rhel_8,0.0,430,16,0,446
python3-pkg-resources,alpine_edge,rhel_9,0.0,430,461,0,891
python3-pkg-resources,alpine_edge,ubuntu_focal,0.0,430,20,0,450
python3-pkg-resources,alpine_edge,ubuntu_jammy,0.0,430,20,0,450
python3-pkg-resources,alpine_edge,ubuntu_noble,0.0,430,46,0,476
python3-pkg-resources,arch,debian_bookworm,0.0,757,55,0,812
python3-pkg-resources,arch,fedora_42,0.0,757,955,0,1712
python3-pkg-resources,arch,opensuse_15.2,0.0,757,270,0,1027
python3-pkg-resources,arch,rhel_8,0.0,757,16,0,773
python3-pkg-resources,arch,rhel_9,0.0,757,461,0,1218
python3-pkg-resources,arch,ubuntu_focal,0.0,757,20,0,777
python3-pkg-resources,arch,ubuntu_jammy,0.0,757,20,0,777
python3-pkg-resources,arch,ubuntu_noble,0.0,757,46,0,803
python3-pkg-resources,debian_bookworm,fedora_42,0.0,55,955,0,1010
python3-pkg-resources,debian_bookworm,fedora_43,0.0,55,923,0,978
python3-pkg-resources,debian_bookworm,opensuse_15.2,0.0,55,270,0,325
python3-pkg-resources,debian_bookworm,rhel_8,0.0,55,16,0,71
python3-pkg-resources,debian_bookworm,rhel_9,0.0,55,461,0,516
python3-pkg-resources,fedora_42,opensuse_15.2,0.0,955,270,0,1225
python3-pkg-resources,fedora_42,ubuntu_focal,0.0,955,20,0,975
python3-pkg-resources,fedora_42,ubuntu_jammy,0.0,955,20,0,975
python3-pkg-resources,fedora_42,ubuntu_noble,0.0,955,46,0,1001
python3-pkg-resources,fedora_43,opensuse_15.2,0.0,923,270,0,1193
python3-pkg-resources,fedora_43,ubuntu_focal,0.0,923,20,0,943
python3-pkg-resources,fedora_43,ubuntu_jammy,0.0,923,20,0,943
python3-pkg-resources,fedora_43,ubuntu_noble,0.0,923,46,0,969
python3-pkg-resources,opensuse_15.2,rhel_9,0.0,270,461,0,731
python3-pkg-resources,opensuse_15.2,ubuntu_focal,0.0,270,20,0,290
python3-pkg-resources,opensuse_15.2,ubuntu_jammy,0.0,270,20,0,290
python3-pkg-resources,opensuse_15.2,ubuntu_noble,0.0,270,46,0,316
python3-pkg-resources,rhel_8,ubuntu_focal,0.0,16,20,0,36
python3-pkg-resources,rhel_8,ubuntu_jammy,0.0,16,20,0,36
python3-pkg-resources,rhel_8,ubuntu_noble,0.0,16,46,0,62
python3-pkg-resources,rhel_9,ubuntu_focal,0.0,461,20,0,481
python3-pkg-resources,rhel_9,ubuntu_jammy,0.0,461,20,0,481
python3-pkg-resources,rhel_9,ubuntu_noble,0.0,461,46,0,507
python3-platformdirs,debian_bookworm,fedora_42,0.0,16,30,0,46
python3-platformdirs,debian_bookworm,fedora_43,0.0,16,30,0,46
python3-platformdirs,debian_bookworm,rhel_9,0.0,16,31,0,47
python3-platformdirs,fedora_42,ubuntu_jammy,0.0,30,17,0,47
python3-platformdirs,fedora_42,ubuntu_noble,0.0,30,15,0,45
python3-platformdirs,fedora_43,ubuntu_jammy,0.0,30,17,0,47
python3-platformdirs,fedora_43,ubuntu_noble,0.0,30,15,0,45
python3-platformdirs,rhel_9,ubuntu_jammy,0.0,31,17,0,48
python3-platformdirs,rhel_9,ubuntu_noble,0.0,31,15,0,46
python3-ply,arch,debian_bookworm,0.0,17,15,0,32
python3-ply,arch,fedora_42,0.0,17,25,0,42
python3-ply,arch,opensuse_15.2,0.0,17,22,0,39
python3-ply,arch,rhel_8,0.0,17,25,0,42
python3-ply,arch,rhel_9,0.0,17,25,0,42
python3-ply,arch,ubuntu_focal,0.0,17,14,0,31
python3-ply,arch,ubuntu_jammy,0.0,17,14,0,31
python3-ply,arch,ubuntu_noble,0.0,17,14,0,31
python3-ply,debian_bookworm,fedora_42,0.0,15,25,0,40
python3-ply,debian_bookworm,fedora_43,0.0,15,25,0,40
python3-ply,debian_bookworm,opensuse_15.2,0.0,15,22,0,37
python3-ply,debian_bookworm,rhel_8,0.0,15,25,0,40
python3-ply,debian_bookworm,rhel_9,0.0,15,25,0,40
python3-ply,fedora_42,opensuse_15.2,0.0,25,22,0,47
python3-ply,fedora_42,ubuntu_focal,0.0,25,14,0,39
python3-ply,fedora_42,ubuntu_jammy,0.0,25,14,0,39
python3-ply,fedora_42,ubuntu_noble,0.0,25,14,0,39
python3-ply,fedora_43,opensuse_15.2,0.0,25,22,0,47
python3-ply,fedora_43,ubuntu_focal,0.0,25,14,0,39
python3-ply,fedora_43,ubuntu_jammy,0.0,25,14,0,39
python3-ply,fedora_43,ubuntu_noble,0.0,25,14,0,39
python3-ply,opensuse_15.2,rhel_9,0.0,22,25,0,47
python3-ply,opensuse_15.2,ubuntu_focal,0.0,22,14,0,36
python3-ply,opensuse_15.2,ubuntu_jammy,0.0,22,14,0,36
python3-ply,opensuse_15.2,ubuntu_noble,0.0,22,14,0,36
python3-ply,rhel_8,ubuntu_focal,0.0,25,14,0,39
python3-ply,rhel_8,ubuntu_jammy,0.0,25,14,0,39
python3-ply,rhel_8,ubuntu_noble,0.0,25,14,0,39
python3-ply,rhel_9,ubuntu_focal,0.0,25,14,0,39
python3-ply,rhel_9,ubuntu_jammy,0.0,25,14,0,39
python3-ply,rhel_9,ubuntu_noble,0.0,25,14,0,39
python3-pre-commit,debian_bookworm,pypi,0.0,91,91,0,182
python3-pre-commit,fedora_42,pypi,0.0,241,91,0,332
python3-pre-commit,fedora_43,pypi,0.0,241,91,0,332
python3-pre-commit,pypi,rhel_9,0.0,91,220,0,311
python3-pre-commit,pypi,ubuntu_jammy,0.0,91,89,0,180
python3-pre-commit,pypi,ubuntu_noble,0.0,91,91,0,182
python3-prettytable,debian_bookworm,fedora_42,0.0,12,16,0,28
python3-prettytable,debian_bookworm,fedora_43,0.0,12,16,0,28
python3-prettytable,fedora_42,ubuntu_focal,0.0,16,8,0,24
python3-prettytable,fedora_42,ubuntu_jammy,0.0,16,10,0,26
python3-prettytable,fedora_42,ubuntu_noble,0.0,16,11,0,27
python3-prettytable,fedora_43,ubuntu_focal,0.0,16,8,0,24
python3-prettytable,fedora_43,ubuntu_jammy,0.0,16,10,0,26
python3-prettytable,fedora_43,ubuntu_noble,0.0,16,11,0,27
python3-progressbar,arch,debian_bookworm,0.0,66,11,0,77
python3-progressbar,arch,ubuntu_focal,0.0,66,11,0,77
python3-progressbar,arch,ubuntu_jammy,0.0,66,11,0,77
python3-progressbar,arch,ubuntu_noble,0.0,66,11,0,77
python3-progressbar,debian_bookworm,fedora_42,0.0,11,62,0,73
python3-progressbar,debian_bookworm,fedora_43,0.0,11,62,0,73
python3-progressbar,fedora_42,ubuntu_focal,0.0,62,11,0,73
python3-progressbar,fedora_42,ubuntu_jammy,0.0,62,11,0,73
python3-progressbar,fedora_42,ubuntu_noble,0.0,62,11,0,73
python3-progressbar,fedora_43,ubuntu_focal,0.0,62,11,0,73
python3-progressbar,fedora_43,ubuntu_jammy,0.0,62,11,0,73
python3-progressbar,fedora_43,ubuntu_noble,0.0,62,11,0,73
python3-prometheus-client,debian_bookworm,fedora_42,0.0,32,81,0,113
python3-prometheus-client,debian_bookworm,fedora_43,0.0,32,84,0,116
python3-prometheus-client,debian_bookworm,rhel_8,0.0,32,81,0,113
python3-prometheus-client,debian_bookworm,rhel_9,0.0,32,81,0,113
python3-prometheus-client,fedora_42,ubuntu_focal,0.0,81,30,0,111
python3-prometheus-client,fedora_42,ubuntu_jammy,0.0,81,31,0,112
python3-prometheus-client,fedora_42,ubuntu_noble,0.0,81,36,0,117
python3-prometheus-client,fedora_43,ubuntu_focal,0.0,84,30,0,114
python3-prometheus-client,fedora_43,ubuntu_jammy,0.0,84,31,0,115
python3-prometheus-client,fedora_43,ubuntu_noble,0.0,84,36,0,120
python3-prometheus-client,rhel_8,ubuntu_focal,0.0,81,30,0,111
python3-prometheus-client,rhel_8,ubuntu_jammy,0.0,81,31,0,112
python3-prometheus-client,rhel_8,ubuntu_noble,0.0,81,36,0,117
python3-prometheus-client,rhel_9,ubuntu_focal,0.0,81,30,0,111
python3-prometheus-client,rhel_9,ubuntu_jammy,0.0,81,31,0,112
python3-prometheus-client,rhel_9,ubuntu_noble,0.0,81,36,0,117
python3-prompt-toolkit,arch,debian_bookworm,0.0,443,155,0,598
python3-prompt-toolkit,arch,rhel_8,0.0,443,444,0,887
python3-prompt-toolkit,arch,rhel_9,0.0,443,442,0,885
python3-prompt-toolkit,arch,ubuntu_focal,0.0,443,152,0,595
python3-prompt-toolkit,arch,ubuntu_jammy,0.0,443,154,0,597
python3-prompt-toolkit,arch,ubuntu_noble,0.0,443,152,0,595
python3-prompt-toolkit,debian_bookworm,rhel_8,0.0,155,444,0,599
python3-prompt-toolkit,debian_bookworm,rhel_9,0.0,155,442,0,597
python3-prompt-toolkit,rhel_8,ubuntu_focal,0.0,444,152,0,596
python3-prompt-toolkit,rhel_8,ubuntu_jammy,0.0,444,154,0,598
python3-prompt-toolkit,rhel_8,ubuntu_noble,0.0,444,152,0,596
python3-prompt-toolkit,rhel_9,ubuntu_focal,0.0,442,152,0,594
python3-prompt-toolkit,rhel_9,ubuntu_jammy,0.0,442,154,0,596
python3-prompt-toolkit,rhel_9,ubuntu_noble,0.0,442,152,0,594
python3-protobuf,alpine_edge,debian_bookworm,0.0,61,55,0,116
python3-protobuf,alpine_edge,fedora_42,0.0,61,146,0,207
python3-protobuf,alpine_edge,rhel_8,0.0,61,281,0,342
python3-protobuf,alpine_edge,rhel_9,0.0,61,143,0,204
python3-protobuf,alpine_edge,ubuntu_focal,0.0,61,104,0,165
python3-protobuf,alpine_edge,ubuntu_jammy,0.0,61,108,0,169
python3-protobuf,alpine_edge,ubuntu_noble,0.0,61,54,0,115
python3-protobuf,debian_bookworm,fedora_42,0.0,55,146,0,201
python3-protobuf,debian_bookworm,fedora_43,0.0,55,143,0,198
python3-protobuf,debian_bookworm,rhel_8,0.0,55,281,0,336
python3-protobuf,debian_bookworm,rhel_9,0.0,55,143,0,198
python3-protobuf,fedora_42,ubuntu_focal,0.0,146,104,0,250
python3-protobuf,fedora_42,ubuntu_jammy,0.0,146,108,0,254
python3-protobuf,fedora_42,ubuntu_noble,0.0,146,54,0,200
python3-protobuf,fedora_43,ubuntu_focal,0.0,143,104,0,247
python3-protobuf,fedora_43,ubuntu_jammy,0.0,143,108,0,251
python3-protobuf,fedora_43,ubuntu_noble,0.0,143,54,0,197
python3-protobuf,rhel_8,ubuntu_focal,0.0,281,104,0,385
python3-protobuf,rhel_8,ubuntu_jammy,0.0,281,108,0,389
python3-protobuf,rhel_8,ubuntu_noble,0.0,281,54,0,335
python3-protobuf,rhel_9,ubuntu_focal,0.0,143,104,0,247
python3-protobuf,rhel_9,ubuntu_jammy,0.0,143,108,0,251
python3-protobuf,rhel_9,ubuntu_noble,0.0,143,54,0,197
python3-psutil,alpine_edge,debian_bookworm,0.0,16,39,0,55
python3-psutil,alpine_edge,fedora_42,0.0,16,42,0,58
python3-psutil,alpine_edge,fedora_43,0.0,16,39,0,55
python3-psutil,alpine_edge,opensuse_15.2,0.0,16,124,0,140
python3-psutil,alpine_edge,rhel_8,0.0,16,94,0,110
python3-psutil,alpine_edge,rhel_9,0.0,16,44,0,60
python3-psutil,alpine_edge,ubuntu_focal,0.0,16,31,0,47
python3-psutil,alpine_edge,ubuntu_jammy,0.0,16,37,0,53
python3-psutil,alpine_edge,ubuntu_noble,0.0,16,79,0,95
python3-psutil,arch,debian_bookworm,0.0,37,39,0,76
python3-psutil,arch,fedora_42,0.0,37,42,0,79
python3-psutil,arch,fedora_43,0.0,37,39,0,76
python3-psutil,arch,opensuse_15.2,0.0,37,124,0,161
python3-psutil,arch,rhel_8,0.0,37,94,0,131
python3-psutil,arch,rhel_9,0.0,37,44,0,81
python3-psutil,arch,ubuntu_focal,0.0,37,31,0,68
python3-psutil,arch,ubuntu_jammy,0.0,37,37,0,74
python3-psutil,arch,ubuntu_noble,0.0,37,79,0,116
python3-psutil,debian_bookworm,fedora_42,0.0,39,42,0,81
python3-psutil,debian_bookworm,fedora_43,0.0,39,39,0,78
python3-psutil,debian_bookworm,opensuse_15.2,0.0,39,124,0,163
python3-psutil,debian_bookworm,rhel_8,0.0,39,94,0,133
python3-psutil,debian_bookworm,rhel_9,0.0,39,44,0,83
python3-psutil,fedora_42,opensuse_15.2,0.0,42,124,0,166
python3-psutil,fedora_42,ubuntu_focal,0.0,42,31,0,73
python3-psutil,fedora_42,ubuntu_jammy,0.0,42,37,0,79
python3-psutil,fedora_42,ubuntu_noble,0.0,42,79,0,121
python3-psutil,fedora_43,opensuse_15.2,0.0,39,124,0,163
python3-psutil,fedora_43,ubuntu_focal,0.0,39,31,0,70
python3-psutil,fedora_43,ubuntu_jammy,0.0,39,37,0,76
python3-psutil,fedora_43,ubuntu_noble,0.0,39,79,0,118
python3-psutil,opensuse_15.2,ubuntu_focal,0.0,124,31,0,155
python3-psutil,opensuse_15.2,ubuntu_jammy,0.0,124,37,0,161
python3-psutil,opensuse_15.2,ubuntu_noble,0.0,124,79,0,203
python3-psutil,rhel_8,ubuntu_focal,0.0,94,31,0,125
python3-psutil,rhel_8,ubuntu_jammy,0.0,94,37,0,131
python3-psutil,rhel_8,ubuntu_noble,0.0,94,79,0,173
python3-psutil,rhel_9,ubuntu_focal,0.0,44,31,0,75
python3-psutil,rhel_9,ubuntu_jammy,0.0,44,37,0,81
python3-psutil,rhel_9,ubuntu_noble,0.0,44,79,0,123
python3-psycopg2,debian_bookworm,fedora_42,0.0,18,43,0,61
python3-psycopg2,debian_bookworm,fedora_43,0.0,18,43,0,61
python3-psycopg2,debian_bookworm,opensuse_15.2,0.0,18,48,0,66
python3-psycopg2,debian_bookworm,rhel_8,0.0,18,43,0,61
python3-psycopg2,debian_bookworm,rhel_9,0.0,18,49,0,67
python3-psycopg2,fedora_42,ubuntu_focal,0.0,43,19,0,62
python3-psycopg2,fedora_42,ubuntu_jammy,0.0,43,17,0,60
python3-psycopg2,fedora_42,ubuntu_noble,0.0,43,17,0,60
python3-psycopg2,fedora_43,opensuse_15.2,0.0,43,48,0,91
python3-psycopg2,fedora_43,ubuntu_focal,0.0,43,19,0,62
python3-psycopg2,fedora_43,ubuntu_jammy,0.0,43,17,0,60
python3-psycopg2,fedora_43,ubuntu_noble,0.0,43,17,0,60
python3-psycopg2,opensuse_15.2,ubuntu_focal,0.0,48,19,0,67
python3-psycopg2,opensuse_15.2,ubuntu_jammy,0.0,48,17,0,65
python3-psycopg2,opensuse_15.2,ubuntu_noble,0.0,48,17,0,65
python3-psycopg2,rhel_8,ubuntu_focal,0.0,43,19,0,62
python3-psycopg2,rhel_8,ubuntu_jammy,0.0,43,17,0,60
python3-psycopg2,rhel_8,ubuntu_noble,0.0,43,17,0,60
python3-psycopg2,rhel_9,ubuntu_focal,0.0,49,19,0,68
python3-psycopg2,rhel_9,ubuntu_jammy,0.0,49,17,0,66
python3-psycopg2,rhel_9,ubuntu_noble,0.0,49,17,0,66
python3-pyassimp,debian_bookworm,fedora_42,0.0,20,22,0,42
python3-pyassimp,debian_bookworm,fedora_43,0.0,20,22,0,42
python3-pyassimp,fedora_42,ubuntu_focal,0.0,22,19,0,41
python3-pyassimp,fedora_42,ubuntu_jammy,0.0,22,19,0,41
python3-pyassimp,fedora_42,ubuntu_noble,0.0,22,20,0,42
python3-pyassimp,fedora_43,ubuntu_focal,0.0,22,19,0,41
python3-pyassimp,fedora_43,ubuntu_jammy,0.0,22,19,0,41
python3-pyassimp,fedora_43,ubuntu_noble,0.0,22,20,0,42
python3-pyaudio,arch,debian_bookworm,0.0,10,17,0,27
python3-pyaudio,arch,fedora_42,0.0,10,13,0,23
python3-pyaudio,arch,fedora_43,0.0,10,13,0,23
python3-pyaudio,arch,opensuse_15.2,0.0,10,19,0,29
python3-pyaudio,arch,ubuntu_focal,0.0,10,13,0,23
python3-pyaudio,arch,ubuntu_jammy,0.0,10,13,0,23
python3-pyaudio,arch,ubuntu_noble,0.0,10,15,0,25
python3-pyaudio,debian_bookworm,fedora_42,0.0,17,13,0,30
python3-pyaudio,debian_bookworm,fedora_43,0.0,17,13,0,30
python3-pyaudio,debian_bookworm,opensuse_15.2,0.0,17,19,0,36
python3-pyaudio,fedora_42,opensuse_15.2,0.0,13,19,0,32
python3-pyaudio,fedora_42,ubuntu_focal,0.0,13,13,0,26
python3-pyaudio,fedora_42,ubuntu_jammy,0.0,13,13,0,26
python3-pyaudio,fedora_42,ubuntu_noble,0.0,13,15,0,28
python3-pyaudio,fedora_43,opensuse_15.2,0.0,13,19,0,32
python3-pyaudio,fedora_43,ubuntu_focal,0.0,13,13,0,26
python3-pyaudio,fedora_43,ubuntu_jammy,0.0,13,13,0,26
python3-pyaudio,fedora_43,ubuntu_noble,0.0,13,15,0,28
python3-pyaudio,opensuse_15.2,ubuntu_focal,0.0,19,13,0,32
python3-pyaudio,opensuse_15.2,ubuntu_jammy,0.0,19,13,0,32
python3-pyaudio,opensuse_15.2,ubuntu_noble,0.0,19,15,0,34
python3-pyclipper,debian_bookworm,fedora_42,0.0,8,15,0,23
python3-pyclipper,debian_bookworm,fedora_43,0.0,8,15,0,23
python3-pyclipper,fedora_42,ubuntu_focal,0.0,15,7,0,22
python3-pyclipper,fedora_42,ubuntu_jammy,0.0,15,7,0,22
python3-pyclipper,fedora_42,ubuntu_noble,0.0,15,9,0,24
python3-pyclipper,fedora_43,ubuntu_focal,0.0,15,7,0,22
python3-pyclipper,fedora_43,ubuntu_jammy,0.0,15,7,0,22
python3-pyclipper,fedora_43,ubuntu_noble,0.0,15,9,0,24
python3-pycodestyle,alpine_edge,debian_bookworm,0.0,9,9,0,18
python3-pycodestyle,alpine_edge,ubuntu_focal,0.0,9,9,0,18
python3-pycodestyle,alpine_edge,ubuntu_jammy,0.0,9,9,0,18
python3-pycodestyle,alpine_edge,ubuntu_noble,0.0,9,8,0,17
python3-pycodestyle,arch,debian_bookworm,0.0,11,9,0,20
python3-pycodestyle,arch,ubuntu_focal,0.0,11,9,0,20
python3-pycodestyle,arch,ubuntu_jammy,0.0,11,9,0,20
python3-pycodestyle,arch,ubuntu_noble,0.0,11,8,0,19
python3-pycodestyle,debian_bookworm,fedora_42,0.0,9,16,0,25
python3-pycodestyle,debian_bookworm,fedora_43,0.0,9,15,0,24
python3-pycodestyle,debian_bookworm,opensuse_15.2,0.0,9,14,0,23
python3-pycodestyle,debian_bookworm,rhel_8,0.0,9,17,0,26
python3-pycodestyle,debian_bookworm,rhel_9,0.0,9,17,0,26
python3-pycodestyle,fedora_42,ubuntu_focal,0.0,16,9,0,25
python3-pycodestyle,fedora_42,ubuntu_jammy,0.0,16,9,0,25
python3-pycodestyle,fedora_42,ubuntu_noble,0.0,16,8,0,24
python3-pycodestyle,fedora_43,ubuntu_focal,0.0,15,9,0,24
python3-pycodestyle,fedora_43,ubuntu_jammy,0.0,15,9,0,24
python3-pycodestyle,fedora_43,ubuntu_noble,0.0,15,8,0,23
python3-pycodestyle,opensuse_15.2,ubuntu_focal,0.0,14,9,0,23
python3-pycodestyle,opensuse_15.2,ubuntu_jammy,0.0,14,9,0,23
python3-pycodestyle,opensuse_15.2,ubuntu_noble,0.0,14,8,0,22
python3-pycodestyle,rhel_8,ubuntu_focal,0.0,17,9,0,26
python3-pycodestyle,rhel_8,ubuntu_jammy,0.0,17,9,0,26
python3-pycodestyle,rhel_8,ubuntu_noble,0.0,17,8,0,25
python3-pycodestyle,rhel_9,ubuntu_focal,0.0,17,9,0,26
python3-pycodestyle,rhel_9,ubuntu_jammy,0.0,17,9,0,26
python3-pycodestyle,rhel_9,ubuntu_noble,0.0,17,8,0,25
python3-pycryptodome,alpine_edge,debian_bookworm,0.0,352,307,0,659
python3-pycryptodome,alpine_edge,fedora_42,0.0,352,511,0,863
python3-pycryptodome,alpine_edge,fedora_43,0.0,352,520,0,872
python3-pycryptodome,alpine_edge,opensuse_15.2,0.0,352,900,0,1252
python3-pycryptodome,alpine_edge,rhel_8,0.0,352,680,0,1032
python3-pycryptodome,alpine_edge,rhel_9,0.0,352,493,0,845
python3-pycryptodome,alpine_edge,ubuntu_focal,0.0,352,373,0,725
python3-pycryptodome,alpine_edge,ubuntu_jammy,0.0,352,306,0,658
python3-pycryptodome,alpine_edge,ubuntu_noble,0.0,352,337,0,689
python3-pycryptodome,arch,debian_bookworm,0.0,474,307,0,781
python3-pycryptodome,arch,fedora_42,0.0,474,511,0,985
python3-pycryptodome,arch,fedora_43,0.0,474,520,0,994
python3-pycryptodome,arch,opensuse_15.2,0.0,474,900,0,1374
python3-pycryptodome,arch,rhel_8,0.0,474,680,0,1154
python3-pycryptodome,arch,rhel_9,0.0,474,493,0,967
python3-pycryptodome,arch,ubuntu_focal,0.0,474,373,0,847
python3-pycryptodome,arch,ubuntu_jammy,0.0,474,306,0,780
python3-pycryptodome,arch,ubuntu_noble,0.0,474,337,0,811
python3-pycryptodome,debian_bookworm,fedora_42,0.0,307,511,0,818
python3-pycryptodome,debian_bookworm,fedora_43,0.0,307,520,0,827
python3-pycryptodome,debian_bookworm,opensuse_15.2,0.0,307,900,0,1207
python3-pycryptodome,debian_bookworm,rhel_8,0.0,307,680,0,987
python3-pycryptodome,debian_bookworm,rhel_9,0.0,307,493,0,800
python3-pycryptodome,fedora_42,ubuntu_focal,0.0,511,373,0,884
python3-pycryptodome,fedora_42,ubuntu_jammy,0.0,511,306,0,817
python3-pycryptodome,fedora_42,ubuntu_noble,0.0,511,337,0,848
python3-pycryptodome,fedora_43,ubuntu_focal,0.0,520,373,0,893
python3-pycryptodome,fedora_43,ubuntu_jammy,0.0,520,306,0,826
python3-pycryptodome,fedora_43,ubuntu_noble,0.0,520,337,0,857
python3-pycryptodome,opensuse_15.2,ubuntu_focal,0.0,900,373,0,1273
python3-pycryptodome,opensuse_15.2,ubuntu_jammy,0.0,900,306,0,1206
python3-pycryptodome,opensuse_15.2,ubuntu_noble,0.0,900,337,0,1237
python3-pycryptodome,rhel_8,ubuntu_focal,0.0,680,373,0,1053
python3-pycryptodome,rhel_8,ubuntu_jammy,0.0,680,306,0,986
python3-pycryptodome,rhel_8,ubuntu_noble,0.0,680,337,0,1017
python3-pycryptodome,rhel_9,ubuntu_focal,0.0,493,373,0,866
python3-pycryptodome,rhel_9,ubuntu_jammy,0.0,493,306,0,799
python3-pycryptodome,rhel_9,ubuntu_noble,0.0,493,337,0,830
python3-pydantic,arch,debian_bookworm,0.0,322,186,0,508
python3-pydantic,arch,fedora_42,0.0,322,318,0,640
python3-pydantic,arch,rhel_9,0.0,322,284,0,606
python3-pydantic,arch,ubuntu_focal,0.0,322,31,0,353
python3-pydantic,arch,ubuntu_jammy,0.0,322,166,0,488
python3-pydantic,arch,ubuntu_noble,0.0,322,210,0,532
python3-pydbus,debian_bookworm,fedora_42,0.0,24,64,0,88
python3-pydbus,debian_bookworm,fedora_43,0.0,24,64,0,88
python3-pydbus,debian_bookworm,opensuse_15.2,0.0,24,61,0,85
python3-pydbus,debian_bookworm,rhel_8,0.0,24,64,0,88
python3-pydbus,fedora_42,ubuntu_focal,0.0,64,24,0,88
python3-pydbus,fedora_42,ubuntu_jammy,0.0,64,24,0,88
python3-pydbus,fedora_42,ubuntu_noble,0.0,64,24,0,88
python3-pydbus,fedora_43,ubuntu_focal,0.0,64,24,0,88
python3-pydbus,fedora_43,ubuntu_jammy,0.0,64,24,0,88
python3-pydbus,fedora_43,ubuntu_noble,0.0,64,24,0,88
python3-pydbus,opensuse_15.2,ubuntu_focal,0.0,61,24,0,85
python3-pydbus,opensuse_15.2,ubuntu_jammy,0.0,61,24,0,85
python3-pydbus,opensuse_15.2,ubuntu_noble,0.0,61,24,0,85
python3-pydbus,rhel_8,ubuntu_focal,0.0,64,24,0,88
python3-pydbus,rhel_8,ubuntu_jammy,0.0,64,24,0,88
python3-pydbus,rhel_8,ubuntu_noble,0.0,64,24,0,88
python3-pydot,alpine_edge,debian_bookworm,0.0,12,10,0,22
python3-pydot,alpine_edge,fedora_42,0.0,12,18,0,30
python3-pydot,alpine_edge,opensuse_15.2,0.0,12,13,0,25
python3-pydot,alpine_edge,rhel_8,0.0,12,14,0,26
python3-pydot,alpine_edge,rhel_9,0.0,12,14,0,26
python3-pydot,alpine_edge,ubuntu_focal,0.0,12,9,0,21
python3-pydot,alpine_edge,ubuntu_jammy,0.0,12,9,0,21
python3-pydot,alpine_edge,ubuntu_noble,0.0,12,9,0,21
python3-pydot,arch,debian_bookworm,0.0,25,10,0,35
python3-pydot,arch,fedora_42,0.0,25,18,0,43
python3-pydot,arch,opensuse_15.2,0.0,25,13,0,38
python3-pydot,arch,rhel_8,0.0,25,14,0,39
python3-pydot,arch,rhel_9,0.0,25,14,0,39
python3-pydot,arch,ubuntu_focal,0.0,25,9,0,34
python3-pydot,arch,ubuntu_jammy,0.0,25,9,0,34
python3-pydot,arch,ubuntu_noble,0.0,25,9,0,34
python3-pydot,debian_bookworm,fedora_42,0.0,10,18,0,28
python3-pydot,debian_bookworm,fedora_43,0.0,10,30,0,40
python3-pydot,debian_bookworm,opensuse_15.2,0.0,10,13,0,23
python3-pydot,debian_bookworm,rhel_8,0.0,10,14,0,24
python3-pydot,debian_bookworm,rhel_9,0.0,10,14,0,24
python3-pydot,fedora_42,opensuse_15.2,0.0,18,13,0,31
python3-pydot,fedora_42,ubuntu_jammy,0.0,18,9,0,27
python3-pydot,fedora_42,ubuntu_noble,0.0,18,9,0,27
python3-pydot,fedora_43,opensuse_15.2,0.0,30,13,0,43
python3-pydot,fedora_43,ubuntu_jammy,0.0,30,9,0,39
python3-pydot,fedora_43,ubuntu_noble,0.0,30,9,0,39
python3-pydot,opensuse_15.2,ubuntu_focal,0.0,13,9,0,22
python3-pydot,opensuse_15.2,ubuntu_jammy,0.0,13,9,0,22
python3-pydot,opensuse_15.2,ubuntu_noble,0.0,13,9,0,22
python3-pydot,rhel_8,ubuntu_jammy,0.0,14,9,0,23
python3-pydot,rhel_8,ubuntu_noble,0.0,14,9,0,23
python3-pydot,rhel_9,ubuntu_jammy,0.0,14,9,0,23
python3-pydot,rhel_9,ubuntu_noble,0.0,14,9,0,23
python3-pydub,debian_bookworm,opensuse_15.2,0.0,16,38,0,54
python3-pydub,opensuse_15.2,ubuntu_focal,0.0,38,16,0,54
python3-pydub,opensuse_15.2,ubuntu_jammy,0.0,38,16,0,54
python3-pydub,opensuse_15.2,ubuntu_noble,0.0,38,16,0,54
python3-pyee,debian_bookworm,fedora_42,0.0,16,31,0,47
python3-pyee,debian_bookworm,fedora_43,0.0,16,31,0,47
python3-pyee,debian_bookworm,opensuse_15.2,0.0,16,24,0,40
python3-pyee,fedora_42,opensuse_15.2,0.0,31,24,0,55
python3-pyee,fedora_42,ubuntu_focal,0.0,31,6,0,37
python3-pyee,fedora_42,ubuntu_jammy,0.0,31,15,0,46
python3-pyee,fedora_42,ubuntu_noble,0.0,31,15,0,46
python3-pyee,fedora_43,opensuse_15.2,0.0,31,24,0,55
python3-pyee,fedora_43,ubuntu_focal,0.0,31,6,0,37
python3-pyee,fedora_43,ubuntu_jammy,0.0,31,15,0,46
python3-pyee,fedora_43,ubuntu_noble,0.0,31,15,0,46
python3-pyee,opensuse_15.2,ubuntu_focal,0.0,24,6,0,30
python3-pyee,opensuse_15.2,ubuntu_jammy,0.0,24,15,0,39
python3-pyee,opensuse_15.2,ubuntu_noble,0.0,24,15,0,39
python3-pyftpdlib,debian_bookworm,opensuse_15.2,0.0,30,70,0,100
python3-pyftpdlib,opensuse_15.2,ubuntu_focal,0.0,70,28,0,98
python3-pyftpdlib,opensuse_15.2,ubuntu_jammy,0.0,70,28,0,98
python3-pyftpdlib,opensuse_15.2,ubuntu_noble,0.0,70,31,0,101
python3-pygame,debian_bookworm,fedora_42,0.0,143,958,0,1101
python3-pygame,debian_bookworm,fedora_43,0.0,143,957,0,1100
python3-pygame,fedora_42,ubuntu_focal,0.0,958,89,0,1047
python3-pygame,fedora_42,ubuntu_jammy,0.0,958,142,0,1100
python3-pygame,fedora_42,ubuntu_noble,0.0,958,150,0,1108
python3-pygame,fedora_43,ubuntu_focal,0.0,957,89,0,1046
python3-pygame,fedora_43,ubuntu_jammy,0.0,957,142,0,1099
python3-pygame,fedora_43,ubuntu_noble,0.0,957,150,0,1107
python3-pygit2,alpine_edge,debian_bookworm,0.0,67,58,0,125
python3-pygit2,alpine_edge,fedora_42,0.0,67,112,0,179
python3-pygit2,alpine_edge,fedora_43,0.0,67,115,0,182
python3-pygit2,alpine_edge,opensuse_15.2,0.0,67,61,0,128
python3-pygit2,alpine_edge,rhel_8,0.0,67,65,0,132
python3-pygit2,alpine_edge,rhel_9,0.0,67,111,0,178
python3-pygit2,alpine_edge,ubuntu_focal,0.0,67,52,0,119
python3-pygit2,alpine_edge,ubuntu_jammy,0.0,67,55,0,122
python3-pygit2,alpine_edge,ubuntu_noble,0.0,67,63,0,130
python3-pygit2,debian_bookworm,fedora_42,0.0,58,112,0,170
python3-pygit2,debian_bookworm,fedora_43,0.0,58,115,0,173
python3-pygit2,debian_bookworm,opensuse_15.2,0.0,58,61,0,119
python3-pygit2,debian_bookworm,rhel_8,0.0,58,65,0,123
python3-pygit2,debian_bookworm,rhel_9,0.0,58,111,0,169
python3-pygit2,fedora_42,ubuntu_focal,0.0,112,52,0,164
python3-pygit2,fedora_42,ubuntu_jammy,0.0,112,55,0,167
python3-pygit2,fedora_42,ubuntu_noble,0.0,112,63,0,175
python3-pygit2,fedora_43,opensuse_15.2,0.0,115,61,0,176
python3-pygit2,fedora_43,rhel_8,0.0,115,65,0,180
python3-pygit2,fedora_43,ubuntu_focal,0.0,115,52,0,167
python3-pygit2,fedora_43,ubuntu_jammy,0.0,115,55,0,170
python3-pygit2,fedora_43,ubuntu_noble,0.0,115,63,0,178
python3-pygit2,opensuse_15.2,ubuntu_focal,0.0,61,52,0,113
python3-pygit2,opensuse_15.2,ubuntu_jammy,0.0,61,55,0,116
python3-pygit2,opensuse_15.2,ubuntu_noble,0.0,61,63,0,124
python3-pygit2,rhel_8,ubuntu_focal,0.0,65,52,0,117
python3-pygit2,rhel_8,ubuntu_jammy,0.0,65,55,0,120
python3-pygit2,rhel_8,ubuntu_noble,0.0,65,63,0,128
python3-pygit2,rhel_9,ubuntu_focal,0.0,111,52,0,163
python3-pygit2,rhel_9,ubuntu_jammy,0.0,111,55,0,166
python3-pygit2,rhel_9,ubuntu_noble,0.0,111,63,0,174
python3-pygraphviz,alpine_edge,debian_bookworm,0.0,29,29,0,58
python3-pygraphviz,alpine_edge,fedora_42,0.0,29,72,0,101
python3-pygraphviz,alpine_edge,fedora_43,0.0,29,72,0,101
python3-pygraphviz,alpine_edge,opensuse_15.2,0.0,29,72,0,101
python3-pygraphviz,alpine_edge,rhel_8,0.0,29,75,0,104
python3-pygraphviz,alpine_edge,rhel_9,0.0,29,87,0,116
python3-pygraphviz,alpine_edge,ubuntu_focal,0.0,29,30,0,59
python3-pygraphviz,alpine_edge,ubuntu_jammy,0.0,29,28,0,57
python3-pygraphviz,alpine_edge,ubuntu_noble,0.0,29,28,0,57
python3-pygraphviz,debian_bookworm,fedora_42,0.0,29,72,0,101
python3-pygraphviz,debian_bookworm,fedora_43,0.0,29,72,0,101
python3-pygraphviz,debian_bookworm,opensuse_15.2,0.0,29,72,0,101
python3-pygraphviz,debian_bookworm,rhel_8,0.0,29,75,0,104
python3-pygraphviz,debian_bookworm,rhel_9,0.0,29,87,0,116
python3-pygraphviz,fedora_42,opensuse_15.2,0.0,72,72,0,144
python3-pygraphviz,fedora_42,ubuntu_focal,0.0,72,30,0,102
python3-pygraphviz,fedora_42,ubuntu_jammy,0.0,72,28,0,100
python3-pygraphviz,fedora_42,ubuntu_noble,0.0,72,28,0,100
python3-pygraphviz,fedora_43,opensuse_15.2,0.0,72,72,0,144
python3-pygraphviz,fedora_43,ubuntu_focal,0.0,72,30,0,102
python3-pygraphviz,fedora_43,ubuntu_jammy,0.0,72,28,0,100
python3-pygraphviz,fedora_43,ubuntu_noble,0.0,72,28,0,100
python3-pygraphviz,opensuse_15.2,rhel_9,0.0,72,87,0,159
python3-pygraphviz,opensuse_15.2,ubuntu_focal,0.0,72,30,0,102
python3-pygraphviz,opensuse_15.2,ubuntu_jammy,0.0,72,28,0,100
python3-pygraphviz,opensuse_15.2,ubuntu_noble,0.0,72,28,0,100
python3-pygraphviz,rhel_8,ubuntu_focal,0.0,75,30,0,105
python3-pygraphviz,rhel_8,ubuntu_jammy,0.0,75,28,0,103
python3-pygraphviz,rhel_8,ubuntu_noble,0.0,75,28,0,103
python3-pygraphviz,rhel_9,ubuntu_focal,0.0,87,30,0,117
python3-pygraphviz,rhel_9,ubuntu_jammy,0.0,87,28,0,115
python3-pygraphviz,rhel_9,ubuntu_noble,0.0,87,28,0,115
python3-pyinotify,alpine_edge,debian_bookworm,0.0,6,4,0,10
python3-pyinotify,alpine_edge,fedora_42,0.0,6,12,0,18
python3-pyinotify,alpine_edge,opensuse_15.2,0.0,6,16,0,22
python3-pyinotify,alpine_edge,rhel_8,0.0,6,12,0,18
python3-pyinotify,alpine_edge,rhel_9,0.0,6,12,0,18
python3-pyinotify,alpine_edge,ubuntu_focal,0.0,6,4,0,10
python3-pyinotify,alpine_edge,ubuntu_jammy,0.0,6,4,0,10
python3-pyinotify,alpine_edge,ubuntu_noble,0.0,6,6,0,12
python3-pyinotify,arch,debian_bookworm,0.0,8,4,0,12
python3-pyinotify,arch,fedora_42,0.0,8,12,0,20
python3-pyinotify,arch,opensuse_15.2,0.0,8,16,0,24
python3-pyinotify,arch,rhel_8,0.0,8,12,0,20
python3-pyinotify,arch,rhel_9,0.0,8,12,0,20
python3-pyinotify,arch,ubuntu_focal,0.0,8,4,0,12
python3-pyinotify,arch,ubuntu_jammy,0.0,8,4,0,12
python3-pyinotify,arch,ubuntu_noble,0.0,8,6,0,14
python3-pyinotify,debian_bookworm,fedora_42,0.0,4,12,0,16
python3-pyinotify,debian_bookworm,fedora_43,0.0,4,12,0,16
python3-pyinotify,debian_bookworm,opensuse_15.2,0.0,4,16,0,20
python3-pyinotify,debian_bookworm,rhel_8,0.0,4,12,0,16
python3-pyinotify,debian_bookworm,rhel_9,0.0,4,12,0,16
python3-pyinotify,fedora_42,ubuntu_focal,0.0,12,4,0,16
python3-pyinotify,fedora_42,ubuntu_jammy,0.0,12,4,0,16
python3-pyinotify,fedora_42,ubuntu_noble,0.0,12,6,0,18
python3-pyinotify,fedora_43,ubuntu_focal,0.0,12,4,0,16
python3-pyinotify,fedora_43,ubuntu_jammy,0.0,12,4,0,16
python3-pyinotify,fedora_43,ubuntu_noble,0.0,12,6,0,18
python3-pyinotify,opensuse_15.2,ubuntu_focal,0.0,16,4,0,20
python3-pyinotify,opensuse_15.2,ubuntu_jammy,0.0,16,4,0,20
python3-pyinotify,opensuse_15.2,ubuntu_noble,0.0,16,6,0,22
python3-pyinotify,rhel_8,ubuntu_focal,0.0,12,4,0,16
python3-pyinotify,rhel_8,ubuntu_jammy,0.0,12,4,0,16
python3-pyinotify,rhel_8,ubuntu_noble,0.0,12,6,0,18
python3-pyinotify,rhel_9,ubuntu_focal,0.0,12,4,0,16
python3-pyinotify,rhel_9,ubuntu_jammy,0.0,12,4,0,16
python3-pyinotify,rhel_9,ubuntu_noble,0.0,12,6,0,18
python3-pykdl,debian_bookworm,rhel_8,0.0,4,2,0,6
python3-pykdl,debian_bookworm,rhel_9,0.0,4,2,0,6
python3-pykdl,rhel_8,rhel_9,0.0,2,2,0,4
python3-pykdl,rhel_8,ubuntu_focal,0.0,2,4,0,6
python3-pykdl,rhel_8,ubuntu_jammy,0.0,2,3,0,5
python3-pykdl,rhel_8,ubuntu_noble,0.0,2,3,0,5
python3-pykdl,rhel_9,ubuntu_focal,0.0,2,4,0,6
python3-pykdl,rhel_9,ubuntu_jammy,0.0,2,3,0,5
python3-pykdl,rhel_9,ubuntu_noble,0.0,2,3,0,5
python3-pylatexenc,debian_bookworm,pypi,0.0,31,34,0,65
python3-pylatexenc,pypi,ubuntu_jammy,0.0,34,30,0,64
python3-pylatexenc,pypi,ubuntu_noble,0.0,34,30,0,64
python3-pylibdmtx,debian_bookworm,pypi,0.0,27,22,0,49
python3-pylibdmtx,pypi,ubuntu_jammy,0.0,22,26,0,48
python3-pylibdmtx,pypi,ubuntu_noble,0.0,22,26,0,48
python3-pymongo,arch,debian_bookworm,0.0,442,67,0,509
python3-pymongo,arch,fedora_42,0.0,442,178,0,620
python3-pymongo,arch,fedora_43,0.0,442,349,0,791
python3-pymongo,arch,ubuntu_focal,0.0,442,60,0,502
python3-pymongo,arch,ubuntu_jammy,0.0,442,66,0,508
python3-pymongo,arch,ubuntu_noble,0.0,442,66,0,508
python3-pymongo,debian_bookworm,fedora_42,0.0,67,178,0,245
python3-pymongo,debian_bookworm,fedora_43,0.0,67,349,0,416
python3-pymongo,fedora_42,ubuntu_focal,0.0,178,60,0,238
python3-pymongo,fedora_42,ubuntu_jammy,0.0,178,66,0,244
python3-pymongo,fedora_42,ubuntu_noble,0.0,178,66,0,244
python3-pymongo,fedora_43,ubuntu_focal,0.0,349,60,0,409
python3-pymongo,fedora_43,ubuntu_jammy,0.0,349,66,0,415
python3-pymongo,fedora_43,ubuntu_noble,0.0,349,66,0,415
python3-pynmea2,debian_bookworm,pypi,0.0,26,26,0,52
python3-pynmea2,pypi,ubuntu_focal,0.0,26,26,0,52
python3-pynmea2,pypi,ubuntu_jammy,0.0,26,26,0,52
python3-pynmea2,pypi,ubuntu_noble,0.0,26,30,0,56
python3-pyosmium,debian_bookworm,fedora_42,0.0,47,102,0,149
python3-pyosmium,debian_bookworm,fedora_43,0.0,47,113,0,160
python3-pyosmium,fedora_42,ubuntu_focal,0.0,102,34,0,136
python3-pyosmium,fedora_42,ubuntu_jammy,0.0,102,36,0,138
python3-pyosmium,fedora_42,ubuntu_noble,0.0,102,45,0,147
python3-pyosmium,fedora_43,ubuntu_focal,0.0,113,34,0,147
python3-pyosmium,fedora_43,ubuntu_jammy,0.0,113,36,0,149
python3-pyosmium,fedora_43,ubuntu_noble,0.0,113,45,0,158
python3-pyotp,arch,debian_bookworm,0.0,36,14,0,50
python3-pyotp,arch,fedora_42,0.0,36,33,0,69
python3-pyotp,arch,opensuse_15.2,0.0,36,25,0,61
python3-pyotp,arch,rhel_9,0.0,36,33,0,69
python3-pyotp,arch,ubuntu_focal,0.0,36,13,0,49
python3-pyotp,arch,ubuntu_jammy,0.0,36,13,0,49
python3-pyotp,arch,ubuntu_noble,0.0,36,17,0,53
python3-pyotp,debian_bookworm,fedora_42,0.0,14,33,0,47
python3-pyotp,debian_bookworm,fedora_43,0.0,14,33,0,47
python3-pyotp,debian_bookworm,opensuse_15.2,0.0,14,25,0,39
python3-pyotp,debian_bookworm,rhel_9,0.0,14,33,0,47
python3-pyotp,fedora_42,ubuntu_focal,0.0,33,13,0,46
python3-pyotp,fedora_42,ubuntu_jammy,0.0,33,13,0,46
python3-pyotp,fedora_42,ubuntu_noble,0.0,33,17,0,50
python3-pyotp,fedora_43,ubuntu_focal,0.0,33,13,0,46
python3-pyotp,fedora_43,ubuntu_jammy,0.0,33,13,0,46
python3-pyotp,fedora_43,ubuntu_noble,0.0,33,17,0,50
python3-pyotp,opensuse_15.2,ubuntu_focal,0.0,25,13,0,38
python3-pyotp,opensuse_15.2,ubuntu_jammy,0.0,25,13,0,38
python3-pyotp,opensuse_15.2,ubuntu_noble,0.0,25,17,0,42
python3-pyotp,rhel_9,ubuntu_focal,0.0,33,13,0,46
python3-pyotp,rhel_9,ubuntu_jammy,0.0,33,13,0,46
python3-pyotp,rhel_9,ubuntu_noble,0.0,33,17,0,50
python3-pyparsing,arch,debian_bookworm,0.0,55,18,0,73
python3-pyparsing,arch,fedora_42,0.0,55,41,0,96
python3-pyparsing,arch,opensuse_15.2,0.0,55,10,0,65
python3-pyparsing,arch,ubuntu_focal,0.0,55,6,0,61
python3-pyparsing,arch,ubuntu_jammy,0.0,55,6,0,61
python3-pyparsing,arch,ubuntu_noble,0.0,55,17,0,72
python3-pyparsing,debian_bookworm,fedora_42,0.0,18,41,0,59
python3-pyparsing,debian_bookworm,fedora_43,0.0,18,41,0,59
python3-pyparsing,debian_bookworm,opensuse_15.2,0.0,18,10,0,28
python3-pyparsing,fedora_42,opensuse_15.2,0.0,41,10,0,51
python3-pyparsing,fedora_42,ubuntu_focal,0.0,41,6,0,47
python3-pyparsing,fedora_42,ubuntu_jammy,0.0,41,6,0,47
python3-pyparsing,fedora_42,ubuntu_noble,0.0,41,17,0,58
python3-pyparsing,fedora_43,opensuse_15.2,0.0,41,10,0,51
python3-pyparsing,fedora_43,ubuntu_focal,0.0,41,6,0,47
python3-pyparsing,fedora_43,ubuntu_jammy,0.0,41,6,0,47
python3-pyparsing,fedora_43,ubuntu_noble,0.0,41,17,0,58
python3-pyparsing,opensuse_15.2,ubuntu_focal,0.0,10,6,0,16
python3-pyparsing,opensuse_15.2,ubuntu_jammy,0.0,10,6,0,16
python3-pyparsing,opensuse_15.2,ubuntu_noble,0.0,10,17,0,27
python3-pypng,arch,debian_bookworm,0.0,21,8,0,29
python3-pypng,arch,ubuntu_focal,0.0,21,6,0,27
python3-pypng,arch,ubuntu_jammy,0.0,21,6,0,27
python3-pypng,arch,ubuntu_noble,0.0,21,7,0,28
python3-pypng,debian_bookworm,fedora_42,0.0,8,19,0,27
python3-pypng,debian_bookworm,fedora_43,0.0,8,19,0,27
python3-pypng,fedora_42,ubuntu_focal,0.0,19,6,0,25
python3-pypng,fedora_42,ubuntu_jammy,0.0,19,6,0,25
python3-pypng,fedora_42,ubuntu_noble,0.0,19,7,0,26
python3-pypng,fedora_43,ubuntu_focal,0.0,19,6,0,25
python3-pypng,fedora_43,ubuntu_jammy,0.0,19,6,0,25
python3-pypng,fedora_43,ubuntu_noble,0.0,19,7,0,26
python3-pyproj,arch,rhel_8,0.0,107,174,0,281
python3-pyproj,arch,ubuntu_focal,0.0,107,30,0,137
python3-pyproj,debian_bookworm,rhel_8,0.0,51,174,0,225
python3-pyproj,fedora_42,ubuntu_focal,0.0,118,30,0,148
python3-pyproj,fedora_43,ubuntu_focal,0.0,118,30,0,148
python3-pyproj,rhel_8,ubuntu_focal,0.0,174,30,0,204
python3-pyproj,rhel_8,ubuntu_jammy,0.0,174,50,0,224
python3-pyproj,rhel_8,ubuntu_noble,0.0,174,65,0,239
python3-pyproj,rhel_9,ubuntu_focal,0.0,98,30,0,128
python3-pyqrcode,arch,debian_bookworm,0.0,109,9,0,118
python3-pyqrcode,arch,ubuntu_focal,0.0,109,9,0,118
python3-pyqrcode,arch,ubuntu_jammy,0.0,109,9,0,118
python3-pyqrcode,arch,ubuntu_noble,0.0,109,9,0,118
python3-pyqt6.qtwebengine,debian_bookworm,fedora_42,0.0,12,11,0,23
python3-pyqt6.qtwebengine,debian_bookworm,fedora_43,0.0,12,11,0,23
python3-pyqt6.qtwebengine,debian_bookworm,pypi,0.0,12,57,0,69
python3-pyqt6.qtwebengine,fedora_42,pypi,0.0,11,57,0,68
python3-pyqt6.qtwebengine,fedora_42,ubuntu_noble,0.0,11,11,0,22
python3-pyqt6.qtwebengine,fedora_43,pypi,0.0,11,57,0,68
python3-pyqt6.qtwebengine,fedora_43,ubuntu_noble,0.0,11,11,0,22
python3-pyqt6.qtwebengine,pypi,ubuntu_noble,0.0,57,11,0,68
python3-pyqtgraph,debian_bookworm,fedora_42,0.0,443,770,0,1213
python3-pyqtgraph,debian_bookworm,fedora_43,0.0,443,1157,0,1600
python3-pyqtgraph,fedora_42,ubuntu_focal,0.0,770,353,0,1123
python3-pyqtgraph,fedora_42,ubuntu_jammy,0.0,770,463,0,1233
python3-pyqtgraph,fedora_42,ubuntu_noble,0.0,770,439,0,1209
python3-pyqtgraph,fedora_43,ubuntu_focal,0.0,1157,353,0,1510
python3-pyqtgraph,fedora_43,ubuntu_jammy,0.0,1157,463,0,1620
python3-pyqtgraph,fedora_43,ubuntu_noble,0.0,1157,439,0,1596
python3-pyside2.qtcore,debian_bookworm,rhel_9,0.0,4,105,0,109
python3-pyside2.qtcore,rhel_9,ubuntu_focal,0.0,105,3,0,108
python3-pyside2.qtcore,rhel_9,ubuntu_jammy,0.0,105,3,0,108
python3-pyside2.qtcore,rhel_9,ubuntu_noble,0.0,105,3,0,108
python3-pyside2.qtgui,debian_bookworm,rhel_9,0.0,4,105,0,109
python3-pyside2.qtgui,rhel_9,ubuntu_focal,0.0,105,3,0,108
python3-pyside2.qtgui,rhel_9,ubuntu_jammy,0.0,105,3,0,108
python3-pyside2.qtgui,rhel_9,ubuntu_noble,0.0,105,3,0,108
python3-pyside2.qtqml,debian_bookworm,rhel_9,0.0,4,105,0,109
python3-pyside2.qtqml,rhel_9,ubuntu_focal,0.0,105,3,0,108
python3-pyside2.qtqml,rhel_9,ubuntu_jammy,0.0,105,3,0,108
python3-pyside2.qtqml,rhel_9,ubuntu_noble,0.0,105,3,0,108
python3-pyside2.qtuitools,debian_bookworm,rhel_9,0.0,4,105,0,109
python3-pyside2.qtuitools,rhel_9,ubuntu_focal,0.0,105,3,0,108
python3-pyside2.qtuitools,rhel_9,ubuntu_jammy,0.0,105,3,0,108
python3-pyside2.qtuitools,rhel_9,ubuntu_noble,0.0,105,3,0,108
python3-pyside2.qtwidgets,debian_bookworm,rhel_9,0.0,4,105,0,109
python3-pyside2.qtwidgets,rhel_9,ubuntu_focal,0.0,105,3,0,108
python3-pyside2.qtwidgets,rhel_9,ubuntu_jammy,0.0,105,3,0,108
python3-pyside2.qtwidgets,rhel_9,ubuntu_noble,0.0,105,3,0,108
python3-pysnmp,debian_bookworm,fedora_42,0.0,183,816,0,999
python3-pysnmp,debian_bookworm,fedora_43,0.0,183,630,0,813
python3-pysnmp,debian_bookworm,opensuse_15.2,0.0,183,813,0,996
python3-pysnmp,debian_bookworm,rhel_8,0.0,183,816,0,999
python3-pysnmp,debian_bookworm,rhel_9,0.0,183,630,0,813
python3-pysnmp,fedora_42,ubuntu_focal,0.0,816,182,0,998
python3-pysnmp,fedora_42,ubuntu_jammy,0.0,816,182,0,998
python3-pysnmp,fedora_42,ubuntu_noble,0.0,816,182,0,998
python3-pysnmp,fedora_43,ubuntu_focal,0.0,630,182,0,812
python3-pysnmp,fedora_43,ubuntu_jammy,0.0,630,182,0,812
python3-pysnmp,fedora_43,ubuntu_noble,0.0,630,182,0,812
python3-pysnmp,opensuse_15.2,ubuntu_focal,0.0,813,182,0,995
python3-pysnmp,opensuse_15.2,ubuntu_jammy,0.0,813,182,0,995
python3-pysnmp,opensuse_15.2,ubuntu_noble,0.0,813,182,0,995
python3-pysnmp,rhel_8,ubuntu_focal,0.0,816,182,0,998
python3-pysnmp,rhel_8,ubuntu_jammy,0.0,816,182,0,998
python3-pysnmp,rhel_8,ubuntu_noble,0.0,816,182,0,998
python3-pysnmp,rhel_9,ubuntu_focal,0.0,630,182,0,812
python3-pysnmp,rhel_9,ubuntu_jammy,0.0,630,182,0,812
python3-pysnmp,rhel_9,ubuntu_noble,0.0,630,182,0,812
python3-pysnmp-mibs,debian_bookworm,fedora_42,0.0,274,830,0,1104
python3-pysnmp-mibs,debian_bookworm,fedora_43,0.0,274,830,0,1104
python3-pysnmp-mibs,debian_bookworm,pypi,0.0,274,281,0,555
python3-pysnmp-mibs,fedora_42,pypi,0.0,830,281,0,1111
python3-pysnmp-mibs,fedora_42,ubuntu_focal,0.0,830,273,0,1103
python3-pysnmp-mibs,fedora_42,ubuntu_jammy,0.0,830,273,0,1103
python3-pysnmp-mibs,fedora_42,ubuntu_noble,0.0,830,273,0,1103
python3-pysnmp-mibs,fedora_43,pypi,0.0,830,281,0,1111
python3-pysnmp-mibs,fedora_43,ubuntu_focal,0.0,830,273,0,1103
python3-pysnmp-mibs,fedora_43,ubuntu_jammy,0.0,830,273,0,1103
python3-pysnmp-mibs,fedora_43,ubuntu_noble,0.0,830,273,0,1103
python3-pysnmp-mibs,pypi,ubuntu_focal,0.0,281,273,0,554
python3-pysnmp-mibs,pypi,ubuntu_jammy,0.0,281,273,0,554
python3-pysnmp-mibs,pypi,ubuntu_noble,0.0,281,273,0,554
python3-pystemd,fedora_42,ubuntu_focal,0.0,76,25,0,101
python3-pystemd,fedora_42,ubuntu_jammy,0.0,76,25,0,101
python3-pystemd,fedora_42,ubuntu_noble,0.0,76,46,0,122
python3-pystemd,fedora_43,ubuntu_focal,0.0,75,25,0,100
python3-pystemd,fedora_43,ubuntu_jammy,0.0,75,25,0,100
python3-pystemd,fedora_43,ubuntu_noble,0.0,75,46,0,121
python3-pystemd,rhel_8,ubuntu_focal,0.0,69,25,0,94
python3-pystemd,rhel_8,ubuntu_jammy,0.0,69,25,0,94
python3-pystemd,rhel_8,ubuntu_noble,0.0,69,46,0,115
python3-pystemd,rhel_9,ubuntu_focal,0.0,68,25,0,93
python3-pystemd,rhel_9,ubuntu_jammy,0.0,68,25,0,93
python3-pystemd,rhel_9,ubuntu_noble,0.0,68,46,0,114
python3-pytest,arch,rhel_8,0.0,228,480,0,708
python3-pytest,arch,ubuntu_focal,0.0,228,71,0,299
python3-pytest,arch,ubuntu_jammy,0.0,228,80,0,308
python3-pytest,opensuse_15.2,ubuntu_focal,0.0,183,71,0,254
python3-pytest,opensuse_15.2,ubuntu_jammy,0.0,183,80,0,263
python3-pytest-asyncio,alpine_edge,debian_bookworm,0.0,9,12,0,21
python3-pytest-asyncio,alpine_edge,fedora_42,0.0,9,17,0,26
python3-pytest-asyncio,alpine_edge,opensuse_15.2,0.0,9,14,0,23
python3-pytest-asyncio,alpine_edge,rhel_8,0.0,9,15,0,24
python3-pytest-asyncio,alpine_edge,rhel_9,0.0,9,17,0,26
python3-pytest-asyncio,alpine_edge,ubuntu_focal,0.0,9,9,0,18
python3-pytest-asyncio,alpine_edge,ubuntu_jammy,0.0,9,11,0,20
python3-pytest-asyncio,alpine_edge,ubuntu_noble,0.0,9,11,0,20
python3-pytest-asyncio,arch,debian_bookworm,0.0,13,12,0,25
python3-pytest-asyncio,arch,fedora_42,0.0,13,17,0,30
python3-pytest-asyncio,arch,opensuse_15.2,0.0,13,14,0,27
python3-pytest-asyncio,arch,rhel_8,0.0,13,15,0,28
python3-pytest-asyncio,arch,rhel_9,0.0,13,17,0,30
python3-pytest-asyncio,arch,ubuntu_focal,0.0,13,9,0,22
python3-pytest-asyncio,arch,ubuntu_jammy,0.0,13,11,0,24
python3-pytest-asyncio,arch,ubuntu_noble,0.0,13,11,0,24
python3-pytest-asyncio,debian_bookworm,fedora_42,0.0,12,17,0,29
python3-pytest-asyncio,debian_bookworm,fedora_43,0.0,12,17,0,29
python3-pytest-asyncio,debian_bookworm,opensuse_15.2,0.0,12,14,0,26
python3-pytest-asyncio,debian_bookworm,rhel_8,0.0,12,15,0,27
python3-pytest-asyncio,debian_bookworm,rhel_9,0.0,12,17,0,29
python3-pytest-asyncio,fedora_42,opensuse_15.2,0.0,17,14,0,31
python3-pytest-asyncio,fedora_42,ubuntu_focal,0.0,17,9,0,26
python3-pytest-asyncio,fedora_42,ubuntu_jammy,0.0,17,11,0,28
python3-pytest-asyncio,fedora_42,ubuntu_noble,0.0,17,11,0,28
python3-pytest-asyncio,fedora_43,opensuse_15.2,0.0,17,14,0,31
python3-pytest-asyncio,fedora_43,ubuntu_focal,0.0,17,9,0,26
python3-pytest-asyncio,fedora_43,ubuntu_jammy,0.0,17,11,0,28
python3-pytest-asyncio,fedora_43,ubuntu_noble,0.0,17,11,0,28
python3-pytest-asyncio,opensuse_15.2,rhel_9,0.0,14,17,0,31
python3-pytest-asyncio,opensuse_15.2,ubuntu_focal,0.0,14,9,0,23
python3-pytest-asyncio,opensuse_15.2,ubuntu_jammy,0.0,14,11,0,25
python3-pytest-asyncio,opensuse_15.2,ubuntu_noble,0.0,14,11,0,25
python3-pytest-asyncio,rhel_8,ubuntu_focal,0.0,15,9,0,24
python3-pytest-asyncio,rhel_8,ubuntu_jammy,0.0,15,11,0,26
python3-pytest-asyncio,rhel_8,ubuntu_noble,0.0,15,11,0,26
python3-pytest-asyncio,rhel_9,ubuntu_focal,0.0,17,9,0,26
python3-pytest-asyncio,rhel_9,ubuntu_jammy,0.0,17,11,0,28
python3-pytest-asyncio,rhel_9,ubuntu_noble,0.0,17,11,0,28
python3-pytest-benchmark,debian_bookworm,fedora_42,0.0,29,68,0,97
python3-pytest-benchmark,debian_bookworm,fedora_43,0.0,29,67,0,96
python3-pytest-benchmark,debian_bookworm,opensuse_15.2,0.0,29,74,0,103
python3-pytest-benchmark,debian_bookworm,rhel_8,0.0,29,71,0,100
python3-pytest-benchmark,debian_bookworm,rhel_9,0.0,29,71,0,100
python3-pytest-benchmark,fedora_42,ubuntu_focal,0.0,68,28,0,96
python3-pytest-benchmark,fedora_42,ubuntu_jammy,0.0,68,28,0,96
python3-pytest-benchmark,fedora_42,ubuntu_noble,0.0,68,26,0,94
python3-pytest-benchmark,fedora_43,ubuntu_focal,0.0,67,28,0,95
python3-pytest-benchmark,fedora_43,ubuntu_jammy,0.0,67,28,0,95
python3-pytest-benchmark,fedora_43,ubuntu_noble,0.0,67,26,0,93
python3-pytest-benchmark,opensuse_15.2,ubuntu_focal,0.0,74,28,0,102
python3-pytest-benchmark,opensuse_15.2,ubuntu_jammy,0.0,74,28,0,102
python3-pytest-benchmark,opensuse_15.2,ubuntu_noble,0.0,74,26,0,100
python3-pytest-benchmark,rhel_8,ubuntu_focal,0.0,71,28,0,99
python3-pytest-benchmark,rhel_8,ubuntu_jammy,0.0,71,28,0,99
python3-pytest-benchmark,rhel_8,ubuntu_noble,0.0,71,26,0,97
python3-pytest-benchmark,rhel_9,ubuntu_focal,0.0,71,28,0,99
python3-pytest-benchmark,rhel_9,ubuntu_jammy,0.0,71,28,0,99
python3-pytest-benchmark,rhel_9,ubuntu_noble,0.0,71,26,0,97
python3-pytest-cov,alpine_edge,debian_bookworm,0.0,13,16,0,29
python3-pytest-cov,alpine_edge,fedora_42,0.0,13,28,0,41
python3-pytest-cov,alpine_edge,rhel_8,0.0,13,28,0,41
python3-pytest-cov,alpine_edge,rhel_9,0.0,13,28,0,41
python3-pytest-cov,alpine_edge,ubuntu_focal,0.0,13,15,0,28
python3-pytest-cov,alpine_edge,ubuntu_jammy,0.0,13,15,0,28
python3-pytest-cov,alpine_edge,ubuntu_noble,0.0,13,15,0,28
python3-pytest-cov,arch,debian_bookworm,0.0,24,16,0,40
python3-pytest-cov,arch,fedora_42,0.0,24,28,0,52
python3-pytest-cov,arch,rhel_8,0.0,24,28,0,52
python3-pytest-cov,arch,rhel_9,0.0,24,28,0,52
python3-pytest-cov,arch,ubuntu_focal,0.0,24,15,0,39
python3-pytest-cov,arch,ubuntu_jammy,0.0,24,15,0,39
python3-pytest-cov,arch,ubuntu_noble,0.0,24,15,0,39
python3-pytest-cov,debian_bookworm,fedora_42,0.0,16,28,0,44
python3-pytest-cov,debian_bookworm,fedora_43,0.0,16,28,0,44
python3-pytest-cov,debian_bookworm,rhel_8,0.0,16,28,0,44
python3-pytest-cov,debian_bookworm,rhel_9,0.0,16,28,0,44
python3-pytest-cov,fedora_42,ubuntu_focal,0.0,28,15,0,43
python3-pytest-cov,fedora_42,ubuntu_jammy,0.0,28,15,0,43
python3-pytest-cov,fedora_42,ubuntu_noble,0.0,28,15,0,43
python3-pytest-cov,fedora_43,ubuntu_focal,0.0,28,15,0,43
python3-pytest-cov,fedora_43,ubuntu_jammy,0.0,28,15,0,43
python3-pytest-cov,fedora_43,ubuntu_noble,0.0,28,15,0,43
python3-pytest-cov,rhel_8,ubuntu_focal,0.0,28,15,0,43
python3-pytest-cov,rhel_8,ubuntu_jammy,0.0,28,15,0,43
python3-pytest-cov,rhel_8,ubuntu_noble,0.0,28,15,0,43
python3-pytest-cov,rhel_9,ubuntu_focal,0.0,28,15,0,43
python3-pytest-cov,rhel_9,ubuntu_jammy,0.0,28,15,0,43
python3-pytest-cov,rhel_9,ubuntu_noble,0.0,28,15,0,43
python3-pytest-mock,alpine_edge,debian_bookworm,0.0,11,15,0,26
python3-pytest-mock,alpine_edge,fedora_42,0.0,11,22,0,33
python3-pytest-mock,alpine_edge,opensuse_15.2,0.0,11,17,0,28
python3-pytest-mock,alpine_edge,rhel_8,0.0,11,14,0,25
python3-pytest-mock,alpine_edge,rhel_9,0.0,11,22,0,33
python3-pytest-mock,alpine_edge,ubuntu_focal,0.0,11,10,0,21
python3-pytest-mock,alpine_edge,ubuntu_jammy,0.0,11,13,0,24
python3-pytest-mock,alpine_edge,ubuntu_noble,0.0,11,14,0,25
python3-pytest-mock,arch,debian_bookworm,0.0,19,15,0,34
python3-pytest-mock,arch,fedora_42,0.0,19,22,0,41
python3-pytest-mock,arch,opensuse_15.2,0.0,19,17,0,36
python3-pytest-mock,arch,rhel_8,0.0,19,14,0,33
python3-pytest-mock,arch,rhel_9,0.0,19,22,0,41
python3-pytest-mock,arch,ubuntu_focal,0.0,19,10,0,29
python3-pytest-mock,arch,ubuntu_jammy,0.0,19,13,0,32
python3-pytest-mock,arch,ubuntu_noble,0.0,19,14,0,33
python3-pytest-mock,debian_bookworm,opensuse_15.2,0.0,15,17,0,32
python3-pytest-mock,fedora_42,ubuntu_focal,0.0,22,10,0,32
python3-pytest-mock,fedora_42,ubuntu_jammy,0.0,22,13,0,35
python3-pytest-mock,fedora_43,ubuntu_focal,0.0,22,10,0,32
python3-pytest-mock,fedora_43,ubuntu_jammy,0.0,22,13,0,35
python3-pytest-mock,opensuse_15.2,ubuntu_focal,0.0,17,10,0,27
python3-pytest-mock,opensuse_15.2,ubuntu_jammy,0.0,17,13,0,30
python3-pytest-mock,opensuse_15.2,ubuntu_noble,0.0,17,14,0,31
python3-pytest-mock,rhel_8,ubuntu_focal,0.0,14,10,0,24
python3-pytest-mock,rhel_8,ubuntu_jammy,0.0,14,13,0,27
python3-pytest-mock,rhel_9,ubuntu_focal,0.0,22,10,0,32
python3-pytest-mock,rhel_9,ubuntu_jammy,0.0,22,13,0,35
python3-pytest-order,arch,debian_bookworm,0.0,22,15,0,37
python3-pytest-order,arch,ubuntu_jammy,0.0,22,14,0,36
python3-pytest-order,arch,ubuntu_noble,0.0,22,14,0,36
python3-pytest-pylint,debian_bookworm,pypi,0.0,12,10,0,22
python3-pytest-pylint,pypi,ubuntu_focal,0.0,10,11,0,21
python3-pytest-pylint,pypi,ubuntu_jammy,0.0,10,11,0,21
python3-pytest-pylint,pypi,ubuntu_noble,0.0,10,11,0,21
python3-pytest-timeout,arch,debian_bookworm,0.0,10,9,0,19
python3-pytest-timeout,arch,fedora_42,0.0,10,10,0,20
python3-pytest-timeout,arch,opensuse_15.2,0.0,10,11,0,21
python3-pytest-timeout,arch,rhel_8,0.0,10,11,0,21
python3-pytest-timeout,arch,rhel_9,0.0,10,11,0,21
python3-pytest-timeout,arch,ubuntu_focal,0.0,10,9,0,19
python3-pytest-timeout,arch,ubuntu_jammy,0.0,10,9,0,19
python3-pytest-timeout,arch,ubuntu_noble,0.0,10,9,0,19
python3-pytest-timeout,debian_bookworm,fedora_42,0.0,9,10,0,19
python3-pytest-timeout,debian_bookworm,fedora_43,0.0,9,10,0,19
python3-pytest-timeout,debian_bookworm,opensuse_15.2,0.0,9,11,0,20
python3-pytest-timeout,debian_bookworm,rhel_8,0.0,9,11,0,20
python3-pytest-timeout,debian_bookworm,rhel_9,0.0,9,11,0,20
python3-pytest-timeout,fedora_42,opensuse_15.2,0.0,10,11,0,21
python3-pytest-timeout,fedora_42,rhel_8,0.0,10,11,0,21
python3-pytest-timeout,fedora_42,ubuntu_focal,0.0,10,9,0,19
python3-pytest-timeout,fedora_42,ubuntu_jammy,0.0,10,9,0,19
python3-pytest-timeout,fedora_42,ubuntu_noble,0.0,10,9,0,19
python3-pytest-timeout,fedora_43,opensuse_15.2,0.0,10,11,0,21
python3-pytest-timeout,fedora_43,rhel_8,0.0,10,11,0,21
python3-pytest-timeout,fedora_43,ubuntu_focal,0.0,10,9,0,19
python3-pytest-timeout,fedora_43,ubuntu_jammy,0.0,10,9,0,19
python3-pytest-timeout,fedora_43,ubuntu_noble,0.0,10,9,0,19
python3-pytest-timeout,opensuse_15.2,ubuntu_focal,0.0,11,9,0,20
python3-pytest-timeout,opensuse_15.2,ubuntu_jammy,0.0,11,9,0,20
python3-pytest-timeout,opensuse_15.2,ubuntu_noble,0.0,11,9,0,20
python3-pytest-timeout,rhel_8,ubuntu_focal,0.0,11,9,0,20
python3-pytest-timeout,rhel_8,ubuntu_jammy,0.0,11,9,0,20
python3-pytest-timeout,rhel_8,ubuntu_noble,0.0,11,9,0,20
python3-pytest-timeout,rhel_9,ubuntu_focal,0.0,11,9,0,20
python3-pytest-timeout,rhel_9,ubuntu_jammy,0.0,11,9,0,20
python3-pytest-timeout,rhel_9,ubuntu_noble,0.0,11,9,0,20
python3-pytest-xdist,arch,debian_bookworm,0.0,61,26,0,87
python3-pytest-xdist,arch,fedora_42,0.0,61,61,0,122
python3-pytest-xdist,arch,opensuse_15.2,0.0,61,53,0,114
python3-pytest-xdist,arch,rhel_8,0.0,61,52,0,113
python3-pytest-xdist,arch,rhel_9,0.0,61,54,0,115
python3-pytest-xdist,arch,ubuntu_focal,0.0,61,24,0,85
python3-pytest-xdist,arch,ubuntu_jammy,0.0,61,25,0,86
python3-pytest-xdist,arch,ubuntu_noble,0.0,61,26,0,87
python3-pytest-xdist,debian_bookworm,fedora_42,0.0,26,61,0,87
python3-pytest-xdist,debian_bookworm,fedora_43,0.0,26,61,0,87
python3-pytest-xdist,debian_bookworm,opensuse_15.2,0.0,26,53,0,79
python3-pytest-xdist,debian_bookworm,rhel_8,0.0,26,52,0,78
python3-pytest-xdist,debian_bookworm,rhel_9,0.0,26,54,0,80
python3-pytest-xdist,fedora_42,opensuse_15.2,0.0,61,53,0,114
python3-pytest-xdist,fedora_42,ubuntu_focal,0.0,61,24,0,85
python3-pytest-xdist,fedora_42,ubuntu_jammy,0.0,61,25,0,86
python3-pytest-xdist,fedora_42,ubuntu_noble,0.0,61,26,0,87
python3-pytest-xdist,fedora_43,opensuse_15.2,0.0,61,53,0,114
python3-pytest-xdist,fedora_43,ubuntu_focal,0.0,61,24,0,85
python3-pytest-xdist,fedora_43,ubuntu_jammy,0.0,61,25,0,86
python3-pytest-xdist,fedora_43,ubuntu_noble,0.0,61,26,0,87
python3-pytest-xdist,opensuse_15.2,ubuntu_focal,0.0,53,24,0,77
python3-pytest-xdist,opensuse_15.2,ubuntu_jammy,0.0,53,25,0,78
python3-pytest-xdist,opensuse_15.2,ubuntu_noble,0.0,53,26,0,79
python3-pytest-xdist,rhel_8,ubuntu_focal,0.0,52,24,0,76
python3-pytest-xdist,rhel_8,ubuntu_jammy,0.0,52,25,0,77
python3-pytest-xdist,rhel_8,ubuntu_noble,0.0,52,26,0,78
python3-pytest-xdist,rhel_9,ubuntu_focal,0.0,54,24,0,78
python3-pytest-xdist,rhel_9,ubuntu_jammy,0.0,54,25,0,79
python3-pytest-xdist,rhel_9,ubuntu_noble,0.0,54,26,0,80
python3-pytest-xvfb,debian_bookworm,fedora_42,0.0,9,11,0,20
python3-pytest-xvfb,debian_bookworm,fedora_43,0.0,9,11,0,20
python3-pytest-xvfb,debian_bookworm,opensuse_15.2,0.0,9,11,0,20
python3-pytest-xvfb,debian_bookworm,pypi,0.0,9,7,0,16
python3-pytest-xvfb,fedora_42,opensuse_15.2,0.0,11,11,0,22
python3-pytest-xvfb,fedora_42,pypi,0.0,11,7,0,18
python3-pytest-xvfb,fedora_42,ubuntu_focal,0.0,11,8,0,19
python3-pytest-xvfb,fedora_42,ubuntu_jammy,0.0,11,8,0,19
python3-pytest-xvfb,fedora_42,ubuntu_noble,0.0,11,8,0,19
python3-pytest-xvfb,fedora_43,opensuse_15.2,0.0,11,11,0,22
python3-pytest-xvfb,fedora_43,pypi,0.0,11,7,0,18
python3-pytest-xvfb,fedora_43,ubuntu_focal,0.0,11,8,0,19
python3-pytest-xvfb,fedora_43,ubuntu_jammy,0.0,11,8,0,19
python3-pytest-xvfb,fedora_43,ubuntu_noble,0.0,11,8,0,19
python3-pytest-xvfb,opensuse_15.2,pypi,0.0,11,7,0,18
python3-pytest-xvfb,opensuse_15.2,ubuntu_focal,0.0,11,8,0,19
python3-pytest-xvfb,opensuse_15.2,ubuntu_jammy,0.0,11,8,0,19
python3-pytest-xvfb,opensuse_15.2,ubuntu_noble,0.0,11,8,0,19
python3-pytest-xvfb,pypi,ubuntu_focal,0.0,7,8,0,15
python3-pytest-xvfb,pypi,ubuntu_jammy,0.0,7,8,0,15
python3-pytest-xvfb,pypi,ubuntu_noble,0.0,7,8,0,15
python3-pyudev,debian_bookworm,fedora_42,0.0,29,63,0,92
python3-pyudev,debian_bookworm,fedora_43,0.0,29,64,0,93
python3-pyudev,fedora_42,ubuntu_focal,0.0,63,30,0,93
python3-pyudev,fedora_42,ubuntu_jammy,0.0,63,30,0,93
python3-pyudev,fedora_42,ubuntu_noble,0.0,63,28,0,91
python3-pyudev,fedora_43,ubuntu_focal,0.0,64,30,0,94
python3-pyudev,fedora_43,ubuntu_jammy,0.0,64,30,0,94
python3-pyudev,fedora_43,ubuntu_noble,0.0,64,28,0,92
python3-qrcode,arch,debian_bookworm,0.0,109,43,0,152
python3-qrcode,arch,ubuntu_focal,0.0,109,31,0,140
python3-qrcode,arch,ubuntu_jammy,0.0,109,36,0,145
python3-qrcode,arch,ubuntu_noble,0.0,109,42,0,151
python3-qrcode,debian_bookworm,fedora_42,0.0,43,111,0,154
python3-qrcode,debian_bookworm,fedora_43,0.0,43,111,0,154
python3-qrcode,debian_bookworm,opensuse_15.2,0.0,43,76,0,119
python3-qrcode,debian_bookworm,rhel_8,0.0,43,9,0,52
python3-qrcode,fedora_42,ubuntu_focal,0.0,111,31,0,142
python3-qrcode,fedora_42,ubuntu_jammy,0.0,111,36,0,147
python3-qrcode,fedora_42,ubuntu_noble,0.0,111,42,0,153
python3-qrcode,fedora_43,ubuntu_focal,0.0,111,31,0,142
python3-qrcode,fedora_43,ubuntu_jammy,0.0,111,36,0,147
python3-qrcode,fedora_43,ubuntu_noble,0.0,111,42,0,153
python3-qrcode,opensuse_15.2,ubuntu_focal,0.0,76,31,0,107
python3-qrcode,opensuse_15.2,ubuntu_jammy,0.0,76,36,0,112
python3-qrcode,opensuse_15.2,ubuntu_noble,0.0,76,42,0,118
python3-qrcode,rhel_8,ubuntu_focal,0.0,9,31,0,40
python3-qrcode,rhel_8,ubuntu_jammy,0.0,9,36,0,45
python3-qrcode,rhel_8,ubuntu_noble,0.0,9,42,0,51
python3-qt5-bindings-gl,debian_bookworm,fedora_42,0.0,9,108,0,117
python3-qt5-bindings-gl,debian_bookworm,fedora_43,0.0,9,108,0,117
python3-qt5-bindings-gl,debian_bookworm,opensuse_15.2,0.0,9,115,0,124
python3-qt5-bindings-gl,fedora_42,fedora_43,0.0,108,108,0,216
python3-qt5-bindings-gl,fedora_42,opensuse_15.2,0.0,108,115,0,223
python3-qt5-bindings-gl,fedora_42,ubuntu_focal,0.0,108,8,0,116
python3-qt5-bindings-gl,fedora_42,ubuntu_jammy,0.0,108,8,0,116
python3-qt5-bindings-gl,fedora_42,ubuntu_noble,0.0,108,8,0,116
python3-qt5-bindings-gl,fedora_43,opensuse_15.2,0.0,108,115,0,223
python3-qt5-bindings-gl,fedora_43,ubuntu_focal,0.0,108,8,0,116
python3-qt5-bindings-gl,fedora_43,ubuntu_jammy,0.0,108,8,0,116
python3-qt5-bindings-gl,fedora_43,ubuntu_noble,0.0,108,8,0,116
python3-qt5-bindings-gl,opensuse_15.2,ubuntu_focal,0.0,115,8,0,123
python3-qt5-bindings-gl,opensuse_15.2,ubuntu_jammy,0.0,115,8,0,123
python3-qt5-bindings-gl,opensuse_15.2,ubuntu_noble,0.0,115,8,0,123
python3-qt5-bindings-webkit,debian_bookworm,opensuse_15.2,0.0,8,115,0,123
python3-qt5-bindings-webkit,opensuse_15.2,ubuntu_focal,0.0,115,7,0,122
python3-qt5-bindings-webkit,opensuse_15.2,ubuntu_jammy,0.0,115,7,0,122
python3-qt5-bindings-webkit,opensuse_15.2,ubuntu_noble,0.0,115,7,0,122
python3-qtpy,arch,rhel_8,0.0,423,223,0,646
python3-qtpy,arch,ubuntu_focal,0.0,423,79,0,502
python3-qtpy,arch,ubuntu_jammy,0.0,423,105,0,528
python3-qtpy,debian_bookworm,rhel_8,0.0,149,223,0,372
python3-qtpy,fedora_42,ubuntu_focal,0.0,425,79,0,504
python3-qtpy,fedora_42,ubuntu_jammy,0.0,425,105,0,530
python3-qtpy,fedora_43,ubuntu_focal,0.0,424,79,0,503
python3-qtpy,fedora_43,ubuntu_jammy,0.0,424,105,0,529
python3-qtpy,rhel_8,ubuntu_focal,0.0,223,79,0,302
python3-qtpy,rhel_8,ubuntu_jammy,0.0,223,105,0,328
python3-qtpy,rhel_8,ubuntu_noble,0.0,223,151,0,374
python3-rasterio,debian_bookworm,fedora_42,0.0,73,205,0,278
python3-rasterio,debian_bookworm,fedora_43,0.0,73,205,0,278
python3-rasterio,fedora_42,ubuntu_focal,0.0,205,69,0,274
python3-rasterio,fedora_42,ubuntu_jammy,0.0,205,69,0,274
python3-rasterio,fedora_42,ubuntu_noble,0.0,205,71,0,276
python3-rasterio,fedora_43,ubuntu_focal,0.0,205,69,0,274
python3-rasterio,fedora_43,ubuntu_jammy,0.0,205,69,0,274
python3-rasterio,fedora_43,ubuntu_noble,0.0,205,71,0,276
python3-rdflib,arch,debian_bookworm,0.0,409,125,0,534
python3-rdflib,arch,rhel_8,0.0,409,334,0,743
python3-rdflib,arch,ubuntu_focal,0.0,409,114,0,523
python3-rdflib,arch,ubuntu_jammy,0.0,409,124,0,533
python3-rdflib,arch,ubuntu_noble,0.0,409,124,0,533
python3-rdflib,debian_bookworm,fedora_42,0.0,125,382,0,507
python3-rdflib,debian_bookworm,fedora_43,0.0,125,382,0,507
python3-rdflib,debian_bookworm,rhel_8,0.0,125,334,0,459
python3-rdflib,fedora_42,ubuntu_jammy,0.0,382,124,0,506
python3-rdflib,fedora_42,ubuntu_noble,0.0,382,124,0,506
python3-rdflib,fedora_43,ubuntu_jammy,0.0,382,124,0,506
python3-rdflib,fedora_43,ubuntu_noble,0.0,382,124,0,506
python3-rdflib,rhel_8,ubuntu_jammy,0.0,334,124,0,458
python3-rdflib,rhel_8,ubuntu_noble,0.0,334,124,0,458
python3-redis,debian_bookworm,fedora_42,0.0,77,218,0,295
python3-redis,debian_bookworm,fedora_43,0.0,77,218,0,295
python3-redis,debian_bookworm,opensuse_15.2,0.0,77,32,0,109
python3-redis,debian_bookworm,rhel_8,0.0,77,32,0,109
python3-redis,debian_bookworm,rhel_9,0.0,77,193,0,270
python3-redis,fedora_42,opensuse_15.2,0.0,218,32,0,250
python3-redis,fedora_42,ubuntu_focal,0.0,218,14,0,232
python3-redis,fedora_42,ubuntu_jammy,0.0,218,14,0,232
python3-redis,fedora_42,ubuntu_noble,0.0,218,76,0,294
python3-redis,fedora_43,opensuse_15.2,0.0,218,32,0,250
python3-redis,fedora_43,ubuntu_focal,0.0,218,14,0,232
python3-redis,fedora_43,ubuntu_jammy,0.0,218,14,0,232
python3-redis,fedora_43,ubuntu_noble,0.0,218,76,0,294
python3-redis,opensuse_15.2,rhel_9,0.0,32,193,0,225
python3-redis,opensuse_15.2,ubuntu_focal,0.0,32,14,0,46
python3-redis,opensuse_15.2,ubuntu_jammy,0.0,32,14,0,46
python3-redis,opensuse_15.2,ubuntu_noble,0.0,32,76,0,108
python3-redis,rhel_8,ubuntu_focal,0.0,32,14,0,46
python3-redis,rhel_8,ubuntu_jammy,0.0,32,14,0,46
python3-redis,rhel_8,ubuntu_noble,0.0,32,76,0,108
python3-redis,rhel_9,ubuntu_focal,0.0,193,14,0,207
python3-redis,rhel_9,ubuntu_jammy,0.0,193,14,0,207
python3-redis,rhel_9,ubuntu_noble,0.0,193,76,0,269
python3-reedsolo,arch,fedora_42,0.0,8,12,0,20
python3-reedsolo,arch,fedora_43,0.0,8,12,0,20
python3-reedsolo,arch,pypi,0.0,8,6,0,14
python3-reedsolo,arch,ubuntu_noble,0.0,8,8,0,16
python3-reedsolo,fedora_42,pypi,0.0,12,6,0,18
python3-reedsolo,fedora_42,ubuntu_noble,0.0,12,8,0,20
python3-reedsolo,fedora_43,pypi,0.0,12,6,0,18
python3-reedsolo,fedora_43,ubuntu_noble,0.0,12,8,0,20
python3-reedsolo,pypi,ubuntu_noble,0.0,6,8,0,14
python3-regex,arch,debian_bookworm,0.0,19,14,0,33
python3-regex,arch,fedora_42,0.0,19,21,0,40
python3-regex,arch,fedora_43,0.0,19,22,0,41
python3-regex,arch,opensuse_15.2,0.0,19,21,0,40
python3-regex,arch,rhel_8,0.0,19,21,0,40
python3-regex,arch,rhel_9,0.0,19,21,0,40
python3-regex,arch,ubuntu_focal,0.0,19,13,0,32
python3-regex,arch,ubuntu_jammy,0.0,19,14,0,33
python3-regex,arch,ubuntu_noble,0.0,19,13,0,32
python3-regex,debian_bookworm,opensuse_15.2,0.0,14,21,0,35
python3-regex,fedora_42,opensuse_15.2,0.0,21,21,0,42
python3-regex,fedora_43,opensuse_15.2,0.0,22,21,0,43
python3-regex,opensuse_15.2,rhel_9,0.0,21,21,0,42
python3-regex,opensuse_15.2,ubuntu_focal,0.0,21,13,0,34
python3-regex,opensuse_15.2,ubuntu_jammy,0.0,21,14,0,35
python3-regex,opensuse_15.2,ubuntu_noble,0.0,21,13,0,34
python3-reportlab,arch,debian_bookworm,0.0,514,167,0,681
python3-reportlab,arch,fedora_42,0.0,514,643,0,1157
python3-reportlab,arch,opensuse_15.2,0.0,514,479,0,993
python3-reportlab,arch,rhel_8,0.0,514,466,0,980
python3-reportlab,arch,rhel_9,0.0,514,643,0,1157
python3-reportlab,arch,ubuntu_focal,0.0,514,163,0,677
python3-reportlab,arch,ubuntu_jammy,0.0,514,166,0,680
python3-reportlab,arch,ubuntu_noble,0.0,514,357,0,871
python3-reportlab,debian_bookworm,fedora_42,0.0,167,643,0,810
python3-reportlab,debian_bookworm,fedora_43,0.0,167,643,0,810
python3-reportlab,debian_bookworm,opensuse_15.2,0.0,167,479,0,646
python3-reportlab,debian_bookworm,rhel_8,0.0,167,466,0,633
python3-reportlab,debian_bookworm,rhel_9,0.0,167,643,0,810
python3-reportlab,fedora_42,opensuse_15.2,0.0,643,479,0,1122
python3-reportlab,fedora_42,ubuntu_focal,0.0,643,163,0,806
python3-reportlab,fedora_42,ubuntu_jammy,0.0,643,166,0,809
python3-reportlab,fedora_42,ubuntu_noble,0.0,643,357,0,1000
python3-reportlab,fedora_43,opensuse_15.2,0.0,643,479,0,1122
python3-reportlab,fedora_43,ubuntu_focal,0.0,643,163,0,806
python3-reportlab,fedora_43,ubuntu_jammy,0.0,643,166,0,809
python3-reportlab,fedora_43,ubuntu_noble,0.0,643,357,0,1000
python3-reportlab,opensuse_15.2,rhel_9,0.0,479,643,0,1122
python3-reportlab,opensuse_15.2,ubuntu_focal,0.0,479,163,0,642
python3-reportlab,opensuse_15.2,ubuntu_jammy,0.0,479,166,0,645
python3-reportlab,opensuse_15.2,ubuntu_noble,0.0,479,357,0,836
python3-reportlab,rhel_8,ubuntu_focal,0.0,466,163,0,629
python3-reportlab,rhel_8,ubuntu_jammy,0.0,466,166,0,632
python3-reportlab,rhel_8,ubuntu_noble,0.0,466,357,0,823
python3-reportlab,rhel_9,ubuntu_focal,0.0,643,163,0,806
python3-reportlab,rhel_9,ubuntu_jammy,0.0,643,166,0,809
python3-reportlab,rhel_9,ubuntu_noble,0.0,643,357,0,1000
python3-requests,arch,debian_bookworm,0.0,59,27,0,86
python3-requests,arch,fedora_42,0.0,59,62,0,121
python3-requests,arch,rhel_8,0.0,59,63,0,122
python3-requests,arch,rhel_9,0.0,59,62,0,121
python3-requests,arch,ubuntu_focal,0.0,59,25,0,84
python3-requests,arch,ubuntu_jammy,0.0,59,26,0,85
python3-requests,arch,ubuntu_noble,0.0,59,26,0,85
python3-requests,fedora_42,ubuntu_focal,0.0,62,25,0,87
python3-requests,fedora_43,ubuntu_focal,0.0,61,25,0,86
python3-requests,rhel_8,ubuntu_focal,0.0,63,25,0,88
python3-requests,rhel_9,ubuntu_focal,0.0,62,25,0,87
python3-requests-futures,debian_bookworm,opensuse_15.2,0.0,10,14,0,24
python3-requests-futures,opensuse_15.2,ubuntu_focal,0.0,14,10,0,24
python3-requests-futures,opensuse_15.2,ubuntu_jammy,0.0,14,10,0,24
python3-requests-futures,opensuse_15.2,ubuntu_noble,0.0,14,10,0,24
python3-requests-oauthlib,debian_bookworm,fedora_42,0.0,23,56,0,79
python3-requests-oauthlib,debian_bookworm,fedora_43,0.0,23,56,0,79
python3-requests-oauthlib,debian_bookworm,rhel_8,0.0,23,53,0,76
python3-requests-oauthlib,debian_bookworm,rhel_9,0.0,23,56,0,79
python3-requests-oauthlib,fedora_42,ubuntu_focal,0.0,56,21,0,77
python3-requests-oauthlib,fedora_42,ubuntu_jammy,0.0,56,22,0,78
python3-requests-oauthlib,fedora_42,ubuntu_noble,0.0,56,22,0,78
python3-requests-oauthlib,fedora_43,ubuntu_focal,0.0,56,21,0,77
python3-requests-oauthlib,fedora_43,ubuntu_jammy,0.0,56,22,0,78
python3-requests-oauthlib,fedora_43,ubuntu_noble,0.0,56,22,0,78
python3-requests-oauthlib,rhel_8,ubuntu_focal,0.0,53,21,0,74
python3-requests-oauthlib,rhel_8,ubuntu_jammy,0.0,53,22,0,75
python3-requests-oauthlib,rhel_8,ubuntu_noble,0.0,53,22,0,75
python3-requests-oauthlib,rhel_9,ubuntu_focal,0.0,56,21,0,77
python3-requests-oauthlib,rhel_9,ubuntu_jammy,0.0,56,22,0,78
python3-requests-oauthlib,rhel_9,ubuntu_noble,0.0,56,22,0,78
python3-requests-toolbelt,arch,debian_bookworm,0.0,105,41,0,146
python3-requests-toolbelt,arch,fedora_42,0.0,105,107,0,212
python3-requests-toolbelt,arch,rhel_8,0.0,105,110,0,215
python3-requests-toolbelt,arch,rhel_9,0.0,105,110,0,215
python3-requests-toolbelt,arch,ubuntu_focal,0.0,105,39,0,144
python3-requests-toolbelt,arch,ubuntu_jammy,0.0,105,40,0,145
python3-requests-toolbelt,arch,ubuntu_noble,0.0,105,39,0,144
python3-requests-toolbelt,debian_bookworm,fedora_42,0.0,41,107,0,148
python3-requests-toolbelt,debian_bookworm,fedora_43,0.0,41,107,0,148
python3-requests-toolbelt,debian_bookworm,rhel_8,0.0,41,110,0,151
python3-requests-toolbelt,debian_bookworm,rhel_9,0.0,41,110,0,151
python3-requests-toolbelt,fedora_42,ubuntu_focal,0.0,107,39,0,146
python3-requests-toolbelt,fedora_42,ubuntu_jammy,0.0,107,40,0,147
python3-requests-toolbelt,fedora_42,ubuntu_noble,0.0,107,39,0,146
python3-requests-toolbelt,fedora_43,ubuntu_focal,0.0,107,39,0,146
python3-requests-toolbelt,fedora_43,ubuntu_jammy,0.0,107,40,0,147
python3-requests-toolbelt,fedora_43,ubuntu_noble,0.0,107,39,0,146
python3-requests-toolbelt,rhel_8,ubuntu_focal,0.0,110,39,0,149
python3-requests-toolbelt,rhel_8,ubuntu_jammy,0.0,110,40,0,150
python3-requests-toolbelt,rhel_8,ubuntu_noble,0.0,110,39,0,149
python3-requests-toolbelt,rhel_9,ubuntu_focal,0.0,110,39,0,149
python3-requests-toolbelt,rhel_9,ubuntu_jammy,0.0,110,40,0,150
python3-requests-toolbelt,rhel_9,ubuntu_noble,0.0,110,39,0,149
python3-retrying,arch,debian_bookworm,0.0,10,8,0,18
python3-retrying,arch,fedora_42,0.0,10,10,0,20
python3-retrying,arch,ubuntu_focal,0.0,10,7,0,17
python3-retrying,arch,ubuntu_jammy,0.0,10,7,0,17
python3-retrying,arch,ubuntu_noble,0.0,10,7,0,17
python3-retrying,debian_bookworm,fedora_42,0.0,8,10,0,18
python3-retrying,fedora_42,ubuntu_focal,0.0,10,7,0,17
python3-retrying,fedora_42,ubuntu_jammy,0.0,10,7,0,17
python3-retrying,fedora_42,ubuntu_noble,0.0,10,7,0,17
python3-rich,debian_bookworm,fedora_42,0.0,123,241,0,364
python3-rich,debian_bookworm,fedora_43,0.0,123,241,0,364
python3-rich,debian_bookworm,pypi,0.0,123,105,0,228
python3-rich,debian_bookworm,rhel_9,0.0,123,241,0,364
python3-rich,fedora_42,pypi,0.0,241,105,0,346
python3-rich,fedora_42,ubuntu_jammy,0.0,241,116,0,357
python3-rich,fedora_42,ubuntu_noble,0.0,241,122,0,363
python3-rich,fedora_43,pypi,0.0,241,105,0,346
python3-rich,fedora_43,ubuntu_jammy,0.0,241,116,0,357
python3-rich,fedora_43,ubuntu_noble,0.0,241,122,0,363
python3-rich,pypi,rhel_9,0.0,105,241,0,346
python3-rich,pypi,ubuntu_jammy,0.0,105,116,0,221
python3-rich,pypi,ubuntu_noble,0.0,105,122,0,227
python3-rich,rhel_9,ubuntu_jammy,0.0,241,116,0,357
python3-rich,rhel_9,ubuntu_noble,0.0,241,122,0,363
python3-rosdep-modules,debian_bookworm,fedora_42,0.0,75,151,0,226
python3-rosdep-modules,debian_bookworm,fedora_43,0.0,75,150,0,225
python3-rosdep-modules,debian_bookworm,rhel_8,0.0,75,151,0,226
python3-rosdep-modules,debian_bookworm,rhel_9,0.0,75,151,0,226
python3-rosdep-modules,fedora_42,ubuntu_focal,0.0,151,103,0,254
python3-rosdep-modules,fedora_42,ubuntu_jammy,0.0,151,87,0,238
python3-rosdep-modules,fedora_42,ubuntu_noble,0.0,151,75,0,226
python3-rosdep-modules,fedora_43,ubuntu_focal,0.0,150,103,0,253
python3-rosdep-modules,fedora_43,ubuntu_jammy,0.0,150,87,0,237
python3-rosdep-modules,fedora_43,ubuntu_noble,0.0,150,75,0,225
python3-rosdep-modules,rhel_8,ubuntu_focal,0.0,151,103,0,254
python3-rosdep-modules,rhel_8,ubuntu_jammy,0.0,151,87,0,238
python3-rosdep-modules,rhel_8,ubuntu_noble,0.0,151,75,0,226
python3-rosdep-modules,rhel_9,ubuntu_focal,0.0,151,103,0,254
python3-rosdep-modules,rhel_9,ubuntu_jammy,0.0,151,87,0,238
python3-rosdep-modules,rhel_9,ubuntu_noble,0.0,151,75,0,226
python3-rosdistro-modules,alpine_edge,debian_bookworm,0.0,63,70,0,133
python3-rosdistro-modules,alpine_edge,pypi,0.0,63,58,0,121
python3-rosdistro-modules,alpine_edge,rhel_8,0.0,63,141,0,204
python3-rosdistro-modules,alpine_edge,rhel_9,0.0,63,141,0,204
python3-rosdistro-modules,alpine_edge,ubuntu_focal,0.0,63,86,0,149
python3-rosdistro-modules,alpine_edge,ubuntu_jammy,0.0,63,74,0,137
python3-rosdistro-modules,alpine_edge,ubuntu_noble,0.0,63,70,0,133
python3-rosdistro-modules,debian_bookworm,fedora_42,0.0,70,174,0,244
python3-rosdistro-modules,debian_bookworm,fedora_43,0.0,70,174,0,244
python3-rosdistro-modules,debian_bookworm,pypi,0.0,70,58,0,128
python3-rosdistro-modules,debian_bookworm,rhel_8,0.0,70,141,0,211
python3-rosdistro-modules,debian_bookworm,rhel_9,0.0,70,141,0,211
python3-rosdistro-modules,fedora_42,pypi,0.0,174,58,0,232
python3-rosdistro-modules,fedora_42,ubuntu_focal,0.0,174,86,0,260
python3-rosdistro-modules,fedora_42,ubuntu_jammy,0.0,174,74,0,248
python3-rosdistro-modules,fedora_42,ubuntu_noble,0.0,174,70,0,244
python3-rosdistro-modules,fedora_43,pypi,0.0,174,58,0,232
python3-rosdistro-modules,fedora_43,ubuntu_focal,0.0,174,86,0,260
python3-rosdistro-modules,fedora_43,ubuntu_jammy,0.0,174,74,0,248
python3-rosdistro-modules,fedora_43,ubuntu_noble,0.0,174,70,0,244
python3-rosdistro-modules,pypi,rhel_8,0.0,58,141,0,199
python3-rosdistro-modules,pypi,rhel_9,0.0,58,141,0,199
python3-rosdistro-modules,pypi,ubuntu_focal,0.0,58,86,0,144
python3-rosdistro-modules,pypi,ubuntu_jammy,0.0,58,74,0,132
python3-rosdistro-modules,pypi,ubuntu_noble,0.0,58,70,0,128
python3-rosdistro-modules,rhel_8,ubuntu_focal,0.0,141,86,0,227
python3-rosdistro-modules,rhel_8,ubuntu_jammy,0.0,141,74,0,215
python3-rosdistro-modules,rhel_8,ubuntu_noble,0.0,141,70,0,211
python3-rosdistro-modules,rhel_9,ubuntu_focal,0.0,141,86,0,227
python3-rosdistro-modules,rhel_9,ubuntu_jammy,0.0,141,74,0,215
python3-rosdistro-modules,rhel_9,ubuntu_noble,0.0,141,70,0,211
python3-rospkg,alpine_edge,rhel_8,0.0,15,36,0,51
python3-rospkg,debian_bookworm,rhel_8,0.0,18,36,0,54
python3-rospkg,rhel_8,ubuntu_focal,0.0,36,17,0,53
python3-rospkg,rhel_8,ubuntu_jammy,0.0,36,17,0,53
python3-rospkg,rhel_8,ubuntu_noble,0.0,36,17,0,53
python3-rospkg-modules,debian_bookworm,fedora_42,0.0,30,37,0,67
python3-rospkg-modules,debian_bookworm,fedora_43,0.0,30,37,0,67
python3-rospkg-modules,debian_bookworm,pypi,0.0,30,14,0,44
python3-rospkg-modules,debian_bookworm,rhel_8,0.0,30,36,0,66
python3-rospkg-modules,debian_bookworm,rhel_9,0.0,30,37,0,67
python3-rospkg-modules,fedora_42,pypi,0.0,37,14,0,51
python3-rospkg-modules,fedora_42,ubuntu_focal,0.0,37,90,0,127
python3-rospkg-modules,fedora_42,ubuntu_jammy,0.0,37,40,0,77
python3-rospkg-modules,fedora_42,ubuntu_noble,0.0,37,30,0,67
python3-rospkg-modules,fedora_43,pypi,0.0,37,14,0,51
python3-rospkg-modules,fedora_43,ubuntu_focal,0.0,37,90,0,127
python3-rospkg-modules,fedora_43,ubuntu_jammy,0.0,37,40,0,77
python3-rospkg-modules,fedora_43,ubuntu_noble,0.0,37,30,0,67
python3-rospkg-modules,pypi,rhel_8,0.0,14,36,0,50
python3-rospkg-modules,pypi,rhel_9,0.0,14,37,0,51
python3-rospkg-modules,pypi,ubuntu_focal,0.0,14,90,0,104
python3-rospkg-modules,pypi,ubuntu_jammy,0.0,14,40,0,54
python3-rospkg-modules,pypi,ubuntu_noble,0.0,14,30,0,44
python3-rospkg-modules,rhel_8,ubuntu_focal,0.0,36,90,0,126
python3-rospkg-modules,rhel_8,ubuntu_jammy,0.0,36,40,0,76
python3-rospkg-modules,rhel_8,ubuntu_noble,0.0,36,30,0,66
python3-rospkg-modules,rhel_9,ubuntu_focal,0.0,37,90,0,127
python3-rospkg-modules,rhel_9,ubuntu_jammy,0.0,37,40,0,77
python3-rospkg-modules,rhel_9,ubuntu_noble,0.0,37,30,0,67
python3-rsa,alpine_edge,debian_bookworm,0.0,26,36,0,62
python3-rsa,alpine_edge,ubuntu_focal,0.0,26,29,0,55
python3-rsa,alpine_edge,ubuntu_jammy,0.0,26,35,0,61
python3-rsa,alpine_edge,ubuntu_noble,0.0,26,34,0,60
python3-rsa,arch,debian_bookworm,0.0,55,36,0,91
python3-rsa,arch,ubuntu_focal,0.0,55,29,0,84
python3-rsa,arch,ubuntu_jammy,0.0,55,35,0,90
python3-rsa,arch,ubuntu_noble,0.0,55,34,0,89
python3-rsa,debian_bookworm,fedora_42,0.0,36,63,0,99
python3-rsa,debian_bookworm,fedora_43,0.0,36,63,0,99
python3-rsa,debian_bookworm,opensuse_15.2,0.0,36,87,0,123
python3-rsa,debian_bookworm,rhel_8,0.0,36,63,0,99
python3-rsa,debian_bookworm,rhel_9,0.0,36,63,0,99
python3-rsa,fedora_42,ubuntu_focal,0.0,63,29,0,92
python3-rsa,fedora_42,ubuntu_jammy,0.0,63,35,0,98
python3-rsa,fedora_42,ubuntu_noble,0.0,63,34,0,97
python3-rsa,fedora_43,ubuntu_focal,0.0,63,29,0,92
python3-rsa,fedora_43,ubuntu_jammy,0.0,63,35,0,98
python3-rsa,fedora_43,ubuntu_noble,0.0,63,34,0,97
python3-rsa,opensuse_15.2,ubuntu_focal,0.0,87,29,0,116
python3-rsa,opensuse_15.2,ubuntu_jammy,0.0,87,35,0,122
python3-rsa,opensuse_15.2,ubuntu_noble,0.0,87,34,0,121
python3-rsa,rhel_8,ubuntu_focal,0.0,63,29,0,92
python3-rsa,rhel_8,ubuntu_jammy,0.0,63,35,0,98
python3-rsa,rhel_8,ubuntu_noble,0.0,63,34,0,97
python3-rsa,rhel_9,ubuntu_focal,0.0,63,29,0,92
python3-rsa,rhel_9,ubuntu_jammy,0.0,63,35,0,98
python3-rsa,rhel_9,ubuntu_noble,0.0,63,34,0,97
python3-rtree,debian_bookworm,fedora_42,0.0,44,22,0,66
python3-rtree,debian_bookworm,fedora_43,0.0,44,22,0,66
python3-rtree,debian_bookworm,rhel_8,0.0,44,22,0,66
python3-rtree,debian_bookworm,rhel_9,0.0,44,22,0,66
python3-rtree,fedora_42,ubuntu_focal,0.0,22,46,0,68
python3-rtree,fedora_42,ubuntu_jammy,0.0,22,46,0,68
python3-rtree,fedora_42,ubuntu_noble,0.0,22,48,0,70
python3-rtree,fedora_43,ubuntu_focal,0.0,22,46,0,68
python3-rtree,fedora_43,ubuntu_jammy,0.0,22,46,0,68
python3-rtree,fedora_43,ubuntu_noble,0.0,22,48,0,70
python3-rtree,rhel_8,ubuntu_focal,0.0,22,46,0,68
python3-rtree,rhel_8,ubuntu_jammy,0.0,22,46,0,68
python3-rtree,rhel_8,ubuntu_noble,0.0,22,48,0,70
python3-rtree,rhel_9,ubuntu_focal,0.0,22,46,0,68
python3-rtree,rhel_9,ubuntu_jammy,0.0,22,46,0,68
python3-rtree,rhel_9,ubuntu_noble,0.0,22,48,0,70
python3-ruamel.yaml,fedora_42,rhel_8,0.0,97,94,0,191
python3-ruamel.yaml,fedora_42,rhel_9,0.0,97,94,0,191
python3-ruamel.yaml,fedora_42,ubuntu_focal,0.0,97,39,0,136
python3-ruamel.yaml,fedora_42,ubuntu_jammy,0.0,97,38,0,135
python3-ruamel.yaml,fedora_42,ubuntu_noble,0.0,97,38,0,135
python3-ruamel.yaml,fedora_43,rhel_8,0.0,100,94,0,194
python3-ruamel.yaml,fedora_43,rhel_9,0.0,100,94,0,194
python3-ruamel.yaml,fedora_43,ubuntu_focal,0.0,100,39,0,139
python3-ruamel.yaml,fedora_43,ubuntu_jammy,0.0,100,38,0,138
python3-ruamel.yaml,fedora_43,ubuntu_noble,0.0,100,38,0,138
python3-ruamel.yaml,rhel_8,ubuntu_focal,0.0,94,39,0,133
python3-ruamel.yaml,rhel_8,ubuntu_jammy,0.0,94,38,0,132
python3-ruamel.yaml,rhel_8,ubuntu_noble,0.0,94,38,0,132
python3-ruamel.yaml,rhel_9,ubuntu_focal,0.0,94,39,0,133
python3-ruamel.yaml,rhel_9,ubuntu_jammy,0.0,94,38,0,132
python3-ruamel.yaml,rhel_9,ubuntu_noble,0.0,94,38,0,132
python3-schema,arch,debian_bookworm,0.0,10,9,0,19
python3-schema,arch,fedora_42,0.0,10,9,0,19
python3-schema,arch,fedora_43,0.0,10,9,0,19
python3-schema,arch,opensuse_15.2,0.0,10,9,0,19
python3-schema,arch,rhel_8,0.0,10,10,0,20
python3-schema,arch,rhel_9,0.0,10,9,0,19
python3-schema,arch,ubuntu_focal,0.0,10,7,0,17
python3-schema,arch,ubuntu_jammy,0.0,10,7,0,17
python3-schema,arch,ubuntu_noble,0.0,10,8,0,18
python3-schema,debian_bookworm,fedora_42,0.0,9,9,0,18
python3-schema,debian_bookworm,fedora_43,0.0,9,9,0,18
python3-schema,debian_bookworm,opensuse_15.2,0.0,9,9,0,18
python3-schema,debian_bookworm,rhel_8,0.0,9,10,0,19
python3-schema,debian_bookworm,rhel_9,0.0,9,9,0,18
python3-schema,fedora_42,opensuse_15.2,0.0,9,9,0,18
python3-schema,fedora_42,ubuntu_focal,0.0,9,7,0,16
python3-schema,fedora_42,ubuntu_jammy,0.0,9,7,0,16
python3-schema,fedora_42,ubuntu_noble,0.0,9,8,0,17
python3-schema,fedora_43,opensuse_15.2,0.0,9,9,0,18
python3-schema,fedora_43,ubuntu_focal,0.0,9,7,0,16
python3-schema,fedora_43,ubuntu_jammy,0.0,9,7,0,16
python3-schema,fedora_43,ubuntu_noble,0.0,9,8,0,17
python3-schema,opensuse_15.2,ubuntu_focal,0.0,9,7,0,16
python3-schema,opensuse_15.2,ubuntu_jammy,0.0,9,7,0,16
python3-schema,opensuse_15.2,ubuntu_noble,0.0,9,8,0,17
python3-schema,rhel_8,ubuntu_focal,0.0,10,7,0,17
python3-schema,rhel_8,ubuntu_jammy,0.0,10,7,0,17
python3-schema,rhel_8,ubuntu_noble,0.0,10,8,0,18
python3-schema,rhel_9,ubuntu_focal,0.0,9,7,0,16
python3-schema,rhel_9,ubuntu_jammy,0.0,9,7,0,16
python3-schema,rhel_9,ubuntu_noble,0.0,9,8,0,17
python3-scipy,arch,debian_bookworm,0.0,3367,1250,0,4617
python3-scipy,arch,fedora_42,0.0,3367,1883,0,5250
python3-scipy,arch,fedora_43,0.0,3367,2049,0,5416
python3-scipy,arch,opensuse_15.2,0.0,3367,1285,0,4652
python3-scipy,arch,rhel_8,0.0,3367,2043,0,5410
python3-scipy,arch,rhel_9,0.0,3367,3125,0,6492
python3-scipy,arch,ubuntu_focal,0.0,3367,929,0,4296
python3-scipy,arch,ubuntu_jammy,0.0,3367,1240,0,4607
python3-scipy,arch,ubuntu_noble,0.0,3367,1264,0,4631
python3-scipy,debian_bookworm,fedora_42,0.0,1250,1883,0,3133
python3-scipy,debian_bookworm,fedora_43,0.0,1250,2049,0,3299
python3-scipy,debian_bookworm,opensuse_15.2,0.0,1250,1285,0,2535
python3-scipy,debian_bookworm,rhel_8,0.0,1250,2043,0,3293
python3-scipy,debian_bookworm,rhel_9,0.0,1250,3125,0,4375
python3-scipy,fedora_42,rhel_8,0.0,1883,2043,0,3926
python3-scipy,fedora_42,rhel_9,0.0,1883,3125,0,5008
python3-scipy,fedora_42,ubuntu_focal,0.0,1883,929,0,2812
python3-scipy,fedora_42,ubuntu_jammy,0.0,1883,1240,0,3123
python3-scipy,fedora_42,ubuntu_noble,0.0,1883,1264,0,3147
python3-scipy,fedora_43,rhel_8,0.0,2049,2043,0,4092
python3-scipy,fedora_43,rhel_9,0.0,2049,3125,0,5174
python3-scipy,fedora_43,ubuntu_focal,0.0,2049,929,0,2978
python3-scipy,fedora_43,ubuntu_jammy,0.0,2049,1240,0,3289
python3-scipy,fedora_43,ubuntu_noble,0.0,2049,1264,0,3313
python3-scipy,opensuse_15.2,rhel_9,0.0,1285,3125,0,4410
python3-scipy,opensuse_15.2,ubuntu_focal,0.0,1285,929,0,2214
python3-scipy,opensuse_15.2,ubuntu_jammy,0.0,1285,1240,0,2525
python3-scipy,opensuse_15.2,ubuntu_noble,0.0,1285,1264,0,2549
python3-scipy,rhel_8,ubuntu_focal,0.0,2043,929,0,2972
python3-scipy,rhel_8,ubuntu_jammy,0.0,2043,1240,0,3283
python3-scipy,rhel_8,ubuntu_noble,0.0,2043,1264,0,3307
python3-scipy,rhel_9,ubuntu_focal,0.0,3125,929,0,4054
python3-scipy,rhel_9,ubuntu_jammy,0.0,3125,1240,0,4365
python3-scipy,rhel_9,ubuntu_noble,0.0,3125,1264,0,4389
python3-scp,debian_bookworm,opensuse_15.2,0.0,9,10,0,19
python3-scp,fedora_42,opensuse_15.2,0.0,10,10,0,20
python3-scp,fedora_43,opensuse_15.2,0.0,9,10,0,19
python3-scp,opensuse_15.2,rhel_9,0.0,10,10,0,20
python3-scp,opensuse_15.2,ubuntu_focal,0.0,10,8,0,18
python3-scp,opensuse_15.2,ubuntu_jammy,0.0,10,8,0,18
python3-scp,opensuse_15.2,ubuntu_noble,0.0,10,8,0,18
python3-seaborn,arch,debian_bookworm,0.0,167,61,0,228
python3-seaborn,arch,fedora_42,0.0,167,167,0,334
python3-seaborn,arch,ubuntu_focal,0.0,167,38,0,205
python3-seaborn,arch,ubuntu_jammy,0.0,167,48,0,215
python3-seaborn,arch,ubuntu_noble,0.0,167,59,0,226
python3-seaborn,debian_bookworm,fedora_42,0.0,61,167,0,228
python3-seaborn,debian_bookworm,fedora_43,0.0,61,167,0,228
python3-seaborn,fedora_42,ubuntu_focal,0.0,167,38,0,205
python3-seaborn,fedora_42,ubuntu_jammy,0.0,167,48,0,215
python3-seaborn,fedora_42,ubuntu_noble,0.0,167,59,0,226
python3-seaborn,fedora_43,ubuntu_focal,0.0,167,38,0,205
python3-seaborn,fedora_43,ubuntu_jammy,0.0,167,48,0,215
python3-seaborn,fedora_43,ubuntu_noble,0.0,167,59,0,226
python3-segno,debian_bookworm,pypi,0.0,41,16,0,57
python3-segno,pypi,ubuntu_jammy,0.0,16,40,0,56
python3-segno,pypi,ubuntu_noble,0.0,16,45,0,61
python3-selenium,debian_bookworm,fedora_42,0.0,111,919,0,1030
python3-selenium,debian_bookworm,fedora_43,0.0,111,919,0,1030
python3-selenium,debian_bookworm,rhel_8,0.0,111,265,0,376
python3-selenium,debian_bookworm,rhel_9,0.0,111,267,0,378
python3-selenium,fedora_42,ubuntu_focal,0.0,919,100,0,1019
python3-selenium,fedora_42,ubuntu_jammy,0.0,919,100,0,1019
python3-selenium,fedora_42,ubuntu_noble,0.0,919,112,0,1031
python3-selenium,fedora_43,ubuntu_focal,0.0,919,100,0,1019
python3-selenium,fedora_43,ubuntu_jammy,0.0,919,100,0,1019
python3-selenium,fedora_43,ubuntu_noble,0.0,919,112,0,1031
python3-selenium,rhel_8,ubuntu_focal,0.0,265,100,0,365
python3-selenium,rhel_8,ubuntu_jammy,0.0,265,100,0,365
python3-selenium,rhel_8,ubuntu_noble,0.0,265,112,0,377
python3-selenium,rhel_9,ubuntu_focal,0.0,267,100,0,367
python3-selenium,rhel_9,ubuntu_jammy,0.0,267,100,0,367
python3-selenium,rhel_9,ubuntu_noble,0.0,267,112,0,379
python3-semantic-version,debian_bookworm,fedora_42,0.0,11,18,0,29
python3-semantic-version,debian_bookworm,fedora_43,0.0,11,17,0,28
python3-semantic-version,fedora_42,ubuntu_focal,0.0,18,9,0,27
python3-semantic-version,fedora_42,ubuntu_jammy,0.0,18,9,0,27
python3-semantic-version,fedora_42,ubuntu_noble,0.0,18,10,0,28
python3-semantic-version,fedora_43,ubuntu_focal,0.0,17,9,0,26
python3-semantic-version,fedora_43,ubuntu_jammy,0.0,17,9,0,26
python3-semantic-version,fedora_43,ubuntu_noble,0.0,17,10,0,27
python3-semver,fedora_42,ubuntu_focal,0.0,32,4,0,36
python3-semver,fedora_43,ubuntu_focal,0.0,32,4,0,36
python3-semver,rhel_8,ubuntu_focal,0.0,12,4,0,16
python3-semver,rhel_9,ubuntu_focal,0.0,12,4,0,16
python3-serial,debian_bookworm,rhel_8,0.0,51,102,0,153
python3-serial,debian_bookworm,rhel_9,0.0,51,103,0,154
python3-serial,fedora_42,ubuntu_focal,0.0,107,46,0,153
python3-serial,fedora_43,ubuntu_focal,0.0,107,46,0,153
python3-serial,rhel_8,ubuntu_focal,0.0,102,46,0,148
python3-serial,rhel_8,ubuntu_jammy,0.0,102,50,0,152
python3-serial,rhel_8,ubuntu_noble,0.0,102,50,0,152
python3-serial,rhel_9,ubuntu_focal,0.0,103,46,0,149
python3-serial,rhel_9,ubuntu_jammy,0.0,103,50,0,153
python3-serial,rhel_9,ubuntu_noble,0.0,103,50,0,153
python3-setproctitle,alpine_edge,debian_bookworm,0.0,8,13,0,21
python3-setproctitle,alpine_edge,fedora_42,0.0,8,12,0,20
python3-setproctitle,alpine_edge,fedora_43,0.0,8,13,0,21
python3-setproctitle,alpine_edge,opensuse_15.2,0.0,8,8,0,16
python3-setproctitle,alpine_edge,rhel_8,0.0,8,8,0,16
python3-setproctitle,alpine_edge,rhel_9,0.0,8,9,0,17
python3-setproctitle,alpine_edge,ubuntu_focal,0.0,8,6,0,14
python3-setproctitle,alpine_edge,ubuntu_jammy,0.0,8,9,0,17
python3-setproctitle,alpine_edge,ubuntu_noble,0.0,8,12,0,20
python3-setproctitle,arch,debian_bookworm,0.0,11,13,0,24
python3-setproctitle,arch,fedora_42,0.0,11,12,0,23
python3-setproctitle,arch,fedora_43,0.0,11,13,0,24
python3-setproctitle,arch,opensuse_15.2,0.0,11,8,0,19
python3-setproctitle,arch,rhel_8,0.0,11,8,0,19
python3-setproctitle,arch,rhel_9,0.0,11,9,0,20
python3-setproctitle,arch,ubuntu_focal,0.0,11,6,0,17
python3-setproctitle,arch,ubuntu_jammy,0.0,11,9,0,20
python3-setproctitle,arch,ubuntu_noble,0.0,11,12,0,23
python3-setproctitle,debian_bookworm,fedora_42,0.0,13,12,0,25
python3-setproctitle,debian_bookworm,fedora_43,0.0,13,13,0,26
python3-setproctitle,debian_bookworm,opensuse_15.2,0.0,13,8,0,21
python3-setproctitle,debian_bookworm,rhel_8,0.0,13,8,0,21
python3-setproctitle,debian_bookworm,rhel_9,0.0,13,9,0,22
python3-setproctitle,fedora_42,ubuntu_focal,0.0,12,6,0,18
python3-setproctitle,fedora_42,ubuntu_jammy,0.0,12,9,0,21
python3-setproctitle,fedora_42,ubuntu_noble,0.0,12,12,0,24
python3-setproctitle,fedora_43,opensuse_15.2,0.0,13,8,0,21
python3-setproctitle,fedora_43,ubuntu_focal,0.0,13,6,0,19
python3-setproctitle,fedora_43,ubuntu_jammy,0.0,13,9,0,22
python3-setproctitle,fedora_43,ubuntu_noble,0.0,13,12,0,25
python3-setproctitle,opensuse_15.2,rhel_9,0.0,8,9,0,17
python3-setproctitle,opensuse_15.2,ubuntu_focal,0.0,8,6,0,14
python3-setproctitle,opensuse_15.2,ubuntu_jammy,0.0,8,9,0,17
python3-setproctitle,opensuse_15.2,ubuntu_noble,0.0,8,12,0,20
python3-setproctitle,rhel_8,ubuntu_focal,0.0,8,6,0,14
python3-setproctitle,rhel_8,ubuntu_jammy,0.0,8,9,0,17
python3-setproctitle,rhel_8,ubuntu_noble,0.0,8,12,0,20
python3-setproctitle,rhel_9,ubuntu_focal,0.0,9,6,0,15
python3-setproctitle,rhel_9,ubuntu_jammy,0.0,9,9,0,18
python3-setproctitle,rhel_9,ubuntu_noble,0.0,9,12,0,21
python3-setuptools,alpine_edge,debian_bookworm,0.0,430,199,0,629
python3-setuptools,alpine_edge,fedora_42,0.0,430,955,0,1385
python3-setuptools,alpine_edge,opensuse_15.2,0.0,430,270,0,700
python3-setuptools,alpine_edge,rhel_8,0.0,430,16,0,446
python3-setuptools,alpine_edge,rhel_9,0.0,430,461,0,891
python3-setuptools,alpine_edge,ubuntu_focal,0.0,430,97,0,527
python3-setuptools,alpine_edge,ubuntu_jammy,0.0,430,137,0,567
python3-setuptools,alpine_edge,ubuntu_noble,0.0,430,191,0,621
python3-setuptools,arch,debian_bookworm,0.0,757,199,0,956
python3-setuptools,arch,fedora_42,0.0,757,955,0,1712
python3-setuptools,arch,opensuse_15.2,0.0,757,270,0,1027
python3-setuptools,arch,rhel_8,0.0,757,16,0,773
python3-setuptools,arch,rhel_9,0.0,757,461,0,1218
python3-setuptools,arch,ubuntu_focal,0.0,757,97,0,854
python3-setuptools,arch,ubuntu_jammy,0.0,757,137,0,894
python3-setuptools,arch,ubuntu_noble,0.0,757,191,0,948
python3-setuptools,debian_bookworm,opensuse_15.2,0.0,199,270,0,469
python3-setuptools,debian_bookworm,rhel_8,0.0,199,16,0,215
python3-setuptools,fedora_42,opensuse_15.2,0.0,955,270,0,1225
python3-setuptools,fedora_42,ubuntu_focal,0.0,955,97,0,1052
python3-setuptools,fedora_43,opensuse_15.2,0.0,923,270,0,1193
python3-setuptools,fedora_43,ubuntu_focal,0.0,923,97,0,1020
python3-setuptools,opensuse_15.2,rhel_9,0.0,270,461,0,731
python3-setuptools,opensuse_15.2,ubuntu_focal,0.0,270,97,0,367
python3-setuptools,opensuse_15.2,ubuntu_jammy,0.0,270,137,0,407
python3-setuptools,opensuse_15.2,ubuntu_noble,0.0,270,191,0,461
python3-setuptools,rhel_8,ubuntu_jammy,0.0,16,137,0,153
python3-setuptools,rhel_8,ubuntu_noble,0.0,16,191,0,207
python3-setuptools,rhel_9,ubuntu_focal,0.0,461,97,0,558
python3-sexpdata,debian_bookworm,fedora_42,0.0,4,10,0,14
python3-sexpdata,debian_bookworm,fedora_43,0.0,4,10,0,14
python3-sexpdata,fedora_42,ubuntu_focal,0.0,10,4,0,14
python3-sexpdata,fedora_42,ubuntu_jammy,0.0,10,4,0,14
python3-sexpdata,fedora_42,ubuntu_noble,0.0,10,6,0,16
python3-sexpdata,fedora_43,ubuntu_focal,0.0,10,4,0,14
python3-sexpdata,fedora_43,ubuntu_jammy,0.0,10,4,0,14
python3-sexpdata,fedora_43,ubuntu_noble,0.0,10,6,0,16
python3-sh,debian_bookworm,fedora_42,0.0,7,10,0,17
python3-sh,debian_bookworm,fedora_43,0.0,7,10,0,17
python3-sh,fedora_42,ubuntu_focal,0.0,10,7,0,17
python3-sh,fedora_42,ubuntu_jammy,0.0,10,6,0,16
python3-sh,fedora_42,ubuntu_noble,0.0,10,6,0,16
python3-sh,fedora_43,ubuntu_focal,0.0,10,7,0,17
python3-sh,fedora_43,ubuntu_jammy,0.0,10,6,0,16
python3-sh,fedora_43,ubuntu_noble,0.0,10,6,0,16
python3-shapely,arch,debian_bookworm,0.0,389,53,0,442
python3-shapely,arch,fedora_42,0.0,389,386,0,775
python3-shapely,arch,fedora_43,0.0,389,395,0,784
python3-shapely,arch,rhel_8,0.0,389,113,0,502
python3-shapely,arch,rhel_9,0.0,389,117,0,506
python3-shapely,arch,ubuntu_focal,0.0,389,51,0,440
python3-shapely,arch,ubuntu_jammy,0.0,389,52,0,441
python3-shapely,arch,ubuntu_noble,0.0,389,137,0,526
python3-shapely,debian_bookworm,fedora_42,0.0,53,386,0,439
python3-shapely,debian_bookworm,fedora_43,0.0,53,395,0,448
python3-shapely,debian_bookworm,rhel_8,0.0,53,113,0,166
python3-shapely,debian_bookworm,rhel_9,0.0,53,117,0,170
python3-shapely,fedora_42,rhel_8,0.0,386,113,0,499
python3-shapely,fedora_42,rhel_9,0.0,386,117,0,503
python3-shapely,fedora_42,ubuntu_focal,0.0,386,51,0,437
python3-shapely,fedora_42,ubuntu_jammy,0.0,386,52,0,438
python3-shapely,fedora_43,rhel_8,0.0,395,113,0,508
python3-shapely,fedora_43,rhel_9,0.0,395,117,0,512
python3-shapely,fedora_43,ubuntu_focal,0.0,395,51,0,446
python3-shapely,fedora_43,ubuntu_jammy,0.0,395,52,0,447
python3-shapely,rhel_8,rhel_9,0.0,113,117,0,230
python3-shapely,rhel_8,ubuntu_focal,0.0,113,51,0,164
python3-shapely,rhel_8,ubuntu_jammy,0.0,113,52,0,165
python3-shapely,rhel_8,ubuntu_noble,0.0,113,137,0,250
python3-shapely,rhel_9,ubuntu_focal,0.0,117,51,0,168
python3-shapely,rhel_9,ubuntu_jammy,0.0,117,52,0,169
python3-shapely,rhel_9,ubuntu_noble,0.0,117,137,0,254
python3-simplejson,arch,debian_bookworm,0.0,130,48,0,178
python3-simplejson,arch,fedora_42,0.0,130,131,0,261
python3-simplejson,arch,fedora_43,0.0,130,131,0,261
python3-simplejson,arch,ubuntu_focal,0.0,130,44,0,174
python3-simplejson,arch,ubuntu_jammy,0.0,130,47,0,177
python3-simplejson,arch,ubuntu_noble,0.0,130,47,0,177
python3-simplejson,debian_bookworm,fedora_42,0.0,48,131,0,179
python3-simplejson,debian_bookworm,fedora_43,0.0,48,131,0,179
python3-simplejson,fedora_42,ubuntu_focal,0.0,131,44,0,175
python3-simplejson,fedora_42,ubuntu_jammy,0.0,131,47,0,178
python3-simplejson,fedora_42,ubuntu_noble,0.0,131,47,0,178
python3-simplejson,fedora_43,ubuntu_focal,0.0,131,44,0,175
python3-simplejson,fedora_43,ubuntu_jammy,0.0,131,47,0,178
python3-simplejson,fedora_43,ubuntu_noble,0.0,131,47,0,178
python3-sip,debian_bookworm,fedora_42,0.0,10,13,0,23
python3-sip,debian_bookworm,fedora_43,0.0,10,13,0,23
python3-sip,debian_bookworm,opensuse_15.2,0.0,10,12,0,22
python3-sip,fedora_42,fedora_43,0.0,13,13,0,26
python3-sip,fedora_42,opensuse_15.2,0.0,13,12,0,25
python3-sip,fedora_42,ubuntu_focal,0.0,13,9,0,22
python3-sip,fedora_42,ubuntu_jammy,0.0,13,8,0,21
python3-sip,fedora_42,ubuntu_noble,0.0,13,8,0,21
python3-sip,fedora_43,opensuse_15.2,0.0,13,12,0,25
python3-sip,fedora_43,ubuntu_focal,0.0,13,9,0,22
python3-sip,fedora_43,ubuntu_jammy,0.0,13,8,0,21
python3-sip,fedora_43,ubuntu_noble,0.0,13,8,0,21
python3-sip,opensuse_15.2,ubuntu_focal,0.0,12,9,0,21
python3-sip,opensuse_15.2,ubuntu_jammy,0.0,12,8,0,20
python3-sip,opensuse_15.2,ubuntu_noble,0.0,12,8,0,20
python3-six,arch,debian_bookworm,0.0,8,8,0,16
python3-six,arch,fedora_42,0.0,8,10,0,18
python3-six,arch,ubuntu_focal,0.0,8,7,0,15
python3-six,arch,ubuntu_jammy,0.0,8,7,0,15
python3-six,arch,ubuntu_noble,0.0,8,7,0,15
python3-six,debian_bookworm,fedora_42,0.0,8,10,0,18
python3-six,debian_bookworm,fedora_43,0.0,8,10,0,18
python3-six,fedora_42,ubuntu_focal,0.0,10,7,0,17
python3-six,fedora_42,ubuntu_jammy,0.0,10,7,0,17
python3-six,fedora_42,ubuntu_noble,0.0,10,7,0,17
python3-six,fedora_43,ubuntu_focal,0.0,10,7,0,17
python3-six,fedora_43,ubuntu_jammy,0.0,10,7,0,17
python3-six,fedora_43,ubuntu_noble,0.0,10,7,0,17
python3-skimage,debian_bookworm,fedora_42,0.0,619,1240,0,1859
python3-skimage,debian_bookworm,fedora_43,0.0,619,1241,0,1860
python3-skimage,fedora_42,ubuntu_focal,0.0,1240,479,0,1719
python3-skimage,fedora_42,ubuntu_jammy,0.0,1240,503,0,1743
python3-skimage,fedora_42,ubuntu_noble,0.0,1240,514,0,1754
python3-skimage,fedora_43,ubuntu_focal,0.0,1241,479,0,1720
python3-skimage,fedora_43,ubuntu_jammy,0.0,1241,503,0,1744
python3-skimage,fedora_43,ubuntu_noble,0.0,1241,514,0,1755
python3-sklearn,debian_bookworm,fedora_42,0.0,678,2418,0,3096
python3-sklearn,debian_bookworm,fedora_43,0.0,678,2583,0,3261
python3-sklearn,fedora_42,ubuntu_focal,0.0,2418,704,0,3122
python3-sklearn,fedora_42,ubuntu_jammy,0.0,2418,717,0,3135
python3-sklearn,fedora_42,ubuntu_noble,0.0,2418,701,0,3119
python3-sklearn,fedora_43,ubuntu_focal,0.0,2583,704,0,3287
python3-sklearn,fedora_43,ubuntu_jammy,0.0,2583,717,0,3300
python3-sklearn,fedora_43,ubuntu_noble,0.0,2583,701,0,3284
python3-smbus,arch,debian_bookworm,0.0,33,5,0,38
python3-smbus,arch,fedora_42,0.0,33,7,0,40
python3-smbus,arch,fedora_43,0.0,33,7,0,40
python3-smbus,arch,opensuse_15.2,0.0,33,4,0,37
python3-smbus,arch,rhel_9,0.0,33,4,0,37
python3-smbus,arch,ubuntu_focal,0.0,33,3,0,36
python3-smbus,arch,ubuntu_jammy,0.0,33,3,0,36
python3-smbus,arch,ubuntu_noble,0.0,33,3,0,36
python3-smbus,debian_bookworm,fedora_42,0.0,5,7,0,12
python3-smbus,debian_bookworm,fedora_43,0.0,5,7,0,12
python3-smbus,debian_bookworm,opensuse_15.2,0.0,5,4,0,9
python3-smbus,debian_bookworm,rhel_9,0.0,5,4,0,9
python3-smbus,fedora_42,opensuse_15.2,0.0,7,4,0,11
python3-smbus,fedora_42,ubuntu_focal,0.0,7,3,0,10
python3-smbus,fedora_42,ubuntu_jammy,0.0,7,3,0,10
python3-smbus,fedora_42,ubuntu_noble,0.0,7,3,0,10
python3-smbus,fedora_43,opensuse_15.2,0.0,7,4,0,11
python3-smbus,fedora_43,ubuntu_focal,0.0,7,3,0,10
python3-smbus,fedora_43,ubuntu_jammy,0.0,7,3,0,10
python3-smbus,fedora_43,ubuntu_noble,0.0,7,3,0,10
python3-smbus,opensuse_15.2,rhel_9,0.0,4,4,0,8
python3-smbus,opensuse_15.2,ubuntu_focal,0.0,4,3,0,7
python3-smbus,opensuse_15.2,ubuntu_jammy,0.0,4,3,0,7
python3-smbus,opensuse_15.2,ubuntu_noble,0.0,4,3,0,7
python3-smbus,rhel_9,ubuntu_focal,0.0,4,3,0,7
python3-smbus,rhel_9,ubuntu_jammy,0.0,4,3,0,7
python3-smbus,rhel_9,ubuntu_noble,0.0,4,3,0,7
python3-socketio,fedora_42,ubuntu_focal,0.0,101,32,0,133
python3-socketio,fedora_42,ubuntu_jammy,0.0,101,32,0,133
python3-socketio,fedora_43,ubuntu_focal,0.0,101,32,0,133
python3-socketio,fedora_43,ubuntu_jammy,0.0,101,32,0,133
python3-sphinx,fedora_42,ubuntu_focal,0.0,953,200,0,1153
python3-sphinx,fedora_43,ubuntu_focal,0.0,970,200,0,1170
python3-sphinx,opensuse_15.2,ubuntu_focal,0.0,839,200,0,1039
python3-sphinx,rhel_8,ubuntu_focal,0.0,720,200,0,920
python3-sphinx,rhel_9,ubuntu_focal,0.0,844,200,0,1044
python3-sphinx-argparse,debian_bookworm,fedora_42,0.0,62,17,0,79
python3-sphinx-argparse,debian_bookworm,fedora_43,0.0,62,18,0,80
python3-sphinx-argparse,fedora_42,ubuntu_focal,0.0,17,71,0,88
python3-sphinx-argparse,fedora_42,ubuntu_jammy,0.0,17,59,0,76
python3-sphinx-argparse,fedora_42,ubuntu_noble,0.0,17,59,0,76
python3-sphinx-argparse,fedora_43,ubuntu_focal,0.0,18,71,0,89
python3-sphinx-argparse,fedora_43,ubuntu_jammy,0.0,18,59,0,77
python3-sphinx-argparse,fedora_43,ubuntu_noble,0.0,18,59,0,77
python3-sphinx-copybutton,debian_bookworm,fedora_42,0.0,14,15,0,29
python3-sphinx-copybutton,debian_bookworm,fedora_43,0.0,14,15,0,29
python3-sphinx-copybutton,debian_bookworm,pypi,0.0,14,12,0,26
python3-sphinx-copybutton,debian_bookworm,rhel_9,0.0,14,15,0,29
python3-sphinx-copybutton,fedora_42,pypi,0.0,15,12,0,27
python3-sphinx-copybutton,fedora_42,ubuntu_focal,0.0,15,9,0,24
python3-sphinx-copybutton,fedora_42,ubuntu_jammy,0.0,15,13,0,28
python3-sphinx-copybutton,fedora_42,ubuntu_noble,0.0,15,13,0,28
python3-sphinx-copybutton,fedora_43,pypi,0.0,15,12,0,27
python3-sphinx-copybutton,fedora_43,ubuntu_focal,0.0,15,9,0,24
python3-sphinx-copybutton,fedora_43,ubuntu_jammy,0.0,15,13,0,28
python3-sphinx-copybutton,fedora_43,ubuntu_noble,0.0,15,13,0,28
python3-sphinx-copybutton,pypi,rhel_9,0.0,12,15,0,27
python3-sphinx-copybutton,pypi,ubuntu_focal,0.0,12,9,0,21
python3-sphinx-copybutton,pypi,ubuntu_jammy,0.0,12,13,0,25
python3-sphinx-copybutton,pypi,ubuntu_noble,0.0,12,13,0,25
python3-sphinx-copybutton,rhel_9,ubuntu_focal,0.0,15,9,0,24
python3-sphinx-copybutton,rhel_9,ubuntu_jammy,0.0,15,13,0,28
python3-sphinx-copybutton,rhel_9,ubuntu_noble,0.0,15,13,0,28
python3-sphinx-rtd-theme,debian_bookworm,fedora_42,0.0,77,64,0,141
python3-sphinx-rtd-theme,debian_bookworm,fedora_43,0.0,77,64,0,141
python3-sphinx-rtd-theme,debian_bookworm,rhel_8,0.0,77,35,0,112
python3-sphinx-rtd-theme,debian_bookworm,rhel_9,0.0,77,46,0,123
python3-sphinx-rtd-theme,fedora_42,ubuntu_focal,0.0,64,36,0,100
python3-sphinx-rtd-theme,fedora_42,ubuntu_jammy,0.0,64,68,0,132
python3-sphinx-rtd-theme,fedora_42,ubuntu_noble,0.0,64,76,0,140
python3-sphinx-rtd-theme,fedora_43,ubuntu_focal,0.0,64,36,0,100
python3-sphinx-rtd-theme,fedora_43,ubuntu_jammy,0.0,64,68,0,132
python3-sphinx-rtd-theme,fedora_43,ubuntu_noble,0.0,64,76,0,140
python3-sphinx-rtd-theme,rhel_8,ubuntu_focal,0.0,35,36,0,71
python3-sphinx-rtd-theme,rhel_8,ubuntu_jammy,0.0,35,68,0,103
python3-sphinx-rtd-theme,rhel_8,ubuntu_noble,0.0,35,76,0,111
python3-sphinx-rtd-theme,rhel_9,ubuntu_focal,0.0,46,36,0,82
python3-sphinx-rtd-theme,rhel_9,ubuntu_jammy,0.0,46,68,0,114
python3-sphinx-rtd-theme,rhel_9,ubuntu_noble,0.0,46,76,0,122
python3-sqlalchemy,arch,debian_bookworm,0.0,787,245,0,1032
python3-sqlalchemy,arch,fedora_42,0.0,787,789,0,1576
python3-sqlalchemy,arch,fedora_43,0.0,787,792,0,1579
python3-sqlalchemy,arch,opensuse_15.2,0.0,787,586,0,1373
python3-sqlalchemy,arch,ubuntu_focal,0.0,787,200,0,987
python3-sqlalchemy,arch,ubuntu_jammy,0.0,787,245,0,1032
python3-sqlalchemy,arch,ubuntu_noble,0.0,787,245,0,1032
python3-sqlalchemy,debian_bookworm,fedora_42,0.0,245,789,0,1034
python3-sqlalchemy,debian_bookworm,fedora_43,0.0,245,792,0,1037
python3-sqlalchemy,debian_bookworm,opensuse_15.2,0.0,245,586,0,831
python3-sqlalchemy,fedora_42,opensuse_15.2,0.0,789,586,0,1375
python3-sqlalchemy,fedora_42,ubuntu_focal,0.0,789,200,0,989
python3-sqlalchemy,fedora_42,ubuntu_jammy,0.0,789,245,0,1034
python3-sqlalchemy,fedora_42,ubuntu_noble,0.0,789,245,0,1034
python3-sqlalchemy,fedora_43,opensuse_15.2,0.0,792,586,0,1378
python3-sqlalchemy,fedora_43,ubuntu_focal,0.0,792,200,0,992
python3-sqlalchemy,fedora_43,ubuntu_jammy,0.0,792,245,0,1037
python3-sqlalchemy,fedora_43,ubuntu_noble,0.0,792,245,0,1037
python3-sqlalchemy,opensuse_15.2,ubuntu_focal,0.0,586,200,0,786
python3-sqlalchemy,opensuse_15.2,ubuntu_jammy,0.0,586,245,0,831
python3-sqlalchemy,opensuse_15.2,ubuntu_noble,0.0,586,245,0,831
python3-sqlalchemy-utils,alpine_edge,debian_bookworm,0.0,69,72,0,141
python3-sqlalchemy-utils,alpine_edge,fedora_42,0.0,69,199,0,268
python3-sqlalchemy-utils,alpine_edge,opensuse_15.2,0.0,69,180,0,249
python3-sqlalchemy-utils,alpine_edge,ubuntu_focal,0.0,69,64,0,133
python3-sqlalchemy-utils,alpine_edge,ubuntu_jammy,0.0,69,71,0,140
python3-sqlalchemy-utils,alpine_edge,ubuntu_noble,0.0,69,71,0,140
python3-sqlalchemy-utils,arch,debian_bookworm,0.0,198,72,0,270
python3-sqlalchemy-utils,arch,fedora_42,0.0,198,199,0,397
python3-sqlalchemy-utils,arch,opensuse_15.2,0.0,198,180,0,378
python3-sqlalchemy-utils,arch,ubuntu_focal,0.0,198,64,0,262
python3-sqlalchemy-utils,arch,ubuntu_jammy,0.0,198,71,0,269
python3-sqlalchemy-utils,arch,ubuntu_noble,0.0,198,71,0,269
python3-sqlalchemy-utils,debian_bookworm,fedora_42,0.0,72,199,0,271
python3-sqlalchemy-utils,debian_bookworm,fedora_43,0.0,72,199,0,271
python3-sqlalchemy-utils,debian_bookworm,opensuse_15.2,0.0,72,180,0,252
python3-sqlalchemy-utils,fedora_42,opensuse_15.2,0.0,199,180,0,379
python3-sqlalchemy-utils,fedora_42,ubuntu_focal,0.0,199,64,0,263
python3-sqlalchemy-utils,fedora_42,ubuntu_jammy,0.0,199,71,0,270
python3-sqlalchemy-utils,fedora_42,ubuntu_noble,0.0,199,71,0,270
python3-sqlalchemy-utils,fedora_43,opensuse_15.2,0.0,199,180,0,379
python3-sqlalchemy-utils,fedora_43,ubuntu_focal,0.0,199,64,0,263
python3-sqlalchemy-utils,fedora_43,ubuntu_jammy,0.0,199,71,0,270
python3-sqlalchemy-utils,fedora_43,ubuntu_noble,0.0,199,71,0,270
python3-sqlalchemy-utils,opensuse_15.2,ubuntu_focal,0.0,180,64,0,244
python3-sqlalchemy-utils,opensuse_15.2,ubuntu_jammy,0.0,180,71,0,251
python3-sqlalchemy-utils,opensuse_15.2,ubuntu_noble,0.0,180,71,0,251
python3-sqlmodel,debian_bookworm,pypi,0.0,23,23,0,46
python3-sqlmodel,pypi,ubuntu_noble,0.0,23,23,0,46
python3-streamz,debian_bookworm,opensuse_15.2,0.0,49,87,0,136
python3-streamz,debian_bookworm,pypi,0.0,49,34,0,83
python3-streamz,opensuse_15.2,pypi,0.0,87,34,0,121
python3-streamz,opensuse_15.2,ubuntu_jammy,0.0,87,46,0,133
python3-streamz,opensuse_15.2,ubuntu_noble,0.0,87,49,0,136
python3-streamz,pypi,ubuntu_jammy,0.0,34,46,0,80
python3-streamz,pypi,ubuntu_noble,0.0,34,49,0,83
python3-svg.path,alpine_edge,debian_bookworm,0.0,11,20,0,31
python3-svg.path,alpine_edge,fedora_42,0.0,11,21,0,32
python3-svg.path,alpine_edge,ubuntu_focal,0.0,11,18,0,29
python3-svg.path,alpine_edge,ubuntu_jammy,0.0,11,18,0,29
python3-svg.path,alpine_edge,ubuntu_noble,0.0,11,12,0,23
python3-svg.path,debian_bookworm,fedora_42,0.0,20,21,0,41
python3-svg.path,debian_bookworm,fedora_43,0.0,20,21,0,41
python3-svg.path,fedora_42,ubuntu_focal,0.0,21,18,0,39
python3-svg.path,fedora_42,ubuntu_jammy,0.0,21,18,0,39
python3-svg.path,fedora_42,ubuntu_noble,0.0,21,12,0,33
python3-svg.path,fedora_43,ubuntu_focal,0.0,21,18,0,39
python3-svg.path,fedora_43,ubuntu_jammy,0.0,21,18,0,39
python3-svg.path,fedora_43,ubuntu_noble,0.0,21,12,0,33
python3-sympy,debian_bookworm,fedora_42,0.0,1507,4596,0,6103
python3-sympy,debian_bookworm,fedora_43,0.0,1507,4641,0,6148
python3-sympy,fedora_42,ubuntu_focal,0.0,4596,1325,0,5921
python3-sympy,fedora_42,ubuntu_jammy,0.0,4596,1483,0,6079
python3-sympy,fedora_42,ubuntu_noble,0.0,4596,1485,0,6081
python3-sympy,fedora_43,ubuntu_focal,0.0,4641,1325,0,5966
python3-sympy,fedora_43,ubuntu_jammy,0.0,4641,1483,0,6124
python3-sympy,fedora_43,ubuntu_noble,0.0,4641,1485,0,6126
python3-systemd,debian_bookworm,fedora_42,0.0,18,38,0,56
python3-systemd,debian_bookworm,fedora_43,0.0,18,38,0,56
python3-systemd,debian_bookworm,rhel_8,0.0,18,30,0,48
python3-systemd,debian_bookworm,rhel_9,0.0,18,32,0,50
python3-systemd,fedora_42,ubuntu_focal,0.0,38,14,0,52
python3-systemd,fedora_42,ubuntu_jammy,0.0,38,14,0,52
python3-systemd,fedora_42,ubuntu_noble,0.0,38,17,0,55
python3-systemd,fedora_43,ubuntu_focal,0.0,38,14,0,52
python3-systemd,fedora_43,ubuntu_jammy,0.0,38,14,0,52
python3-systemd,fedora_43,ubuntu_noble,0.0,38,17,0,55
python3-systemd,rhel_8,ubuntu_focal,0.0,30,14,0,44
python3-systemd,rhel_8,ubuntu_jammy,0.0,30,14,0,44
python3-systemd,rhel_8,ubuntu_noble,0.0,30,17,0,47
python3-systemd,rhel_9,ubuntu_focal,0.0,32,14,0,46
python3-systemd,rhel_9,ubuntu_jammy,0.0,32,14,0,46
python3-systemd,rhel_9,ubuntu_noble,0.0,32,17,0,49
python3-sysv-ipc,debian_bookworm,fedora_42,0.0,7,11,0,18
python3-sysv-ipc,debian_bookworm,fedora_43,0.0,7,11,0,18
python3-sysv-ipc,debian_bookworm,rhel_8,0.0,7,11,0,18
python3-sysv-ipc,debian_bookworm,rhel_9,0.0,7,11,0,18
python3-sysv-ipc,fedora_42,ubuntu_focal,0.0,11,6,0,17
python3-sysv-ipc,fedora_42,ubuntu_jammy,0.0,11,6,0,17
python3-sysv-ipc,fedora_42,ubuntu_noble,0.0,11,6,0,17
python3-sysv-ipc,fedora_43,ubuntu_focal,0.0,11,6,0,17
python3-sysv-ipc,fedora_43,ubuntu_jammy,0.0,11,6,0,17
python3-sysv-ipc,fedora_43,ubuntu_noble,0.0,11,6,0,17
python3-sysv-ipc,rhel_8,ubuntu_focal,0.0,11,6,0,17
python3-sysv-ipc,rhel_8,ubuntu_jammy,0.0,11,6,0,17
python3-sysv-ipc,rhel_8,ubuntu_noble,0.0,11,6,0,17
python3-sysv-ipc,rhel_9,ubuntu_focal,0.0,11,6,0,17
python3-sysv-ipc,rhel_9,ubuntu_jammy,0.0,11,6,0,17
python3-sysv-ipc,rhel_9,ubuntu_noble,0.0,11,6,0,17
python3-termcolor,debian_bookworm,fedora_42,0.0,6,20,0,26
python3-termcolor,debian_bookworm,fedora_43,0.0,6,17,0,23
python3-termcolor,debian_bookworm,opensuse_15.2,0.0,6,7,0,13
python3-termcolor,fedora_42,ubuntu_focal,0.0,20,6,0,26
python3-termcolor,fedora_42,ubuntu_jammy,0.0,20,6,0,26
python3-termcolor,fedora_42,ubuntu_noble,0.0,20,8,0,28
python3-termcolor,fedora_43,ubuntu_focal,0.0,17,6,0,23
python3-termcolor,fedora_43,ubuntu_jammy,0.0,17,6,0,23
python3-termcolor,fedora_43,ubuntu_noble,0.0,17,8,0,25
python3-termcolor,opensuse_15.2,ubuntu_focal,0.0,7,6,0,13
python3-termcolor,opensuse_15.2,ubuntu_jammy,0.0,7,6,0,13
python3-termcolor,opensuse_15.2,ubuntu_noble,0.0,7,8,0,15
python3-texttable,debian_bookworm,fedora_42,0.0,7,9,0,16
python3-texttable,debian_bookworm,fedora_43,0.0,7,9,0,16
python3-texttable,debian_bookworm,rhel_8,0.0,7,10,0,17
python3-texttable,debian_bookworm,rhel_9,0.0,7,9,0,16
python3-texttable,fedora_42,ubuntu_focal,0.0,9,6,0,15
python3-texttable,fedora_42,ubuntu_jammy,0.0,9,6,0,15
python3-texttable,fedora_42,ubuntu_noble,0.0,9,6,0,15
python3-texttable,fedora_43,ubuntu_focal,0.0,9,6,0,15
python3-texttable,fedora_43,ubuntu_jammy,0.0,9,6,0,15
python3-texttable,fedora_43,ubuntu_noble,0.0,9,6,0,15
python3-texttable,rhel_8,ubuntu_focal,0.0,10,6,0,16
python3-texttable,rhel_8,ubuntu_jammy,0.0,10,6,0,16
python3-texttable,rhel_8,ubuntu_noble,0.0,10,6,0,16
python3-texttable,rhel_9,ubuntu_focal,0.0,9,6,0,15
python3-texttable,rhel_9,ubuntu_jammy,0.0,9,6,0,15
python3-texttable,rhel_9,ubuntu_noble,0.0,9,6,0,15
python3-textual,arch,debian_bookworm,0.0,760,73,0,833
python3-textual,arch,fedora_42,0.0,760,718,0,1478
python3-textual,arch,ubuntu_jammy,0.0,760,72,0,832
python3-textual,arch,ubuntu_noble,0.0,760,72,0,832
python3-textual,debian_bookworm,fedora_42,0.0,73,718,0,791
python3-textual,debian_bookworm,fedora_43,0.0,73,742,0,815
python3-textual,fedora_42,ubuntu_jammy,0.0,718,72,0,790
python3-textual,fedora_42,ubuntu_noble,0.0,718,72,0,790
python3-textual,fedora_43,ubuntu_jammy,0.0,742,72,0,814
python3-textual,fedora_43,ubuntu_noble,0.0,742,72,0,814
python3-tk,debian_bookworm,fedora_42,0.0,20,286,0,306
python3-tk,debian_bookworm,fedora_43,0.0,20,286,0,306
python3-tk,debian_bookworm,opensuse_15.2,0.0,20,57,0,77
python3-tk,debian_bookworm,rhel_8,0.0,20,302,0,322
python3-tk,debian_bookworm,rhel_9,0.0,20,148,0,168
python3-tk,fedora_42,fedora_43,0.0,286,286,0,572
python3-tk,fedora_42,opensuse_15.2,0.0,286,57,0,343
python3-tk,fedora_42,rhel_8,0.0,286,302,0,588
python3-tk,fedora_42,rhel_9,0.0,286,148,0,434
python3-tk,fedora_42,ubuntu_focal,0.0,286,20,0,306
python3-tk,fedora_42,ubuntu_jammy,0.0,286,20,0,306
python3-tk,fedora_42,ubuntu_noble,0.0,286,20,0,306
python3-tk,fedora_43,opensuse_15.2,0.0,286,57,0,343
python3-tk,fedora_43,rhel_8,0.0,286,302,0,588
python3-tk,fedora_43,rhel_9,0.0,286,148,0,434
python3-tk,fedora_43,ubuntu_focal,0.0,286,20,0,306
python3-tk,fedora_43,ubuntu_jammy,0.0,286,20,0,306
python3-tk,fedora_43,ubuntu_noble,0.0,286,20,0,306
python3-tk,opensuse_15.2,rhel_9,0.0,57,148,0,205
python3-tk,opensuse_15.2,ubuntu_focal,0.0,57,20,0,77
python3-tk,opensuse_15.2,ubuntu_jammy,0.0,57,20,0,77
python3-tk,opensuse_15.2,ubuntu_noble,0.0,57,20,0,77
python3-tk,rhel_8,rhel_9,0.0,302,148,0,450
python3-tk,rhel_8,ubuntu_focal,0.0,302,20,0,322
python3-tk,rhel_8,ubuntu_jammy,0.0,302,20,0,322
python3-tk,rhel_8,ubuntu_noble,0.0,302,20,0,322
python3-tk,rhel_9,ubuntu_focal,0.0,148,20,0,168
python3-tk,rhel_9,ubuntu_jammy,0.0,148,20,0,168
python3-tk,rhel_9,ubuntu_noble,0.0,148,20,0,168
python3-toml,debian_bookworm,fedora_42,0.0,10,27,0,37
python3-toml,debian_bookworm,fedora_43,0.0,10,27,0,37
python3-toml,debian_bookworm,rhel_8,0.0,10,21,0,31
python3-toml,debian_bookworm,rhel_9,0.0,10,22,0,32
python3-toml,fedora_42,ubuntu_focal,0.0,27,10,0,37
python3-toml,fedora_42,ubuntu_jammy,0.0,27,10,0,37
python3-toml,fedora_42,ubuntu_noble,0.0,27,10,0,37
python3-toml,fedora_43,ubuntu_focal,0.0,27,10,0,37
python3-toml,fedora_43,ubuntu_jammy,0.0,27,10,0,37
python3-toml,fedora_43,ubuntu_noble,0.0,27,10,0,37
python3-toml,rhel_8,ubuntu_focal,0.0,21,10,0,31
python3-toml,rhel_8,ubuntu_jammy,0.0,21,10,0,31
python3-toml,rhel_8,ubuntu_noble,0.0,21,10,0,31
python3-toml,rhel_9,ubuntu_focal,0.0,22,10,0,32
python3-toml,rhel_9,ubuntu_jammy,0.0,22,10,0,32
python3-toml,rhel_9,ubuntu_noble,0.0,22,10,0,32
python3-tornado,arch,debian_bookworm,0.0,243,96,0,339
python3-tornado,arch,fedora_42,0.0,243,245,0,488
python3-tornado,arch,fedora_43,0.0,243,245,0,488
python3-tornado,arch,opensuse_15.2,0.0,243,319,0,562
python3-tornado,arch,rhel_8,0.0,243,255,0,498
python3-tornado,arch,rhel_9,0.0,243,243,0,486
python3-tornado,arch,ubuntu_focal,0.0,243,105,0,348
python3-tornado,arch,ubuntu_jammy,0.0,243,94,0,337
python3-tornado,arch,ubuntu_noble,0.0,243,96,0,339
python3-tornado,debian_bookworm,fedora_42,0.0,96,245,0,341
python3-tornado,debian_bookworm,fedora_43,0.0,96,245,0,341
python3-tornado,debian_bookworm,opensuse_15.2,0.0,96,319,0,415
python3-tornado,debian_bookworm,rhel_8,0.0,96,255,0,351
python3-tornado,debian_bookworm,rhel_9,0.0,96,243,0,339
python3-tornado,fedora_42,opensuse_15.2,0.0,245,319,0,564
python3-tornado,fedora_42,ubuntu_focal,0.0,245,105,0,350
python3-tornado,fedora_42,ubuntu_jammy,0.0,245,94,0,339
python3-tornado,fedora_42,ubuntu_noble,0.0,245,96,0,341
python3-tornado,fedora_43,opensuse_15.2,0.0,245,319,0,564
python3-tornado,fedora_43,ubuntu_focal,0.0,245,105,0,350
python3-tornado,fedora_43,ubuntu_jammy,0.0,245,94,0,339
python3-tornado,fedora_43,ubuntu_noble,0.0,245,96,0,341
python3-tornado,opensuse_15.2,rhel_9,0.0,319,243,0,562
python3-tornado,opensuse_15.2,ubuntu_focal,0.0,319,105,0,424
python3-tornado,opensuse_15.2,ubuntu_jammy,0.0,319,94,0,413
python3-tornado,opensuse_15.2,ubuntu_noble,0.0,319,96,0,415
python3-tornado,rhel_8,ubuntu_focal,0.0,255,105,0,360
python3-tornado,rhel_8,ubuntu_jammy,0.0,255,94,0,349
python3-tornado,rhel_8,ubuntu_noble,0.0,255,96,0,351
python3-tornado,rhel_9,ubuntu_focal,0.0,243,105,0,348
python3-tornado,rhel_9,ubuntu_jammy,0.0,243,94,0,337
python3-tornado,rhel_9,ubuntu_noble,0.0,243,96,0,339
python3-transforms3d,fedora_42,fedora_43,0.0,101,101,0,202
python3-transforms3d,fedora_42,pypi,0.0,101,39,0,140
python3-transforms3d,fedora_42,ubuntu_jammy,0.0,101,31,0,132
python3-transforms3d,fedora_42,ubuntu_noble,0.0,101,39,0,140
python3-transforms3d,fedora_43,pypi,0.0,101,39,0,140
python3-transforms3d,fedora_43,ubuntu_jammy,0.0,101,31,0,132
python3-transforms3d,fedora_43,ubuntu_noble,0.0,101,39,0,140
python3-transforms3d,pypi,ubuntu_jammy,0.0,39,31,0,70
python3-transforms3d,pypi,ubuntu_noble,0.0,39,39,0,78
python3-twilio,debian_bookworm,fedora_42,0.0,553,2062,0,2615
python3-twilio,debian_bookworm,fedora_43,0.0,553,2041,0,2594
python3-twilio,fedora_42,ubuntu_focal,0.0,2062,304,0,2366
python3-twilio,fedora_42,ubuntu_jammy,0.0,2062,536,0,2598
python3-twilio,fedora_42,ubuntu_noble,0.0,2062,654,0,2716
python3-twilio,fedora_43,ubuntu_focal,0.0,2041,304,0,2345
python3-twilio,fedora_43,ubuntu_jammy,0.0,2041,536,0,2577
python3-twilio,fedora_43,ubuntu_noble,0.0,2041,654,0,2695
python3-twisted,arch,debian_bookworm,0.0,2593,873,0,3466
python3-twisted,arch,ubuntu_focal,0.0,2593,857,0,3450
python3-twisted,arch,ubuntu_jammy,0.0,2593,874,0,3467
python3-twisted,arch,ubuntu_noble,0.0,2593,895,0,3488
python3-twisted,debian_bookworm,fedora_42,0.0,873,2615,0,3488
python3-twisted,debian_bookworm,fedora_43,0.0,873,2619,0,3492
python3-twisted,debian_bookworm,opensuse_15.2,0.0,873,2525,0,3398
python3-twisted,debian_bookworm,rhel_8,0.0,873,3103,0,3976
python3-twisted,debian_bookworm,rhel_9,0.0,873,2585,0,3458
python3-twisted,fedora_42,ubuntu_focal,0.0,2615,857,0,3472
python3-twisted,fedora_42,ubuntu_jammy,0.0,2615,874,0,3489
python3-twisted,fedora_42,ubuntu_noble,0.0,2615,895,0,3510
python3-twisted,fedora_43,ubuntu_focal,0.0,2619,857,0,3476
python3-twisted,fedora_43,ubuntu_jammy,0.0,2619,874,0,3493
python3-twisted,fedora_43,ubuntu_noble,0.0,2619,895,0,3514
python3-twisted,opensuse_15.2,ubuntu_focal,0.0,2525,857,0,3382
python3-twisted,opensuse_15.2,ubuntu_jammy,0.0,2525,874,0,3399
python3-twisted,opensuse_15.2,ubuntu_noble,0.0,2525,895,0,3420
python3-twisted,rhel_8,ubuntu_focal,0.0,3103,857,0,3960
python3-twisted,rhel_8,ubuntu_jammy,0.0,3103,874,0,3977
python3-twisted,rhel_8,ubuntu_noble,0.0,3103,895,0,3998
python3-twisted,rhel_9,ubuntu_focal,0.0,2585,857,0,3442
python3-twisted,rhel_9,ubuntu_jammy,0.0,2585,874,0,3459
python3-twisted,rhel_9,ubuntu_noble,0.0,2585,895,0,3480
python3-typeguard,arch,debian_bookworm,0.0,44,10,0,54
python3-typeguard,arch,fedora_42,0.0,44,47,0,91
python3-typeguard,arch,rhel_8,0.0,44,19,0,63
python3-typeguard,arch,rhel_9,0.0,44,17,0,61
python3-typeguard,arch,ubuntu_focal,0.0,44,9,0,53
python3-typeguard,arch,ubuntu_jammy,0.0,44,9,0,53
python3-typeguard,arch,ubuntu_noble,0.0,44,22,0,66
python3-typeguard,debian_bookworm,fedora_42,0.0,10,47,0,57
python3-typeguard,debian_bookworm,fedora_43,0.0,10,44,0,54
python3-typeguard,debian_bookworm,rhel_8,0.0,10,19,0,29
python3-typeguard,debian_bookworm,rhel_9,0.0,10,17,0,27
python3-typeguard,fedora_42,ubuntu_focal,0.0,47,9,0,56
python3-typeguard,fedora_42,ubuntu_jammy,0.0,47,9,0,56
python3-typeguard,fedora_43,ubuntu_focal,0.0,44,9,0,53
python3-typeguard,fedora_43,ubuntu_jammy,0.0,44,9,0,53
python3-typeguard,rhel_8,ubuntu_focal,0.0,19,9,0,28
python3-typeguard,rhel_8,ubuntu_jammy,0.0,19,9,0,28
python3-typeguard,rhel_9,ubuntu_focal,0.0,17,9,0,26
python3-typeguard,rhel_9,ubuntu_jammy,0.0,17,9,0,26
python3-typer,debian_bookworm,fedora_42,0.0,20,5,0,25
python3-typer,debian_bookworm,fedora_43,0.0,20,5,0,25
python3-typer,debian_bookworm,pypi,0.0,20,40,0,60
python3-typer,fedora_42,fedora_43,0.0,5,5,0,10
python3-typer,fedora_42,pypi,0.0,5,40,0,45
python3-typer,fedora_42,ubuntu_jammy,0.0,5,19,0,24
python3-typer,fedora_42,ubuntu_noble,0.0,5,21,0,26
python3-typer,fedora_43,pypi,0.0,5,40,0,45
python3-typer,fedora_43,ubuntu_jammy,0.0,5,19,0,24
python3-typer,fedora_43,ubuntu_noble,0.0,5,21,0,26
python3-typer,pypi,ubuntu_jammy,0.0,40,19,0,59
python3-typer,pypi,ubuntu_noble,0.0,40,21,0,61
python3-types-pyyaml,debian_bookworm,fedora_42,0.0,3515,24,0,3539
python3-types-pyyaml,debian_bookworm,fedora_43,0.0,3515,24,0,3539
python3-types-pyyaml,debian_bookworm,pypi,0.0,3515,25,0,3540
python3-types-pyyaml,debian_bookworm,rhel_9,0.0,3515,24,0,3539
python3-types-pyyaml,fedora_42,pypi,0.0,24,25,0,49
python3-types-pyyaml,fedora_42,ubuntu_jammy,0.0,24,2225,0,2249
python3-types-pyyaml,fedora_42,ubuntu_noble,0.0,24,4193,0,4217
python3-types-pyyaml,fedora_43,pypi,0.0,24,25,0,49
python3-types-pyyaml,fedora_43,ubuntu_jammy,0.0,24,2225,0,2249
python3-types-pyyaml,fedora_43,ubuntu_noble,0.0,24,4193,0,4217
python3-types-pyyaml,pypi,rhel_9,0.0,25,24,0,49
python3-types-pyyaml,pypi,ubuntu_jammy,0.0,25,2225,0,2250
python3-types-pyyaml,pypi,ubuntu_noble,0.0,25,4193,0,4218
python3-types-pyyaml,rhel_9,ubuntu_jammy,0.0,24,2225,0,2249
python3-types-pyyaml,rhel_9,ubuntu_noble,0.0,24,4193,0,4217
python3-typing-extensions,arch,debian_bookworm,0.0,8,10,0,18
python3-typing-extensions,arch,fedora_42,0.0,8,10,0,18
python3-typing-extensions,arch,opensuse_15.2,0.0,8,9,0,17
python3-typing-extensions,arch,rhel_8,0.0,8,10,0,18
python3-typing-extensions,arch,rhel_9,0.0,8,10,0,18
python3-typing-extensions,arch,ubuntu_focal,0.0,8,9,0,17
python3-typing-extensions,arch,ubuntu_jammy,0.0,8,9,0,17
python3-typing-extensions,arch,ubuntu_noble,0.0,8,9,0,17
python3-typing-extensions,debian_bookworm,fedora_42,0.0,10,10,0,20
python3-typing-extensions,debian_bookworm,fedora_43,0.0,10,9,0,19
python3-typing-extensions,debian_bookworm,opensuse_15.2,0.0,10,9,0,19
python3-typing-extensions,debian_bookworm,rhel_8,0.0,10,10,0,20
python3-typing-extensions,debian_bookworm,rhel_9,0.0,10,10,0,20
python3-typing-extensions,fedora_42,opensuse_15.2,0.0,10,9,0,19
python3-typing-extensions,fedora_42,ubuntu_focal,0.0,10,9,0,19
python3-typing-extensions,fedora_42,ubuntu_jammy,0.0,10,9,0,19
python3-typing-extensions,fedora_43,opensuse_15.2,0.0,9,9,0,18
python3-typing-extensions,fedora_43,rhel_8,0.0,9,10,0,19
python3-typing-extensions,fedora_43,ubuntu_focal,0.0,9,9,0,18
python3-typing-extensions,fedora_43,ubuntu_jammy,0.0,9,9,0,18
python3-typing-extensions,opensuse_15.2,rhel_9,0.0,9,10,0,19
python3-typing-extensions,opensuse_15.2,ubuntu_focal,0.0,9,9,0,18
python3-typing-extensions,opensuse_15.2,ubuntu_jammy,0.0,9,9,0,18
python3-typing-extensions,opensuse_15.2,ubuntu_noble,0.0,9,9,0,18
python3-typing-extensions,rhel_8,ubuntu_noble,0.0,10,9,0,19
python3-typing-extensions,rhel_9,ubuntu_focal,0.0,10,9,0,19
python3-typing-extensions,rhel_9,ubuntu_jammy,0.0,10,9,0,19
python3-tz,alpine_edge,debian_bookworm,0.0,616,13,0,629
python3-tz,alpine_edge,fedora_42,0.0,616,25,0,641
python3-tz,alpine_edge,rhel_8,0.0,616,26,0,642
python3-tz,alpine_edge,rhel_9,0.0,616,25,0,641
python3-tz,alpine_edge,ubuntu_focal,0.0,616,12,0,628
python3-tz,alpine_edge,ubuntu_jammy,0.0,616,13,0,629
python3-tz,alpine_edge,ubuntu_noble,0.0,616,13,0,629
python3-tz,arch,debian_bookworm,0.0,18,13,0,31
python3-tz,arch,fedora_42,0.0,18,25,0,43
python3-tz,arch,rhel_8,0.0,18,26,0,44
python3-tz,arch,rhel_9,0.0,18,25,0,43
python3-tz,arch,ubuntu_focal,0.0,18,12,0,30
python3-tz,arch,ubuntu_jammy,0.0,18,13,0,31
python3-tz,arch,ubuntu_noble,0.0,18,13,0,31
python3-tz,debian_bookworm,fedora_42,0.0,13,25,0,38
python3-tz,debian_bookworm,fedora_43,0.0,13,25,0,38
python3-tz,debian_bookworm,rhel_8,0.0,13,26,0,39
python3-tz,debian_bookworm,rhel_9,0.0,13,25,0,38
python3-tz,fedora_42,rhel_8,0.0,25,26,0,51
python3-tz,fedora_42,ubuntu_focal,0.0,25,12,0,37
python3-tz,fedora_42,ubuntu_jammy,0.0,25,13,0,38
python3-tz,fedora_42,ubuntu_noble,0.0,25,13,0,38
python3-tz,fedora_43,rhel_8,0.0,25,26,0,51
python3-tz,fedora_43,ubuntu_focal,0.0,25,12,0,37
python3-tz,fedora_43,ubuntu_jammy,0.0,25,13,0,38
python3-tz,fedora_43,ubuntu_noble,0.0,25,13,0,38
python3-tz,rhel_8,ubuntu_focal,0.0,26,12,0,38
python3-tz,rhel_8,ubuntu_jammy,0.0,26,13,0,39
python3-tz,rhel_8,ubuntu_noble,0.0,26,13,0,39
python3-tz,rhel_9,ubuntu_focal,0.0,25,12,0,37
python3-tz,rhel_9,ubuntu_jammy,0.0,25,13,0,38
python3-tz,rhel_9,ubuntu_noble,0.0,25,13,0,38
python3-ujson,debian_bookworm,fedora_42,0.0,7,8,0,15
python3-ujson,debian_bookworm,fedora_43,0.0,7,9,0,16
python3-ujson,debian_bookworm,rhel_8,0.0,7,8,0,15
python3-ujson,debian_bookworm,rhel_9,0.0,7,8,0,15
python3-ujson,fedora_42,rhel_8,0.0,8,8,0,16
python3-ujson,fedora_42,ubuntu_focal,0.0,8,5,0,13
python3-ujson,fedora_42,ubuntu_jammy,0.0,8,7,0,15
python3-ujson,fedora_42,ubuntu_noble,0.0,8,7,0,15
python3-ujson,fedora_43,rhel_8,0.0,9,8,0,17
python3-ujson,fedora_43,ubuntu_focal,0.0,9,5,0,14
python3-ujson,fedora_43,ubuntu_jammy,0.0,9,7,0,16
python3-ujson,fedora_43,ubuntu_noble,0.0,9,7,0,16
python3-ujson,rhel_8,rhel_9,0.0,8,8,0,16
python3-ujson,rhel_8,ubuntu_focal,0.0,8,5,0,13
python3-ujson,rhel_8,ubuntu_jammy,0.0,8,7,0,15
python3-ujson,rhel_8,ubuntu_noble,0.0,8,7,0,15
python3-ujson,rhel_9,ubuntu_focal,0.0,8,5,0,13
python3-ujson,rhel_9,ubuntu_jammy,0.0,8,7,0,15
python3-ujson,rhel_9,ubuntu_noble,0.0,8,7,0,15
python3-unidecode,arch,debian_bookworm,0.0,587,200,0,787
python3-unidecode,arch,ubuntu_focal,0.0,587,197,0,784
python3-unidecode,arch,ubuntu_jammy,0.0,587,199,0,786
python3-unidecode,arch,ubuntu_noble,0.0,587,199,0,786
python3-unidecode,debian_bookworm,fedora_42,0.0,200,589,0,789
python3-unidecode,debian_bookworm,fedora_43,0.0,200,589,0,789
python3-unidecode,debian_bookworm,rhel_8,0.0,200,589,0,789
python3-unidecode,debian_bookworm,rhel_9,0.0,200,589,0,789
python3-unidecode,fedora_42,ubuntu_focal,0.0,589,197,0,786
python3-unidecode,fedora_42,ubuntu_jammy,0.0,589,199,0,788
python3-unidecode,fedora_42,ubuntu_noble,0.0,589,199,0,788
python3-unidecode,fedora_43,ubuntu_focal,0.0,589,197,0,786
python3-unidecode,fedora_43,ubuntu_jammy,0.0,589,199,0,788
python3-unidecode,fedora_43,ubuntu_noble,0.0,589,199,0,788
python3-unidecode,rhel_8,ubuntu_focal,0.0,589,197,0,786
python3-unidecode,rhel_8,ubuntu_jammy,0.0,589,199,0,788
python3-unidecode,rhel_8,ubuntu_noble,0.0,589,199,0,788
python3-unidecode,rhel_9,ubuntu_focal,0.0,589,197,0,786
python3-unidecode,rhel_9,ubuntu_jammy,0.0,589,199,0,788
python3-unidecode,rhel_9,ubuntu_noble,0.0,589,199,0,788
python3-unidiff,debian_bookworm,fedora_42,0.0,12,27,0,39
python3-unidiff,debian_bookworm,fedora_43,0.0,12,27,0,39
python3-unidiff,debian_bookworm,rhel_8,0.0,12,27,0,39
python3-unidiff,debian_bookworm,rhel_9,0.0,12,27,0,39
python3-unidiff,fedora_42,ubuntu_focal,0.0,27,11,0,38
python3-unidiff,fedora_42,ubuntu_jammy,0.0,27,11,0,38
python3-unidiff,fedora_42,ubuntu_noble,0.0,27,11,0,38
python3-unidiff,fedora_43,ubuntu_focal,0.0,27,11,0,38
python3-unidiff,fedora_43,ubuntu_jammy,0.0,27,11,0,38
python3-unidiff,fedora_43,ubuntu_noble,0.0,27,11,0,38
python3-unidiff,rhel_8,ubuntu_focal,0.0,27,11,0,38
python3-unidiff,rhel_8,ubuntu_jammy,0.0,27,11,0,38
python3-unidiff,rhel_8,ubuntu_noble,0.0,27,11,0,38
python3-unidiff,rhel_9,ubuntu_focal,0.0,27,11,0,38
python3-unidiff,rhel_9,ubuntu_jammy,0.0,27,11,0,38
python3-unidiff,rhel_9,ubuntu_noble,0.0,27,11,0,38
python3-urllib3,debian_bookworm,fedora_42,0.0,44,116,0,160
python3-urllib3,debian_bookworm,fedora_43,0.0,44,116,0,160
python3-urllib3,fedora_42,ubuntu_focal,0.0,116,41,0,157
python3-urllib3,fedora_42,ubuntu_jammy,0.0,116,44,0,160
python3-urllib3,fedora_42,ubuntu_noble,0.0,116,38,0,154
python3-urllib3,fedora_43,ubuntu_focal,0.0,116,41,0,157
python3-urllib3,fedora_43,ubuntu_jammy,0.0,116,44,0,160
python3-urllib3,fedora_43,ubuntu_noble,0.0,116,38,0,154
python3-urwid,debian_bookworm,fedora_42,0.0,53,384,0,437
python3-urwid,debian_bookworm,fedora_43,0.0,53,384,0,437
python3-urwid,debian_bookworm,opensuse_15.2,0.0,53,134,0,187
python3-urwid,debian_bookworm,rhel_8,0.0,53,312,0,365
python3-urwid,debian_bookworm,rhel_9,0.0,53,313,0,366
python3-urwid,fedora_42,opensuse_15.2,0.0,384,134,0,518
python3-urwid,fedora_42,ubuntu_focal,0.0,384,48,0,432
python3-urwid,fedora_42,ubuntu_jammy,0.0,384,51,0,435
python3-urwid,fedora_42,ubuntu_noble,0.0,384,75,0,459
python3-urwid,fedora_43,opensuse_15.2,0.0,384,134,0,518
python3-urwid,fedora_43,ubuntu_focal,0.0,384,48,0,432
python3-urwid,fedora_43,ubuntu_jammy,0.0,384,51,0,435
python3-urwid,fedora_43,ubuntu_noble,0.0,384,75,0,459
python3-urwid,opensuse_15.2,rhel_9,0.0,134,313,0,447
python3-urwid,opensuse_15.2,ubuntu_focal,0.0,134,48,0,182
python3-urwid,opensuse_15.2,ubuntu_jammy,0.0,134,51,0,185
python3-urwid,opensuse_15.2,ubuntu_noble,0.0,134,75,0,209
python3-urwid,rhel_8,ubuntu_focal,0.0,312,48,0,360
python3-urwid,rhel_8,ubuntu_jammy,0.0,312,51,0,363
python3-urwid,rhel_8,ubuntu_noble,0.0,312,75,0,387
python3-urwid,rhel_9,ubuntu_focal,0.0,313,48,0,361
python3-urwid,rhel_9,ubuntu_jammy,0.0,313,51,0,364
python3-urwid,rhel_9,ubuntu_noble,0.0,313,75,0,388
python3-uvicorn,alpine_edge,debian_bookworm,0.0,47,48,0,95
python3-uvicorn,alpine_edge,ubuntu_focal,0.0,47,42,0,89
python3-uvicorn,alpine_edge,ubuntu_jammy,0.0,47,49,0,96
python3-uvicorn,alpine_edge,ubuntu_noble,0.0,47,47,0,94
python3-uvloop,arch,debian_bookworm,0.0,75,19,0,94
python3-uvloop,arch,fedora_42,0.0,75,74,0,149
python3-uvloop,arch,ubuntu_focal,0.0,75,15,0,90
python3-uvloop,arch,ubuntu_jammy,0.0,75,18,0,93
python3-uvloop,arch,ubuntu_noble,0.0,75,19,0,94
python3-validators,debian_bookworm,fedora_42,0.0,28,103,0,131
python3-validators,debian_bookworm,fedora_43,0.0,28,106,0,134
python3-validators,debian_bookworm,opensuse_15.2,0.0,28,63,0,91
python3-validators,fedora_42,opensuse_15.2,0.0,103,63,0,166
python3-validators,fedora_42,ubuntu_jammy,0.0,103,25,0,128
python3-validators,fedora_42,ubuntu_noble,0.0,103,27,0,130
python3-validators,fedora_43,opensuse_15.2,0.0,106,63,0,169
python3-validators,fedora_43,ubuntu_jammy,0.0,106,25,0,131
python3-validators,fedora_43,ubuntu_noble,0.0,106,27,0,133
python3-validators,opensuse_15.2,ubuntu_jammy,0.0,63,25,0,88
python3-validators,opensuse_15.2,ubuntu_noble,0.0,63,27,0,90
python3-venv,debian_bookworm,fedora_42,0.0,1,4143,0,4144
python3-venv,debian_bookworm,fedora_43,0.0,1,4333,0,4334
python3-venv,debian_bookworm,opensuse_15.2,0.0,1,21,0,22
python3-venv,debian_bookworm,rhel_8,0.0,1,5590,0,5591
python3-venv,debian_bookworm,rhel_9,0.0,1,4949,0,4950
python3-venv,fedora_42,opensuse_15.2,0.0,4143,21,0,4164
python3-venv,fedora_42,ubuntu_focal,0.0,4143,3,0,4146
python3-venv,fedora_42,ubuntu_jammy,0.0,4143,1,0,4144
python3-venv,fedora_42,ubuntu_noble,0.0,4143,1,0,4144
python3-venv,fedora_43,opensuse_15.2,0.0,4333,21,0,4354
python3-venv,fedora_43,ubuntu_focal,0.0,4333,3,0,4336
python3-venv,fedora_43,ubuntu_jammy,0.0,4333,1,0,4334
python3-venv,fedora_43,ubuntu_noble,0.0,4333,1,0,4334
python3-venv,opensuse_15.2,rhel_8,0.0,21,5590,0,5611
python3-venv,opensuse_15.2,rhel_9,0.0,21,4949,0,4970
python3-venv,opensuse_15.2,ubuntu_focal,0.0,21,3,0,24
python3-venv,opensuse_15.2,ubuntu_jammy,0.0,21,1,0,22
python3-venv,opensuse_15.2,ubuntu_noble,0.0,21,1,0,22
python3-venv,rhel_8,ubuntu_focal,0.0,5590,3,0,5593
python3-venv,rhel_8,ubuntu_jammy,0.0,5590,1,0,5591
python3-venv,rhel_8,ubuntu_noble,0.0,5590,1,0,5591
python3-venv,rhel_9,ubuntu_focal,0.0,4949,3,0,4952
python3-venv,rhel_9,ubuntu_jammy,0.0,4949,1,0,4950
python3-venv,rhel_9,ubuntu_noble,0.0,4949,1,0,4950
python3-voluptuous,debian_bookworm,fedora_42,0.0,15,26,0,41
python3-voluptuous,debian_bookworm,fedora_43,0.0,15,26,0,41
python3-voluptuous,debian_bookworm,rhel_8,0.0,15,24,0,39
python3-voluptuous,debian_bookworm,rhel_9,0.0,15,24,0,39
python3-voluptuous,fedora_42,ubuntu_focal,0.0,26,13,0,39
python3-voluptuous,fedora_42,ubuntu_jammy,0.0,26,14,0,40
python3-voluptuous,fedora_42,ubuntu_noble,0.0,26,16,0,42
python3-voluptuous,fedora_43,ubuntu_focal,0.0,26,13,0,39
python3-voluptuous,fedora_43,ubuntu_jammy,0.0,26,14,0,40
python3-voluptuous,fedora_43,ubuntu_noble,0.0,26,16,0,42
python3-voluptuous,rhel_8,ubuntu_focal,0.0,24,13,0,37
python3-voluptuous,rhel_8,ubuntu_jammy,0.0,24,14,0,38
python3-voluptuous,rhel_8,ubuntu_noble,0.0,24,16,0,40
python3-voluptuous,rhel_9,ubuntu_focal,0.0,24,13,0,37
python3-voluptuous,rhel_9,ubuntu_jammy,0.0,24,14,0,38
python3-voluptuous,rhel_9,ubuntu_noble,0.0,24,16,0,40
python3-wand,alpine_edge,debian_bookworm,0.0,28,31,0,59
python3-wand,alpine_edge,ubuntu_focal,0.0,28,30,0,58
python3-wand,alpine_edge,ubuntu_jammy,0.0,28,30,0,58
python3-wand,alpine_edge,ubuntu_noble,0.0,28,30,0,58
python3-wand,arch,debian_bookworm,0.0,75,31,0,106
python3-wand,arch,ubuntu_focal,0.0,75,30,0,105
python3-wand,arch,ubuntu_jammy,0.0,75,30,0,105
python3-wand,arch,ubuntu_noble,0.0,75,30,0,105
python3-webargs,debian_bookworm,pypi,0.0,22,19,0,41
python3-webargs,pypi,ubuntu_jammy,0.0,19,21,0,40
python3-webargs,pypi,ubuntu_noble,0.0,19,21,0,40
python3-websocket,debian_bookworm,opensuse_15.2,0.0,36,60,0,96
python3-websocket,fedora_42,opensuse_15.2,0.0,79,60,0,139
python3-websocket,fedora_42,ubuntu_focal,0.0,79,25,0,104
python3-websocket,fedora_43,opensuse_15.2,0.0,79,60,0,139
python3-websocket,fedora_43,ubuntu_focal,0.0,79,25,0,104
python3-websocket,opensuse_15.2,rhel_9,0.0,60,79,0,139
python3-websocket,opensuse_15.2,ubuntu_focal,0.0,60,25,0,85
python3-websocket,opensuse_15.2,ubuntu_jammy,0.0,60,35,0,95
python3-websocket,opensuse_15.2,ubuntu_noble,0.0,60,36,0,96
python3-websocket,rhel_8,ubuntu_focal,0.0,47,25,0,72
python3-websocket,rhel_9,ubuntu_focal,0.0,79,25,0,104
python3-websockets,arch,debian_bookworm,0.0,153,39,0,192
python3-websockets,arch,fedora_42,0.0,153,143,0,296
python3-websockets,arch,rhel_8,0.0,153,97,0,250
python3-websockets,arch,rhel_9,0.0,153,8,0,161
python3-websockets,arch,ubuntu_focal,0.0,153,27,0,180
python3-websockets,arch,ubuntu_jammy,0.0,153,38,0,191
python3-websockets,arch,ubuntu_noble,0.0,153,39,0,192
python3-websockets,debian_bookworm,fedora_42,0.0,39,143,0,182
python3-websockets,debian_bookworm,fedora_43,0.0,39,155,0,194
python3-websockets,debian_bookworm,rhel_8,0.0,39,97,0,136
python3-websockets,debian_bookworm,rhel_9,0.0,39,8,0,47
python3-websockets,fedora_42,ubuntu_focal,0.0,143,27,0,170
python3-websockets,fedora_42,ubuntu_jammy,0.0,143,38,0,181
python3-websockets,fedora_42,ubuntu_noble,0.0,143,39,0,182
python3-websockets,fedora_43,ubuntu_focal,0.0,155,27,0,182
python3-websockets,fedora_43,ubuntu_jammy,0.0,155,38,0,193
python3-websockets,fedora_43,ubuntu_noble,0.0,155,39,0,194
python3-websockets,rhel_8,ubuntu_focal,0.0,97,27,0,124
python3-websockets,rhel_8,ubuntu_jammy,0.0,97,38,0,135
python3-websockets,rhel_8,ubuntu_noble,0.0,97,39,0,136
python3-websockets,rhel_9,ubuntu_focal,0.0,8,27,0,35
python3-websockets,rhel_9,ubuntu_jammy,0.0,8,38,0,46
python3-websockets,rhel_9,ubuntu_noble,0.0,8,39,0,47
python3-werkzeug,arch,debian_bookworm,0.0,168,58,0,226
python3-werkzeug,arch,fedora_42,0.0,168,170,0,338
python3-werkzeug,arch,ubuntu_focal,0.0,168,65,0,233
python3-werkzeug,arch,ubuntu_jammy,0.0,168,63,0,231
python3-werkzeug,arch,ubuntu_noble,0.0,168,72,0,240
python3-werkzeug,debian_bookworm,fedora_42,0.0,58,170,0,228
python3-werkzeug,debian_bookworm,fedora_43,0.0,58,170,0,228
python3-werkzeug,fedora_42,ubuntu_focal,0.0,170,65,0,235
python3-werkzeug,fedora_42,ubuntu_jammy,0.0,170,63,0,233
python3-werkzeug,fedora_42,ubuntu_noble,0.0,170,72,0,242
python3-werkzeug,fedora_43,ubuntu_focal,0.0,170,65,0,235
python3-werkzeug,fedora_43,ubuntu_jammy,0.0,170,63,0,233
python3-werkzeug,fedora_43,ubuntu_noble,0.0,170,72,0,242
python3-wheel,arch,debian_bookworm,0.0,49,25,0,74
python3-wheel,arch,rhel_8,0.0,49,51,0,100
python3-wheel,arch,ubuntu_focal,0.0,49,22,0,71
python3-wheel,arch,ubuntu_jammy,0.0,49,24,0,73
python3-wheel,arch,ubuntu_noble,0.0,49,34,0,83
python3-wheel,debian_bookworm,fedora_42,0.0,25,98,0,123
python3-wheel,debian_bookworm,fedora_43,0.0,25,97,0,122
python3-wheel,debian_bookworm,opensuse_15.2,0.0,25,52,0,77
python3-wheel,debian_bookworm,rhel_8,0.0,25,51,0,76
python3-wheel,debian_bookworm,rhel_9,0.0,25,60,0,85
python3-wheel,fedora_42,ubuntu_focal,0.0,98,22,0,120
python3-wheel,fedora_42,ubuntu_jammy,0.0,98,24,0,122
python3-wheel,fedora_42,ubuntu_noble,0.0,98,34,0,132
python3-wheel,fedora_43,ubuntu_focal,0.0,97,22,0,119
python3-wheel,fedora_43,ubuntu_jammy,0.0,97,24,0,121
python3-wheel,fedora_43,ubuntu_noble,0.0,97,34,0,131
python3-wheel,opensuse_15.2,ubuntu_focal,0.0,52,22,0,74
python3-wheel,opensuse_15.2,ubuntu_jammy,0.0,52,24,0,76
python3-wheel,opensuse_15.2,ubuntu_noble,0.0,52,34,0,86
python3-wheel,rhel_8,ubuntu_focal,0.0,51,22,0,73
python3-wheel,rhel_8,ubuntu_jammy,0.0,51,24,0,75
python3-wheel,rhel_8,ubuntu_noble,0.0,51,34,0,85
python3-wheel,rhel_9,ubuntu_focal,0.0,60,22,0,82
python3-wheel,rhel_9,ubuntu_jammy,0.0,60,24,0,84
python3-wheel,rhel_9,ubuntu_noble,0.0,60,34,0,94
python3-wrapt,arch,debian_bookworm,0.0,31,14,0,45
python3-wrapt,arch,fedora_42,0.0,31,32,0,63
python3-wrapt,arch,fedora_43,0.0,31,32,0,63
python3-wrapt,arch,opensuse_15.2,0.0,31,19,0,50
python3-wrapt,arch,rhel_8,0.0,31,33,0,64
python3-wrapt,arch,ubuntu_focal,0.0,31,8,0,39
python3-wrapt,arch,ubuntu_jammy,0.0,31,11,0,42
python3-wrapt,arch,ubuntu_noble,0.0,31,12,0,43
python3-wrapt,debian_bookworm,fedora_42,0.0,14,32,0,46
python3-wrapt,debian_bookworm,fedora_43,0.0,14,32,0,46
python3-wrapt,debian_bookworm,opensuse_15.2,0.0,14,19,0,33
python3-wrapt,debian_bookworm,rhel_8,0.0,14,33,0,47
python3-wrapt,fedora_42,opensuse_15.2,0.0,32,19,0,51
python3-wrapt,fedora_42,ubuntu_focal,0.0,32,8,0,40
python3-wrapt,fedora_42,ubuntu_jammy,0.0,32,11,0,43
python3-wrapt,fedora_42,ubuntu_noble,0.0,32,12,0,44
python3-wrapt,fedora_43,opensuse_15.2,0.0,32,19,0,51
python3-wrapt,fedora_43,ubuntu_focal,0.0,32,8,0,40
python3-wrapt,fedora_43,ubuntu_jammy,0.0,32,11,0,43
python3-wrapt,fedora_43,ubuntu_noble,0.0,32,12,0,44
python3-wrapt,opensuse_15.2,ubuntu_focal,0.0,19,8,0,27
python3-wrapt,opensuse_15.2,ubuntu_jammy,0.0,19,11,0,30
python3-wrapt,opensuse_15.2,ubuntu_noble,0.0,19,12,0,31
python3-wrapt,rhel_8,ubuntu_focal,0.0,33,8,0,41
python3-wrapt,rhel_8,ubuntu_jammy,0.0,33,11,0,44
python3-wrapt,rhel_8,ubuntu_noble,0.0,33,12,0,45
python3-wxgtk4.0,debian_bookworm,fedora_42,0.0,448,1048,0,1496
python3-wxgtk4.0,debian_bookworm,fedora_43,0.0,448,1045,0,1493
python3-wxgtk4.0,fedora_42,ubuntu_focal,0.0,1048,441,0,1489
python3-wxgtk4.0,fedora_42,ubuntu_jammy,0.0,1048,442,0,1490
python3-wxgtk4.0,fedora_42,ubuntu_noble,0.0,1048,448,0,1496
python3-wxgtk4.0,fedora_43,ubuntu_focal,0.0,1045,441,0,1486
python3-wxgtk4.0,fedora_43,ubuntu_jammy,0.0,1045,442,0,1487
python3-wxgtk4.0,fedora_43,ubuntu_noble,0.0,1045,448,0,1493
python3-xlib,debian_bookworm,fedora_42,0.0,72,204,0,276
python3-xlib,debian_bookworm,fedora_43,0.0,72,204,0,276
python3-xlib,debian_bookworm,opensuse_15.2,0.0,72,195,0,267
python3-xlib,debian_bookworm,rhel_8,0.0,72,204,0,276
python3-xlib,debian_bookworm,rhel_9,0.0,72,204,0,276
python3-xlib,fedora_42,opensuse_15.2,0.0,204,195,0,399
python3-xlib,fedora_42,ubuntu_noble,0.0,204,71,0,275
python3-xlib,fedora_43,opensuse_15.2,0.0,204,195,0,399
python3-xlib,fedora_43,ubuntu_noble,0.0,204,71,0,275
python3-xlib,opensuse_15.2,rhel_9,0.0,195,204,0,399
python3-xlib,opensuse_15.2,ubuntu_focal,0.0,195,111,0,306
python3-xlib,opensuse_15.2,ubuntu_jammy,0.0,195,118,0,313
python3-xlib,opensuse_15.2,ubuntu_noble,0.0,195,71,0,266
python3-xlib,rhel_8,ubuntu_noble,0.0,204,71,0,275
python3-xlib,rhel_9,ubuntu_noble,0.0,204,71,0,275
python3-xlsxwriter,debian_bookworm,fedora_42,0.0,142,121,0,263
python3-xlsxwriter,debian_bookworm,fedora_43,0.0,142,134,0,276
python3-xlsxwriter,debian_bookworm,opensuse_15.2,0.0,142,109,0,251
python3-xlsxwriter,debian_bookworm,rhel_8,0.0,142,106,0,248
python3-xlsxwriter,debian_bookworm,rhel_9,0.0,142,118,0,260
python3-xlsxwriter,fedora_42,opensuse_15.2,0.0,121,109,0,230
python3-xlsxwriter,fedora_42,ubuntu_focal,0.0,121,128,0,249
python3-xlsxwriter,fedora_42,ubuntu_jammy,0.0,121,141,0,262
python3-xlsxwriter,fedora_42,ubuntu_noble,0.0,121,156,0,277
python3-xlsxwriter,fedora_43,opensuse_15.2,0.0,134,109,0,243
python3-xlsxwriter,fedora_43,ubuntu_focal,0.0,134,128,0,262
python3-xlsxwriter,fedora_43,ubuntu_jammy,0.0,134,141,0,275
python3-xlsxwriter,fedora_43,ubuntu_noble,0.0,134,156,0,290
python3-xlsxwriter,opensuse_15.2,rhel_9,0.0,109,118,0,227
python3-xlsxwriter,opensuse_15.2,ubuntu_focal,0.0,109,128,0,237
python3-xlsxwriter,opensuse_15.2,ubuntu_jammy,0.0,109,141,0,250
python3-xlsxwriter,opensuse_15.2,ubuntu_noble,0.0,109,156,0,265
python3-xlsxwriter,rhel_8,ubuntu_focal,0.0,106,128,0,234
python3-xlsxwriter,rhel_8,ubuntu_jammy,0.0,106,141,0,247
python3-xlsxwriter,rhel_8,ubuntu_noble,0.0,106,156,0,262
python3-xlsxwriter,rhel_9,ubuntu_focal,0.0,118,128,0,246
python3-xlsxwriter,rhel_9,ubuntu_jammy,0.0,118,141,0,259
python3-xlsxwriter,rhel_9,ubuntu_noble,0.0,118,156,0,274
python3-xmltodict,alpine_edge,debian_bookworm,0.0,6,8,0,14
python3-xmltodict,alpine_edge,fedora_42,0.0,6,9,0,15
python3-xmltodict,alpine_edge,ubuntu_focal,0.0,6,7,0,13
python3-xmltodict,alpine_edge,ubuntu_jammy,0.0,6,7,0,13
python3-xmltodict,alpine_edge,ubuntu_noble,0.0,6,7,0,13
python3-xmltodict,arch,debian_bookworm,0.0,9,8,0,17
python3-xmltodict,arch,fedora_42,0.0,9,9,0,18
python3-xmltodict,arch,ubuntu_focal,0.0,9,7,0,16
python3-xmltodict,arch,ubuntu_jammy,0.0,9,7,0,16
python3-xmltodict,arch,ubuntu_noble,0.0,9,7,0,16
python3-xmltodict,debian_bookworm,fedora_42,0.0,8,9,0,17
python3-xmltodict,debian_bookworm,fedora_43,0.0,8,10,0,18
python3-xmltodict,fedora_42,ubuntu_focal,0.0,9,7,0,16
python3-xmltodict,fedora_42,ubuntu_jammy,0.0,9,7,0,16
python3-xmltodict,fedora_42,ubuntu_noble,0.0,9,7,0,16
python3-xmltodict,fedora_43,ubuntu_focal,0.0,10,7,0,17
python3-xmltodict,fedora_43,ubuntu_jammy,0.0,10,7,0,17
python3-xmltodict,fedora_43,ubuntu_noble,0.0,10,7,0,17
python3-yaml,alpine_edge,debian_bookworm,0.0,24,32,0,56
python3-yaml,alpine_edge,fedora_42,0.0,24,67,0,91
python3-yaml,alpine_edge,fedora_43,0.0,24,67,0,91
python3-yaml,alpine_edge,opensuse_15.2,0.0,24,60,0,84
python3-yaml,alpine_edge,ubuntu_focal,0.0,24,22,0,46
python3-yaml,alpine_edge,ubuntu_jammy,0.0,24,29,0,53
python3-yaml,alpine_edge,ubuntu_noble,0.0,24,30,0,54
python3-yaml,arch,debian_bookworm,0.0,63,32,0,95
python3-yaml,arch,fedora_42,0.0,63,67,0,130
python3-yaml,arch,fedora_43,0.0,63,67,0,130
python3-yaml,arch,opensuse_15.2,0.0,63,60,0,123
python3-yaml,arch,ubuntu_focal,0.0,63,22,0,85
python3-yaml,arch,ubuntu_jammy,0.0,63,29,0,92
python3-yaml,arch,ubuntu_noble,0.0,63,30,0,93
python3-yaml,debian_bookworm,fedora_42,0.0,32,67,0,99
python3-yaml,debian_bookworm,fedora_43,0.0,32,67,0,99
python3-yaml,debian_bookworm,opensuse_15.2,0.0,32,60,0,92
python3-yaml,fedora_42,opensuse_15.2,0.0,67,60,0,127
python3-yaml,fedora_42,ubuntu_focal,0.0,67,22,0,89
python3-yaml,fedora_42,ubuntu_jammy,0.0,67,29,0,96
python3-yaml,fedora_42,ubuntu_noble,0.0,67,30,0,97
python3-yaml,fedora_43,opensuse_15.2,0.0,67,60,0,127
python3-yaml,fedora_43,ubuntu_focal,0.0,67,22,0,89
python3-yaml,fedora_43,ubuntu_jammy,0.0,67,29,0,96
python3-yaml,fedora_43,ubuntu_noble,0.0,67,30,0,97
python3-yaml,opensuse_15.2,ubuntu_focal,0.0,60,22,0,82
python3-yaml,opensuse_15.2,ubuntu_jammy,0.0,60,29,0,89
python3-yaml,opensuse_15.2,ubuntu_noble,0.0,60,30,0,90
python3-zmq,arch,debian_bookworm,0.0,227,144,0,371
python3-zmq,arch,rhel_8,0.0,227,286,0,513
python3-zmq,arch,rhel_9,0.0,227,291,0,518
python3-zmq,arch,ubuntu_focal,0.0,227,134,0,361
python3-zmq,arch,ubuntu_jammy,0.0,227,146,0,373
python3-zmq,arch,ubuntu_noble,0.0,227,142,0,369
python3-zmq,debian_bookworm,rhel_8,0.0,144,286,0,430
python3-zmq,debian_bookworm,rhel_9,0.0,144,291,0,435
python3-zmq,rhel_8,ubuntu_focal,0.0,286,134,0,420
python3-zmq,rhel_8,ubuntu_jammy,0.0,286,146,0,432
python3-zmq,rhel_8,ubuntu_noble,0.0,286,142,0,428
python3-zmq,rhel_9,ubuntu_focal,0.0,291,134,0,425
python3-zmq,rhel_9,ubuntu_jammy,0.0,291,146,0,437
python3-zmq,rhel_9,ubuntu_noble,0.0,291,142,0,433
qemu-user-static,debian_bookworm,fedora_42,0.0,165,3,0,168
qemu-user-static,debian_bookworm,fedora_43,0.0,165,3,0,168
qemu-user-static,fedora_42,ubuntu_focal,0.0,3,105,0,108
qemu-user-static,fedora_42,ubuntu_jammy,0.0,3,131,0,134
qemu-user-static,fedora_42,ubuntu_noble,0.0,3,154,0,157
qemu-user-static,fedora_43,ubuntu_focal,0.0,3,105,0,108
qemu-user-static,fedora_43,ubuntu_jammy,0.0,3,131,0,134
qemu-user-static,fedora_43,ubuntu_noble,0.0,3,154,0,157
qml-module-qt-labs-folderlistmodel,arch,debian_bookworm,0.0,965,5,0,970
qml-module-qt-labs-folderlistmodel,arch,ubuntu_focal,0.0,965,5,0,970
qml-module-qt-labs-folderlistmodel,arch,ubuntu_jammy,0.0,965,5,0,970
qml-module-qt-labs-folderlistmodel,arch,ubuntu_noble,0.0,965,5,0,970
qml-module-qt-labs-folderlistmodel,debian_bookworm,fedora_42,0.0,5,257,0,262
qml-module-qt-labs-folderlistmodel,debian_bookworm,fedora_43,0.0,5,257,0,262
qml-module-qt-labs-folderlistmodel,debian_bookworm,rhel_8,0.0,5,257,0,262
qml-module-qt-labs-folderlistmodel,debian_bookworm,rhel_9,0.0,5,257,0,262
qml-module-qt-labs-folderlistmodel,fedora_42,ubuntu_focal,0.0,257,5,0,262
qml-module-qt-labs-folderlistmodel,fedora_42,ubuntu_jammy,0.0,257,5,0,262
qml-module-qt-labs-folderlistmodel,fedora_42,ubuntu_noble,0.0,257,5,0,262
qml-module-qt-labs-folderlistmodel,fedora_43,ubuntu_focal,0.0,257,5,0,262
qml-module-qt-labs-folderlistmodel,fedora_43,ubuntu_jammy,0.0,257,5,0,262
qml-module-qt-labs-folderlistmodel,fedora_43,ubuntu_noble,0.0,257,5,0,262
qml-module-qt-labs-folderlistmodel,rhel_8,ubuntu_focal,0.0,257,5,0,262
qml-module-qt-labs-folderlistmodel,rhel_8,ubuntu_jammy,0.0,257,5,0,262
qml-module-qt-labs-folderlistmodel,rhel_8,ubuntu_noble,0.0,257,5,0,262
qml-module-qt-labs-folderlistmodel,rhel_9,ubuntu_focal,0.0,257,5,0,262
qml-module-qt-labs-folderlistmodel,rhel_9,ubuntu_jammy,0.0,257,5,0,262
qml-module-qt-labs-folderlistmodel,rhel_9,ubuntu_noble,0.0,257,5,0,262
qml-module-qt-labs-platform,arch,debian_bookworm,0.0,592,5,0,597
qml-module-qt-labs-platform,arch,ubuntu_focal,0.0,592,5,0,597
qml-module-qt-labs-platform,arch,ubuntu_jammy,0.0,592,5,0,597
qml-module-qt-labs-platform,arch,ubuntu_noble,0.0,592,5,0,597
qml-module-qt-labs-platform,debian_bookworm,fedora_42,0.0,5,898,0,903
qml-module-qt-labs-platform,debian_bookworm,fedora_43,0.0,5,898,0,903
qml-module-qt-labs-platform,debian_bookworm,rhel_8,0.0,5,898,0,903
qml-module-qt-labs-platform,debian_bookworm,rhel_9,0.0,5,898,0,903
qml-module-qt-labs-platform,fedora_42,ubuntu_focal,0.0,898,5,0,903
qml-module-qt-labs-platform,fedora_42,ubuntu_jammy,0.0,898,5,0,903
qml-module-qt-labs-platform,fedora_42,ubuntu_noble,0.0,898,5,0,903
qml-module-qt-labs-platform,fedora_43,ubuntu_focal,0.0,898,5,0,903
qml-module-qt-labs-platform,fedora_43,ubuntu_jammy,0.0,898,5,0,903
qml-module-qt-labs-platform,fedora_43,ubuntu_noble,0.0,898,5,0,903
qml-module-qt-labs-platform,rhel_8,ubuntu_focal,0.0,898,5,0,903
qml-module-qt-labs-platform,rhel_8,ubuntu_jammy,0.0,898,5,0,903
qml-module-qt-labs-platform,rhel_8,ubuntu_noble,0.0,898,5,0,903
qml-module-qt-labs-platform,rhel_9,ubuntu_focal,0.0,898,5,0,903
qml-module-qt-labs-platform,rhel_9,ubuntu_jammy,0.0,898,5,0,903
qml-module-qt-labs-platform,rhel_9,ubuntu_noble,0.0,898,5,0,903
qml-module-qt-labs-settings,arch,debian_bookworm,0.0,965,5,0,970
qml-module-qt-labs-settings,arch,ubuntu_focal,0.0,965,5,0,970
qml-module-qt-labs-settings,arch,ubuntu_jammy,0.0,965,5,0,970
qml-module-qt-labs-settings,arch,ubuntu_noble,0.0,965,5,0,970
qml-module-qt-labs-settings,debian_bookworm,fedora_42,0.0,5,257,0,262
qml-module-qt-labs-settings,debian_bookworm,fedora_43,0.0,5,257,0,262
qml-module-qt-labs-settings,debian_bookworm,rhel_8,0.0,5,257,0,262
qml-module-qt-labs-settings,debian_bookworm,rhel_9,0.0,5,257,0,262
qml-module-qt-labs-settings,fedora_42,ubuntu_focal,0.0,257,5,0,262
qml-module-qt-labs-settings,fedora_42,ubuntu_jammy,0.0,257,5,0,262
qml-module-qt-labs-settings,fedora_42,ubuntu_noble,0.0,257,5,0,262
qml-module-qt-labs-settings,fedora_43,ubuntu_focal,0.0,257,5,0,262
qml-module-qt-labs-settings,fedora_43,ubuntu_jammy,0.0,257,5,0,262
qml-module-qt-labs-settings,fedora_43,ubuntu_noble,0.0,257,5,0,262
qml-module-qt-labs-settings,rhel_8,ubuntu_focal,0.0,257,5,0,262
qml-module-qt-labs-settings,rhel_8,ubuntu_jammy,0.0,257,5,0,262
qml-module-qt-labs-settings,rhel_8,ubuntu_noble,0.0,257,5,0,262
qml-module-qt-labs-settings,rhel_9,ubuntu_focal,0.0,257,5,0,262
qml-module-qt-labs-settings,rhel_9,ubuntu_jammy,0.0,257,5,0,262
qml-module-qt-labs-settings,rhel_9,ubuntu_noble,0.0,257,5,0,262
qml-module-qtcharts,debian_bookworm,fedora_42,0.0,55,117,0,172
qml-module-qtcharts,debian_bookworm,fedora_43,0.0,55,117,0,172
qml-module-qtcharts,debian_bookworm,rhel_8,0.0,55,59,0,114
qml-module-qtcharts,debian_bookworm,rhel_9,0.0,55,59,0,114
qml-module-qtcharts,fedora_42,ubuntu_focal,0.0,117,55,0,172
qml-module-qtcharts,fedora_42,ubuntu_jammy,0.0,117,55,0,172
qml-module-qtcharts,fedora_42,ubuntu_noble,0.0,117,55,0,172
qml-module-qtcharts,fedora_43,ubuntu_focal,0.0,117,55,0,172
qml-module-qtcharts,fedora_43,ubuntu_jammy,0.0,117,55,0,172
qml-module-qtcharts,fedora_43,ubuntu_noble,0.0,117,55,0,172
qml-module-qtcharts,rhel_8,ubuntu_focal,0.0,59,55,0,114
qml-module-qtcharts,rhel_8,ubuntu_jammy,0.0,59,55,0,114
qml-module-qtcharts,rhel_8,ubuntu_noble,0.0,59,55,0,114
qml-module-qtcharts,rhel_9,ubuntu_focal,0.0,59,55,0,114
qml-module-qtcharts,rhel_9,ubuntu_jammy,0.0,59,55,0,114
qml-module-qtcharts,rhel_9,ubuntu_noble,0.0,59,55,0,114
qml-module-qtgraphicaleffects,arch,debian_bookworm,0.0,47,48,0,95
qml-module-qtgraphicaleffects,arch,fedora_42,0.0,47,101,0,148
qml-module-qtgraphicaleffects,arch,fedora_43,0.0,47,101,0,148
qml-module-qtgraphicaleffects,arch,rhel_8,0.0,47,101,0,148
qml-module-qtgraphicaleffects,arch,rhel_9,0.0,47,101,0,148
qml-module-qtgraphicaleffects,arch,ubuntu_focal,0.0,47,48,0,95
qml-module-qtgraphicaleffects,arch,ubuntu_jammy,0.0,47,48,0,95
qml-module-qtgraphicaleffects,arch,ubuntu_noble,0.0,47,48,0,95
qml-module-qtgraphicaleffects,debian_bookworm,fedora_42,0.0,48,101,0,149
qml-module-qtgraphicaleffects,debian_bookworm,fedora_43,0.0,48,101,0,149
qml-module-qtgraphicaleffects,debian_bookworm,rhel_8,0.0,48,101,0,149
qml-module-qtgraphicaleffects,debian_bookworm,rhel_9,0.0,48,101,0,149
qml-module-qtgraphicaleffects,fedora_42,ubuntu_focal,0.0,101,48,0,149
qml-module-qtgraphicaleffects,fedora_42,ubuntu_jammy,0.0,101,48,0,149
qml-module-qtgraphicaleffects,fedora_42,ubuntu_noble,0.0,101,48,0,149
qml-module-qtgraphicaleffects,fedora_43,ubuntu_focal,0.0,101,48,0,149
qml-module-qtgraphicaleffects,fedora_43,ubuntu_jammy,0.0,101,48,0,149
qml-module-qtgraphicaleffects,fedora_43,ubuntu_noble,0.0,101,48,0,149
qml-module-qtgraphicaleffects,rhel_8,ubuntu_focal,0.0,101,48,0,149
qml-module-qtgraphicaleffects,rhel_8,ubuntu_jammy,0.0,101,48,0,149
qml-module-qtgraphicaleffects,rhel_8,ubuntu_noble,0.0,101,48,0,149
qml-module-qtgraphicaleffects,rhel_9,ubuntu_focal,0.0,101,48,0,149
qml-module-qtgraphicaleffects,rhel_9,ubuntu_jammy,0.0,101,48,0,149
qml-module-qtgraphicaleffects,rhel_9,ubuntu_noble,0.0,101,48,0,149
qml-module-qtlocation,arch,debian_bookworm,0.0,362,5,0,367
qml-module-qtlocation,arch,ubuntu_focal,0.0,362,5,0,367
qml-module-qtlocation,arch,ubuntu_jammy,0.0,362,5,0,367
qml-module-qtlocation,arch,ubuntu_noble,0.0,362,5,0,367
qml-module-qtlocation,debian_bookworm,fedora_42,0.0,5,90,0,95
qml-module-qtlocation,debian_bookworm,fedora_43,0.0,5,90,0,95
qml-module-qtlocation,debian_bookworm,rhel_8,0.0,5,82,0,87
qml-module-qtlocation,debian_bookworm,rhel_9,0.0,5,82,0,87
qml-module-qtlocation,fedora_42,ubuntu_focal,0.0,90,5,0,95
qml-module-qtlocation,fedora_42,ubuntu_jammy,0.0,90,5,0,95
qml-module-qtlocation,fedora_42,ubuntu_noble,0.0,90,5,0,95
qml-module-qtlocation,fedora_43,ubuntu_focal,0.0,90,5,0,95
qml-module-qtlocation,fedora_43,ubuntu_jammy,0.0,90,5,0,95
qml-module-qtlocation,fedora_43,ubuntu_noble,0.0,90,5,0,95
qml-module-qtlocation,rhel_8,ubuntu_focal,0.0,82,5,0,87
qml-module-qtlocation,rhel_8,ubuntu_jammy,0.0,82,5,0,87
qml-module-qtlocation,rhel_8,ubuntu_noble,0.0,82,5,0,87
qml-module-qtlocation,rhel_9,ubuntu_focal,0.0,82,5,0,87
qml-module-qtlocation,rhel_9,ubuntu_jammy,0.0,82,5,0,87
qml-module-qtlocation,rhel_9,ubuntu_noble,0.0,82,5,0,87
qml-module-qtmultimedia,arch,debian_bookworm,0.0,337,6,0,343
qml-module-qtmultimedia,arch,ubuntu_focal,0.0,337,6,0,343
qml-module-qtmultimedia,arch,ubuntu_jammy,0.0,337,6,0,343
qml-module-qtmultimedia,arch,ubuntu_noble,0.0,337,6,0,343
qml-module-qtpositioning,arch,debian_bookworm,0.0,362,5,0,367
qml-module-qtpositioning,arch,ubuntu_focal,0.0,362,5,0,367
qml-module-qtpositioning,arch,ubuntu_jammy,0.0,362,5,0,367
qml-module-qtpositioning,arch,ubuntu_noble,0.0,362,5,0,367
qml-module-qtpositioning,debian_bookworm,fedora_42,0.0,5,90,0,95
qml-module-qtpositioning,debian_bookworm,fedora_43,0.0,5,90,0,95
qml-module-qtpositioning,debian_bookworm,rhel_8,0.0,5,82,0,87
qml-module-qtpositioning,debian_bookworm,rhel_9,0.0,5,82,0,87
qml-module-qtpositioning,fedora_42,ubuntu_focal,0.0,90,5,0,95
qml-module-qtpositioning,fedora_42,ubuntu_jammy,0.0,90,5,0,95
qml-module-qtpositioning,fedora_42,ubuntu_noble,0.0,90,5,0,95
qml-module-qtpositioning,fedora_43,ubuntu_focal,0.0,90,5,0,95
qml-module-qtpositioning,fedora_43,ubuntu_jammy,0.0,90,5,0,95
qml-module-qtpositioning,fedora_43,ubuntu_noble,0.0,90,5,0,95
qml-module-qtpositioning,rhel_8,ubuntu_focal,0.0,82,5,0,87
qml-module-qtpositioning,rhel_8,ubuntu_jammy,0.0,82,5,0,87
qml-module-qtpositioning,rhel_8,ubuntu_noble,0.0,82,5,0,87
qml-module-qtpositioning,rhel_9,ubuntu_focal,0.0,82,5,0,87
qml-module-qtpositioning,rhel_9,ubuntu_jammy,0.0,82,5,0,87
qml-module-qtpositioning,rhel_9,ubuntu_noble,0.0,82,5,0,87
qml-module-qtquick-controls,arch,debian_bookworm,0.0,410,295,0,705
qml-module-qtquick-controls,arch,fedora_42,0.0,410,835,0,1245
qml-module-qtquick-controls,arch,fedora_43,0.0,410,835,0,1245
qml-module-qtquick-controls,arch,rhel_8,0.0,410,835,0,1245
qml-module-qtquick-controls,arch,rhel_9,0.0,410,835,0,1245
qml-module-qtquick-controls,arch,ubuntu_focal,0.0,410,294,0,704
qml-module-qtquick-controls,arch,ubuntu_jammy,0.0,410,295,0,705
qml-module-qtquick-controls,arch,ubuntu_noble,0.0,410,295,0,705
qml-module-qtquick-controls,debian_bookworm,fedora_42,0.0,295,835,0,1130
qml-module-qtquick-controls,debian_bookworm,fedora_43,0.0,295,835,0,1130
qml-module-qtquick-controls,debian_bookworm,rhel_8,0.0,295,835,0,1130
qml-module-qtquick-controls,debian_bookworm,rhel_9,0.0,295,835,0,1130
qml-module-qtquick-controls,fedora_42,ubuntu_focal,0.0,835,294,0,1129
qml-module-qtquick-controls,fedora_42,ubuntu_jammy,0.0,835,295,0,1130
qml-module-qtquick-controls,fedora_42,ubuntu_noble,0.0,835,295,0,1130
qml-module-qtquick-controls,fedora_43,ubuntu_focal,0.0,835,294,0,1129
qml-module-qtquick-controls,fedora_43,ubuntu_jammy,0.0,835,295,0,1130
qml-module-qtquick-controls,fedora_43,ubuntu_noble,0.0,835,295,0,1130
qml-module-qtquick-controls,rhel_8,ubuntu_focal,0.0,835,294,0,1129
qml-module-qtquick-controls,rhel_8,ubuntu_jammy,0.0,835,295,0,1130
qml-module-qtquick-controls,rhel_8,ubuntu_noble,0.0,835,295,0,1130
qml-module-qtquick-controls,rhel_9,ubuntu_focal,0.0,835,294,0,1129
qml-module-qtquick-controls,rhel_9,ubuntu_jammy,0.0,835,295,0,1130
qml-module-qtquick-controls,rhel_9,ubuntu_noble,0.0,835,295,0,1130
qml-module-qtquick-controls2,arch,debian_bookworm,0.0,592,419,0,1011
qml-module-qtquick-controls2,arch,ubuntu_focal,0.0,592,403,0,995
qml-module-qtquick-controls2,arch,ubuntu_jammy,0.0,592,419,0,1011
qml-module-qtquick-controls2,arch,ubuntu_noble,0.0,592,419,0,1011
qml-module-qtquick-controls2,debian_bookworm,fedora_42,0.0,419,898,0,1317
qml-module-qtquick-controls2,debian_bookworm,fedora_43,0.0,419,898,0,1317
qml-module-qtquick-controls2,debian_bookworm,rhel_8,0.0,419,898,0,1317
qml-module-qtquick-controls2,debian_bookworm,rhel_9,0.0,419,898,0,1317
qml-module-qtquick-controls2,fedora_42,ubuntu_focal,0.0,898,403,0,1301
qml-module-qtquick-controls2,fedora_42,ubuntu_jammy,0.0,898,419,0,1317
qml-module-qtquick-controls2,fedora_42,ubuntu_noble,0.0,898,419,0,1317
qml-module-qtquick-controls2,fedora_43,ubuntu_focal,0.0,898,403,0,1301
qml-module-qtquick-controls2,fedora_43,ubuntu_jammy,0.0,898,419,0,1317
qml-module-qtquick-controls2,fedora_43,ubuntu_noble,0.0,898,419,0,1317
qml-module-qtquick-controls2,rhel_8,ubuntu_focal,0.0,898,403,0,1301
qml-module-qtquick-controls2,rhel_8,ubuntu_jammy,0.0,898,419,0,1317
qml-module-qtquick-controls2,rhel_8,ubuntu_noble,0.0,898,419,0,1317
qml-module-qtquick-controls2,rhel_9,ubuntu_focal,0.0,898,403,0,1301
qml-module-qtquick-controls2,rhel_9,ubuntu_jammy,0.0,898,419,0,1317
qml-module-qtquick-controls2,rhel_9,ubuntu_noble,0.0,898,419,0,1317
qml-module-qtquick-dialogs,arch,debian_bookworm,0.0,410,47,0,457
qml-module-qtquick-dialogs,arch,fedora_42,0.0,410,835,0,1245
qml-module-qtquick-dialogs,arch,fedora_43,0.0,410,835,0,1245
qml-module-qtquick-dialogs,arch,rhel_8,0.0,410,835,0,1245
qml-module-qtquick-dialogs,arch,rhel_9,0.0,410,835,0,1245
qml-module-qtquick-dialogs,arch,ubuntu_focal,0.0,410,47,0,457
qml-module-qtquick-dialogs,arch,ubuntu_jammy,0.0,410,47,0,457
qml-module-qtquick-dialogs,arch,ubuntu_noble,0.0,410,47,0,457
qml-module-qtquick-dialogs,debian_bookworm,fedora_42,0.0,47,835,0,882
qml-module-qtquick-dialogs,debian_bookworm,fedora_43,0.0,47,835,0,882
qml-module-qtquick-dialogs,debian_bookworm,rhel_8,0.0,47,835,0,882
qml-module-qtquick-dialogs,debian_bookworm,rhel_9,0.0,47,835,0,882
qml-module-qtquick-dialogs,fedora_42,ubuntu_focal,0.0,835,47,0,882
qml-module-qtquick-dialogs,fedora_42,ubuntu_jammy,0.0,835,47,0,882
qml-module-qtquick-dialogs,fedora_42,ubuntu_noble,0.0,835,47,0,882
qml-module-qtquick-dialogs,fedora_43,ubuntu_focal,0.0,835,47,0,882
qml-module-qtquick-dialogs,fedora_43,ubuntu_jammy,0.0,835,47,0,882
qml-module-qtquick-dialogs,fedora_43,ubuntu_noble,0.0,835,47,0,882
qml-module-qtquick-dialogs,rhel_8,ubuntu_focal,0.0,835,47,0,882
qml-module-qtquick-dialogs,rhel_8,ubuntu_jammy,0.0,835,47,0,882
qml-module-qtquick-dialogs,rhel_8,ubuntu_noble,0.0,835,47,0,882
qml-module-qtquick-dialogs,rhel_9,ubuntu_focal,0.0,835,47,0,882
qml-module-qtquick-dialogs,rhel_9,ubuntu_jammy,0.0,835,47,0,882
qml-module-qtquick-dialogs,rhel_9,ubuntu_noble,0.0,835,47,0,882
qml-module-qtquick-extras,arch,debian_bookworm,0.0,410,71,0,481
qml-module-qtquick-extras,arch,fedora_42,0.0,410,835,0,1245
qml-module-qtquick-extras,arch,fedora_43,0.0,410,835,0,1245
qml-module-qtquick-extras,arch,rhel_8,0.0,410,835,0,1245
qml-module-qtquick-extras,arch,rhel_9,0.0,410,835,0,1245
qml-module-qtquick-extras,arch,ubuntu_focal,0.0,410,71,0,481
qml-module-qtquick-extras,arch,ubuntu_jammy,0.0,410,71,0,481
qml-module-qtquick-extras,arch,ubuntu_noble,0.0,410,71,0,481
qml-module-qtquick-extras,debian_bookworm,fedora_42,0.0,71,835,0,906
qml-module-qtquick-extras,debian_bookworm,fedora_43,0.0,71,835,0,906
qml-module-qtquick-extras,debian_bookworm,rhel_8,0.0,71,835,0,906
qml-module-qtquick-extras,debian_bookworm,rhel_9,0.0,71,835,0,906
qml-module-qtquick-extras,fedora_42,ubuntu_focal,0.0,835,71,0,906
qml-module-qtquick-extras,fedora_42,ubuntu_jammy,0.0,835,71,0,906
qml-module-qtquick-extras,fedora_42,ubuntu_noble,0.0,835,71,0,906
qml-module-qtquick-extras,fedora_43,ubuntu_focal,0.0,835,71,0,906
qml-module-qtquick-extras,fedora_43,ubuntu_jammy,0.0,835,71,0,906
qml-module-qtquick-extras,fedora_43,ubuntu_noble,0.0,835,71,0,906
qml-module-qtquick-extras,rhel_8,ubuntu_focal,0.0,835,71,0,906
qml-module-qtquick-extras,rhel_8,ubuntu_jammy,0.0,835,71,0,906
qml-module-qtquick-extras,rhel_8,ubuntu_noble,0.0,835,71,0,906
qml-module-qtquick-extras,rhel_9,ubuntu_focal,0.0,835,71,0,906
qml-module-qtquick-extras,rhel_9,ubuntu_jammy,0.0,835,71,0,906
qml-module-qtquick-extras,rhel_9,ubuntu_noble,0.0,835,71,0,906
qml-module-qtquick-layouts,arch,debian_bookworm,0.0,965,5,0,970
qml-module-qtquick-layouts,arch,ubuntu_focal,0.0,965,5,0,970
qml-module-qtquick-layouts,arch,ubuntu_jammy,0.0,965,5,0,970
qml-module-qtquick-layouts,arch,ubuntu_noble,0.0,965,5,0,970
qml-module-qtquick-layouts,debian_bookworm,fedora_42,0.0,5,257,0,262
qml-module-qtquick-layouts,debian_bookworm,fedora_43,0.0,5,257,0,262
qml-module-qtquick-layouts,debian_bookworm,rhel_8,0.0,5,257,0,262
qml-module-qtquick-layouts,debian_bookworm,rhel_9,0.0,5,257,0,262
qml-module-qtquick-layouts,fedora_42,ubuntu_focal,0.0,257,5,0,262
qml-module-qtquick-layouts,fedora_42,ubuntu_jammy,0.0,257,5,0,262
qml-module-qtquick-layouts,fedora_42,ubuntu_noble,0.0,257,5,0,262
qml-module-qtquick-layouts,fedora_43,ubuntu_focal,0.0,257,5,0,262
qml-module-qtquick-layouts,fedora_43,ubuntu_jammy,0.0,257,5,0,262
qml-module-qtquick-layouts,fedora_43,ubuntu_noble,0.0,257,5,0,262
qml-module-qtquick-layouts,rhel_8,ubuntu_focal,0.0,257,5,0,262
qml-module-qtquick-layouts,rhel_8,ubuntu_jammy,0.0,257,5,0,262
qml-module-qtquick-layouts,rhel_8,ubuntu_noble,0.0,257,5,0,262
qml-module-qtquick-layouts,rhel_9,ubuntu_focal,0.0,257,5,0,262
qml-module-qtquick-layouts,rhel_9,ubuntu_jammy,0.0,257,5,0,262
qml-module-qtquick-layouts,rhel_9,ubuntu_noble,0.0,257,5,0,262
qml-module-qtquick-templates2,arch,debian_bookworm,0.0,592,5,0,597
qml-module-qtquick-templates2,arch,ubuntu_focal,0.0,592,5,0,597
qml-module-qtquick-templates2,arch,ubuntu_jammy,0.0,592,5,0,597
qml-module-qtquick-templates2,arch,ubuntu_noble,0.0,592,5,0,597
qml-module-qtquick-templates2,debian_bookworm,fedora_42,0.0,5,898,0,903
qml-module-qtquick-templates2,debian_bookworm,fedora_43,0.0,5,898,0,903
qml-module-qtquick-templates2,debian_bookworm,rhel_8,0.0,5,898,0,903
qml-module-qtquick-templates2,debian_bookworm,rhel_9,0.0,5,898,0,903
qml-module-qtquick-templates2,fedora_42,ubuntu_focal,0.0,898,5,0,903
qml-module-qtquick-templates2,fedora_42,ubuntu_jammy,0.0,898,5,0,903
qml-module-qtquick-templates2,fedora_42,ubuntu_noble,0.0,898,5,0,903
qml-module-qtquick-templates2,fedora_43,ubuntu_focal,0.0,898,5,0,903
qml-module-qtquick-templates2,fedora_43,ubuntu_jammy,0.0,898,5,0,903
qml-module-qtquick-templates2,fedora_43,ubuntu_noble,0.0,898,5,0,903
qml-module-qtquick-templates2,rhel_8,ubuntu_focal,0.0,898,5,0,903
qml-module-qtquick-templates2,rhel_8,ubuntu_jammy,0.0,898,5,0,903
qml-module-qtquick-templates2,rhel_8,ubuntu_noble,0.0,898,5,0,903
qml-module-qtquick-templates2,rhel_9,ubuntu_focal,0.0,898,5,0,903
qml-module-qtquick-templates2,rhel_9,ubuntu_jammy,0.0,898,5,0,903
qml-module-qtquick-templates2,rhel_9,ubuntu_noble,0.0,898,5,0,903
qml-module-qtquick-window2,arch,debian_bookworm,0.0,965,5,0,970
qml-module-qtquick-window2,arch,ubuntu_focal,0.0,965,5,0,970
qml-module-qtquick-window2,arch,ubuntu_jammy,0.0,965,5,0,970
qml-module-qtquick-window2,arch,ubuntu_noble,0.0,965,5,0,970
qml-module-qtquick-window2,debian_bookworm,fedora_42,0.0,5,257,0,262
qml-module-qtquick-window2,debian_bookworm,fedora_43,0.0,5,257,0,262
qml-module-qtquick-window2,debian_bookworm,rhel_8,0.0,5,257,0,262
qml-module-qtquick-window2,debian_bookworm,rhel_9,0.0,5,257,0,262
qml-module-qtquick-window2,fedora_42,ubuntu_focal,0.0,257,5,0,262
qml-module-qtquick-window2,fedora_42,ubuntu_jammy,0.0,257,5,0,262
qml-module-qtquick-window2,fedora_42,ubuntu_noble,0.0,257,5,0,262
qml-module-qtquick-window2,fedora_43,ubuntu_focal,0.0,257,5,0,262
qml-module-qtquick-window2,fedora_43,ubuntu_jammy,0.0,257,5,0,262
qml-module-qtquick-window2,fedora_43,ubuntu_noble,0.0,257,5,0,262
qml-module-qtquick-window2,rhel_8,ubuntu_focal,0.0,257,5,0,262
qml-module-qtquick-window2,rhel_8,ubuntu_jammy,0.0,257,5,0,262
qml-module-qtquick-window2,rhel_8,ubuntu_noble,0.0,257,5,0,262
qml-module-qtquick-window2,rhel_9,ubuntu_focal,0.0,257,5,0,262
qml-module-qtquick-window2,rhel_9,ubuntu_jammy,0.0,257,5,0,262
qml-module-qtquick-window2,rhel_9,ubuntu_noble,0.0,257,5,0,262
qml-module-qtquick2,arch,debian_bookworm,0.0,592,5,0,597
qml-module-qtquick2,arch,fedora_42,0.0,592,257,0,849
qml-module-qtquick2,arch,fedora_43,0.0,592,257,0,849
qml-module-qtquick2,arch,rhel_8,0.0,592,257,0,849
qml-module-qtquick2,arch,rhel_9,0.0,592,257,0,849
qml-module-qtquick2,arch,ubuntu_focal,0.0,592,5,0,597
qml-module-qtquick2,arch,ubuntu_jammy,0.0,592,5,0,597
qml-module-qtquick2,arch,ubuntu_noble,0.0,592,5,0,597
qml-module-qtquick2,debian_bookworm,fedora_42,0.0,5,257,0,262
qml-module-qtquick2,debian_bookworm,fedora_43,0.0,5,257,0,262
qml-module-qtquick2,debian_bookworm,rhel_8,0.0,5,257,0,262
qml-module-qtquick2,debian_bookworm,rhel_9,0.0,5,257,0,262
qml-module-qtquick2,fedora_42,ubuntu_focal,0.0,257,5,0,262
qml-module-qtquick2,fedora_42,ubuntu_jammy,0.0,257,5,0,262
qml-module-qtquick2,fedora_42,ubuntu_noble,0.0,257,5,0,262
qml-module-qtquick2,fedora_43,ubuntu_focal,0.0,257,5,0,262
qml-module-qtquick2,fedora_43,ubuntu_jammy,0.0,257,5,0,262
qml-module-qtquick2,fedora_43,ubuntu_noble,0.0,257,5,0,262
qml-module-qtquick2,rhel_8,ubuntu_focal,0.0,257,5,0,262
qml-module-qtquick2,rhel_8,ubuntu_jammy,0.0,257,5,0,262
qml-module-qtquick2,rhel_8,ubuntu_noble,0.0,257,5,0,262
qml-module-qtquick2,rhel_9,ubuntu_focal,0.0,257,5,0,262
qml-module-qtquick2,rhel_9,ubuntu_jammy,0.0,257,5,0,262
qml-module-qtquick2,rhel_9,ubuntu_noble,0.0,257,5,0,262
qml6-module-qt-labs-folderlistmodel,arch,debian_bookworm,0.0,4714,5,0,4719
qml6-module-qt-labs-folderlistmodel,arch,rhel_9,0.0,4714,760,0,5474
qml6-module-qt-labs-folderlistmodel,arch,ubuntu_jammy,0.0,4714,5,0,4719
qml6-module-qt-labs-folderlistmodel,arch,ubuntu_noble,0.0,4714,5,0,4719
qml6-module-qt-labs-folderlistmodel,debian_bookworm,fedora_42,0.0,5,3319,0,3324
qml6-module-qt-labs-folderlistmodel,debian_bookworm,fedora_43,0.0,5,3299,0,3304
qml6-module-qt-labs-folderlistmodel,debian_bookworm,rhel_9,0.0,5,760,0,765
qml6-module-qt-labs-folderlistmodel,fedora_42,ubuntu_jammy,0.0,3319,5,0,3324
qml6-module-qt-labs-folderlistmodel,fedora_42,ubuntu_noble,0.0,3319,5,0,3324
qml6-module-qt-labs-folderlistmodel,fedora_43,ubuntu_jammy,0.0,3299,5,0,3304
qml6-module-qt-labs-folderlistmodel,fedora_43,ubuntu_noble,0.0,3299,5,0,3304
qml6-module-qt-labs-folderlistmodel,rhel_9,ubuntu_jammy,0.0,760,5,0,765
qml6-module-qt-labs-folderlistmodel,rhel_9,ubuntu_noble,0.0,760,5,0,765
qml6-module-qt-labs-platform,arch,debian_bookworm,0.0,4714,5,0,4719
qml6-module-qt-labs-platform,arch,rhel_9,0.0,4714,760,0,5474
qml6-module-qt-labs-platform,arch,ubuntu_jammy,0.0,4714,5,0,4719
qml6-module-qt-labs-platform,arch,ubuntu_noble,0.0,4714,5,0,4719
qml6-module-qt-labs-platform,debian_bookworm,fedora_42,0.0,5,3319,0,3324
qml6-module-qt-labs-platform,debian_bookworm,fedora_43,0.0,5,3299,0,3304
qml6-module-qt-labs-platform,debian_bookworm,rhel_9,0.0,5,760,0,765
qml6-module-qt-labs-platform,fedora_42,ubuntu_jammy,0.0,3319,5,0,3324
qml6-module-qt-labs-platform,fedora_42,ubuntu_noble,0.0,3319,5,0,3324
qml6-module-qt-labs-platform,fedora_43,ubuntu_jammy,0.0,3299,5,0,3304
qml6-module-qt-labs-platform,fedora_43,ubuntu_noble,0.0,3299,5,0,3304
qml6-module-qt-labs-platform,rhel_9,ubuntu_jammy,0.0,760,5,0,765
qml6-module-qt-labs-platform,rhel_9,ubuntu_noble,0.0,760,5,0,765
qml6-module-qt-labs-settings,arch,debian_bookworm,0.0,4714,5,0,4719
qml6-module-qt-labs-settings,arch,rhel_9,0.0,4714,760,0,5474
qml6-module-qt-labs-settings,arch,ubuntu_jammy,0.0,4714,5,0,4719
qml6-module-qt-labs-settings,arch,ubuntu_noble,0.0,4714,5,0,4719
qml6-module-qt-labs-settings,debian_bookworm,fedora_42,0.0,5,3319,0,3324
qml6-module-qt-labs-settings,debian_bookworm,fedora_43,0.0,5,3299,0,3304
qml6-module-qt-labs-settings,debian_bookworm,rhel_9,0.0,5,760,0,765
qml6-module-qt-labs-settings,fedora_42,ubuntu_jammy,0.0,3319,5,0,3324
qml6-module-qt-labs-settings,fedora_42,ubuntu_noble,0.0,3319,5,0,3324
qml6-module-qt-labs-settings,fedora_43,ubuntu_jammy,0.0,3299,5,0,3304
qml6-module-qt-labs-settings,fedora_43,ubuntu_noble,0.0,3299,5,0,3304
qml6-module-qt-labs-settings,rhel_9,ubuntu_jammy,0.0,760,5,0,765
qml6-module-qt-labs-settings,rhel_9,ubuntu_noble,0.0,760,5,0,765
qml6-module-qt5compat-graphicaleffects,arch,debian_bookworm,0.0,4714,39,0,4753
qml6-module-qt5compat-graphicaleffects,arch,rhel_9,0.0,4714,760,0,5474
qml6-module-qt5compat-graphicaleffects,arch,ubuntu_jammy,0.0,4714,25,0,4739
qml6-module-qt5compat-graphicaleffects,arch,ubuntu_noble,0.0,4714,39,0,4753
qml6-module-qt5compat-graphicaleffects,debian_bookworm,fedora_42,0.0,39,3319,0,3358
qml6-module-qt5compat-graphicaleffects,debian_bookworm,fedora_43,0.0,39,3299,0,3338
qml6-module-qt5compat-graphicaleffects,debian_bookworm,rhel_9,0.0,39,760,0,799
qml6-module-qt5compat-graphicaleffects,fedora_42,ubuntu_jammy,0.0,3319,25,0,3344
qml6-module-qt5compat-graphicaleffects,fedora_42,ubuntu_noble,0.0,3319,39,0,3358
qml6-module-qt5compat-graphicaleffects,fedora_43,ubuntu_jammy,0.0,3299,25,0,3324
qml6-module-qt5compat-graphicaleffects,fedora_43,ubuntu_noble,0.0,3299,39,0,3338
qml6-module-qt5compat-graphicaleffects,rhel_9,ubuntu_jammy,0.0,760,25,0,785
qml6-module-qt5compat-graphicaleffects,rhel_9,ubuntu_noble,0.0,760,39,0,799
qml6-module-qtcharts,arch,debian_bookworm,0.0,4714,55,0,4769
qml6-module-qtcharts,arch,rhel_9,0.0,4714,760,0,5474
qml6-module-qtcharts,arch,ubuntu_jammy,0.0,4714,55,0,4769
qml6-module-qtcharts,arch,ubuntu_noble,0.0,4714,55,0,4769
qml6-module-qtcharts,debian_bookworm,fedora_42,0.0,55,3319,0,3374
qml6-module-qtcharts,debian_bookworm,fedora_43,0.0,55,3299,0,3354
qml6-module-qtcharts,debian_bookworm,rhel_9,0.0,55,760,0,815
qml6-module-qtcharts,fedora_42,ubuntu_jammy,0.0,3319,55,0,3374
qml6-module-qtcharts,fedora_42,ubuntu_noble,0.0,3319,55,0,3374
qml6-module-qtcharts,fedora_43,ubuntu_jammy,0.0,3299,55,0,3354
qml6-module-qtcharts,fedora_43,ubuntu_noble,0.0,3299,55,0,3354
qml6-module-qtcharts,rhel_9,ubuntu_jammy,0.0,760,55,0,815
qml6-module-qtcharts,rhel_9,ubuntu_noble,0.0,760,55,0,815
qml6-module-qtcore,arch,debian_bookworm,0.0,4714,5,0,4719
qml6-module-qtcore,arch,rhel_9,0.0,4714,760,0,5474
qml6-module-qtcore,arch,ubuntu_jammy,0.0,4714,5,0,4719
qml6-module-qtcore,arch,ubuntu_noble,0.0,4714,5,0,4719
qml6-module-qtcore,debian_bookworm,fedora_42,0.0,5,3319,0,3324
qml6-module-qtcore,debian_bookworm,fedora_43,0.0,5,3299,0,3304
qml6-module-qtcore,debian_bookworm,rhel_9,0.0,5,760,0,765
qml6-module-qtcore,fedora_42,ubuntu_jammy,0.0,3319,5,0,3324
qml6-module-qtcore,fedora_42,ubuntu_noble,0.0,3319,5,0,3324
qml6-module-qtcore,fedora_43,ubuntu_jammy,0.0,3299,5,0,3304
qml6-module-qtcore,fedora_43,ubuntu_noble,0.0,3299,5,0,3304
qml6-module-qtcore,rhel_9,ubuntu_jammy,0.0,760,5,0,765
qml6-module-qtcore,rhel_9,ubuntu_noble,0.0,760,5,0,765
qml6-module-qtpositioning,arch,debian_bookworm,0.0,4714,5,0,4719
qml6-module-qtpositioning,arch,rhel_9,0.0,4714,760,0,5474
qml6-module-qtpositioning,arch,ubuntu_jammy,0.0,4714,5,0,4719
qml6-module-qtpositioning,arch,ubuntu_noble,0.0,4714,5,0,4719
qml6-module-qtpositioning,debian_bookworm,fedora_42,0.0,5,3319,0,3324
qml6-module-qtpositioning,debian_bookworm,fedora_43,0.0,5,3299,0,3304
qml6-module-qtpositioning,debian_bookworm,rhel_9,0.0,5,760,0,765
qml6-module-qtpositioning,fedora_42,ubuntu_jammy,0.0,3319,5,0,3324
qml6-module-qtpositioning,fedora_42,ubuntu_noble,0.0,3319,5,0,3324
qml6-module-qtpositioning,fedora_43,ubuntu_jammy,0.0,3299,5,0,3304
qml6-module-qtpositioning,fedora_43,ubuntu_noble,0.0,3299,5,0,3304
qml6-module-qtpositioning,rhel_9,ubuntu_jammy,0.0,760,5,0,765
qml6-module-qtpositioning,rhel_9,ubuntu_noble,0.0,760,5,0,765
qml6-module-qtqml,arch,debian_bookworm,0.0,4714,5,0,4719
qml6-module-qtqml,arch,rhel_9,0.0,4714,760,0,5474
qml6-module-qtqml,arch,ubuntu_jammy,0.0,4714,5,0,4719
qml6-module-qtqml,arch,ubuntu_noble,0.0,4714,5,0,4719
qml6-module-qtqml,debian_bookworm,fedora_42,0.0,5,3319,0,3324
qml6-module-qtqml,debian_bookworm,fedora_43,0.0,5,3299,0,3304
qml6-module-qtqml,debian_bookworm,rhel_9,0.0,5,760,0,765
qml6-module-qtqml,fedora_42,ubuntu_jammy,0.0,3319,5,0,3324
qml6-module-qtqml,fedora_42,ubuntu_noble,0.0,3319,5,0,3324
qml6-module-qtqml,fedora_43,ubuntu_jammy,0.0,3299,5,0,3304
qml6-module-qtqml,fedora_43,ubuntu_noble,0.0,3299,5,0,3304
qml6-module-qtqml,rhel_9,ubuntu_jammy,0.0,760,5,0,765
qml6-module-qtqml,rhel_9,ubuntu_noble,0.0,760,5,0,765
qml6-module-qtqml-models,arch,debian_bookworm,0.0,4714,5,0,4719
qml6-module-qtqml-models,arch,rhel_9,0.0,4714,760,0,5474
qml6-module-qtqml-models,arch,ubuntu_jammy,0.0,4714,5,0,4719
qml6-module-qtqml-models,arch,ubuntu_noble,0.0,4714,5,0,4719
qml6-module-qtqml-models,debian_bookworm,fedora_42,0.0,5,3319,0,3324
qml6-module-qtqml-models,debian_bookworm,fedora_43,0.0,5,3299,0,3304
qml6-module-qtqml-models,debian_bookworm,rhel_9,0.0,5,760,0,765
qml6-module-qtqml-models,fedora_42,ubuntu_jammy,0.0,3319,5,0,3324
qml6-module-qtqml-models,fedora_42,ubuntu_noble,0.0,3319,5,0,3324
qml6-module-qtqml-models,fedora_43,ubuntu_jammy,0.0,3299,5,0,3304
qml6-module-qtqml-models,fedora_43,ubuntu_noble,0.0,3299,5,0,3304
qml6-module-qtqml-models,rhel_9,ubuntu_jammy,0.0,760,5,0,765
qml6-module-qtqml-models,rhel_9,ubuntu_noble,0.0,760,5,0,765
qml6-module-qtqml-workerscript,arch,debian_bookworm,0.0,4714,5,0,4719
qml6-module-qtqml-workerscript,arch,rhel_9,0.0,4714,760,0,5474
qml6-module-qtqml-workerscript,arch,ubuntu_jammy,0.0,4714,5,0,4719
qml6-module-qtqml-workerscript,arch,ubuntu_noble,0.0,4714,5,0,4719
qml6-module-qtqml-workerscript,debian_bookworm,fedora_42,0.0,5,3319,0,3324
qml6-module-qtqml-workerscript,debian_bookworm,fedora_43,0.0,5,3299,0,3304
qml6-module-qtqml-workerscript,debian_bookworm,rhel_9,0.0,5,760,0,765
qml6-module-qtqml-workerscript,fedora_42,ubuntu_jammy,0.0,3319,5,0,3324
qml6-module-qtqml-workerscript,fedora_42,ubuntu_noble,0.0,3319,5,0,3324
qml6-module-qtqml-workerscript,fedora_43,ubuntu_jammy,0.0,3299,5,0,3304
qml6-module-qtqml-workerscript,fedora_43,ubuntu_noble,0.0,3299,5,0,3304
qml6-module-qtqml-workerscript,rhel_9,ubuntu_jammy,0.0,760,5,0,765
qml6-module-qtqml-workerscript,rhel_9,ubuntu_noble,0.0,760,5,0,765
qml6-module-qtquick,arch,debian_bookworm,0.0,4714,5,0,4719
qml6-module-qtquick,arch,rhel_9,0.0,4714,760,0,5474
qml6-module-qtquick,arch,ubuntu_jammy,0.0,4714,5,0,4719
qml6-module-qtquick,arch,ubuntu_noble,0.0,4714,5,0,4719
qml6-module-qtquick,debian_bookworm,fedora_42,0.0,5,3319,0,3324
qml6-module-qtquick,debian_bookworm,fedora_43,0.0,5,3299,0,3304
qml6-module-qtquick,debian_bookworm,rhel_9,0.0,5,760,0,765
qml6-module-qtquick,fedora_42,ubuntu_jammy,0.0,3319,5,0,3324
qml6-module-qtquick,fedora_42,ubuntu_noble,0.0,3319,5,0,3324
qml6-module-qtquick,fedora_43,ubuntu_jammy,0.0,3299,5,0,3304
qml6-module-qtquick,fedora_43,ubuntu_noble,0.0,3299,5,0,3304
qml6-module-qtquick,rhel_9,ubuntu_jammy,0.0,760,5,0,765
qml6-module-qtquick,rhel_9,ubuntu_noble,0.0,760,5,0,765
qml6-module-qtquick-controls,arch,debian_bookworm,0.0,4714,461,0,5175
qml6-module-qtquick-controls,arch,rhel_9,0.0,4714,760,0,5474
qml6-module-qtquick-controls,arch,ubuntu_jammy,0.0,4714,450,0,5164
qml6-module-qtquick-controls,arch,ubuntu_noble,0.0,4714,461,0,5175
qml6-module-qtquick-controls,debian_bookworm,fedora_42,0.0,461,3319,0,3780
qml6-module-qtquick-controls,debian_bookworm,fedora_43,0.0,461,3299,0,3760
qml6-module-qtquick-controls,debian_bookworm,rhel_9,0.0,461,760,0,1221
qml6-module-qtquick-controls,fedora_42,ubuntu_jammy,0.0,3319,450,0,3769
qml6-module-qtquick-controls,fedora_42,ubuntu_noble,0.0,3319,461,0,3780
qml6-module-qtquick-controls,fedora_43,ubuntu_jammy,0.0,3299,450,0,3749
qml6-module-qtquick-controls,fedora_43,ubuntu_noble,0.0,3299,461,0,3760
qml6-module-qtquick-controls,rhel_9,ubuntu_jammy,0.0,760,450,0,1210
qml6-module-qtquick-controls,rhel_9,ubuntu_noble,0.0,760,461,0,1221
qml6-module-qtquick-dialogs,arch,debian_bookworm,0.0,4714,55,0,4769
qml6-module-qtquick-dialogs,arch,rhel_9,0.0,4714,760,0,5474
qml6-module-qtquick-dialogs,arch,ubuntu_jammy,0.0,4714,30,0,4744
qml6-module-qtquick-dialogs,arch,ubuntu_noble,0.0,4714,55,0,4769
qml6-module-qtquick-dialogs,debian_bookworm,fedora_42,0.0,55,3319,0,3374
qml6-module-qtquick-dialogs,debian_bookworm,fedora_43,0.0,55,3299,0,3354
qml6-module-qtquick-dialogs,debian_bookworm,rhel_9,0.0,55,760,0,815
qml6-module-qtquick-dialogs,fedora_42,ubuntu_jammy,0.0,3319,30,0,3349
qml6-module-qtquick-dialogs,fedora_42,ubuntu_noble,0.0,3319,55,0,3374
qml6-module-qtquick-dialogs,fedora_43,ubuntu_jammy,0.0,3299,30,0,3329
qml6-module-qtquick-dialogs,fedora_43,ubuntu_noble,0.0,3299,55,0,3354
qml6-module-qtquick-dialogs,rhel_9,ubuntu_jammy,0.0,760,30,0,790
qml6-module-qtquick-dialogs,rhel_9,ubuntu_noble,0.0,760,55,0,815
qml6-module-qtquick-layouts,arch,debian_bookworm,0.0,4714,5,0,4719
qml6-module-qtquick-layouts,arch,rhel_9,0.0,4714,760,0,5474
qml6-module-qtquick-layouts,arch,ubuntu_jammy,0.0,4714,5,0,4719
qml6-module-qtquick-layouts,arch,ubuntu_noble,0.0,4714,5,0,4719
qml6-module-qtquick-layouts,debian_bookworm,fedora_42,0.0,5,3319,0,3324
qml6-module-qtquick-layouts,debian_bookworm,fedora_43,0.0,5,3299,0,3304
qml6-module-qtquick-layouts,debian_bookworm,rhel_9,0.0,5,760,0,765
qml6-module-qtquick-layouts,fedora_42,ubuntu_jammy,0.0,3319,5,0,3324
qml6-module-qtquick-layouts,fedora_42,ubuntu_noble,0.0,3319,5,0,3324
qml6-module-qtquick-layouts,fedora_43,ubuntu_jammy,0.0,3299,5,0,3304
qml6-module-qtquick-layouts,fedora_43,ubuntu_noble,0.0,3299,5,0,3304
qml6-module-qtquick-layouts,rhel_9,ubuntu_jammy,0.0,760,5,0,765
qml6-module-qtquick-layouts,rhel_9,ubuntu_noble,0.0,760,5,0,765
qml6-module-qtquick-templates,arch,debian_bookworm,0.0,4714,5,0,4719
qml6-module-qtquick-templates,arch,rhel_9,0.0,4714,760,0,5474
qml6-module-qtquick-templates,arch,ubuntu_jammy,0.0,4714,5,0,4719
qml6-module-qtquick-templates,arch,ubuntu_noble,0.0,4714,5,0,4719
qml6-module-qtquick-templates,debian_bookworm,fedora_42,0.0,5,3319,0,3324
qml6-module-qtquick-templates,debian_bookworm,fedora_43,0.0,5,3299,0,3304
qml6-module-qtquick-templates,debian_bookworm,rhel_9,0.0,5,760,0,765
qml6-module-qtquick-templates,fedora_42,ubuntu_jammy,0.0,3319,5,0,3324
qml6-module-qtquick-templates,fedora_42,ubuntu_noble,0.0,3319,5,0,3324
qml6-module-qtquick-templates,fedora_43,ubuntu_jammy,0.0,3299,5,0,3304
qml6-module-qtquick-templates,fedora_43,ubuntu_noble,0.0,3299,5,0,3304
qml6-module-qtquick-templates,rhel_9,ubuntu_jammy,0.0,760,5,0,765
qml6-module-qtquick-templates,rhel_9,ubuntu_noble,0.0,760,5,0,765
qml6-module-qtquick-window,arch,debian_bookworm,0.0,4714,5,0,4719
qml6-module-qtquick-window,arch,rhel_9,0.0,4714,760,0,5474
qml6-module-qtquick-window,arch,ubuntu_jammy,0.0,4714,5,0,4719
qml6-module-qtquick-window,arch,ubuntu_noble,0.0,4714,5,0,4719
qml6-module-qtquick-window,debian_bookworm,fedora_42,0.0,5,3319,0,3324
qml6-module-qtquick-window,debian_bookworm,fedora_43,0.0,5,3299,0,3304
qml6-module-qtquick-window,debian_bookworm,rhel_9,0.0,5,760,0,765
qml6-module-qtquick-window,fedora_42,ubuntu_jammy,0.0,3319,5,0,3324
qml6-module-qtquick-window,fedora_42,ubuntu_noble,0.0,3319,5,0,3324
qml6-module-qtquick-window,fedora_43,ubuntu_jammy,0.0,3299,5,0,3304
qml6-module-qtquick-window,fedora_43,ubuntu_noble,0.0,3299,5,0,3304
qml6-module-qtquick-window,rhel_9,ubuntu_jammy,0.0,760,5,0,765
qml6-module-qtquick-window,rhel_9,ubuntu_noble,0.0,760,5,0,765
qt5-image-formats-plugins,arch,debian_bookworm,0.0,15,8,0,23
qt5-image-formats-plugins,arch,ubuntu_focal,0.0,15,8,0,23
qt5-image-formats-plugins,arch,ubuntu_jammy,0.0,15,8,0,23
qt5-image-formats-plugins,arch,ubuntu_noble,0.0,15,8,0,23
qt5-qmake,alpine_edge,debian_bookworm,0.0,3332,518,0,3850
qt5-qmake,alpine_edge,ubuntu_focal,0.0,3332,497,0,3829
qt5-qmake,alpine_edge,ubuntu_jammy,0.0,3332,518,0,3850
qt5-qmake,alpine_edge,ubuntu_noble,0.0,3332,516,0,3848
qt5-qmake,arch,debian_bookworm,0.0,3526,518,0,4044
qt5-qmake,arch,ubuntu_focal,0.0,3526,497,0,4023
qt5-qmake,arch,ubuntu_jammy,0.0,3526,518,0,4044
qt5-qmake,arch,ubuntu_noble,0.0,3526,516,0,4042
qt5-qmake,debian_bookworm,fedora_42,0.0,518,3128,0,3646
qt5-qmake,debian_bookworm,fedora_43,0.0,518,3128,0,3646
qt5-qmake,debian_bookworm,opensuse_15.2,0.0,518,547,0,1065
qt5-qmake,debian_bookworm,rhel_8,0.0,518,3160,0,3678
qt5-qmake,debian_bookworm,rhel_9,0.0,518,3127,0,3645
qt5-qmake,fedora_42,ubuntu_focal,0.0,3128,497,0,3625
qt5-qmake,fedora_42,ubuntu_jammy,0.0,3128,518,0,3646
qt5-qmake,fedora_42,ubuntu_noble,0.0,3128,516,0,3644
qt5-qmake,fedora_43,ubuntu_focal,0.0,3128,497,0,3625
qt5-qmake,fedora_43,ubuntu_jammy,0.0,3128,518,0,3646
qt5-qmake,fedora_43,ubuntu_noble,0.0,3128,516,0,3644
qt5-qmake,opensuse_15.2,ubuntu_focal,0.0,547,497,0,1044
qt5-qmake,opensuse_15.2,ubuntu_jammy,0.0,547,518,0,1065
qt5-qmake,opensuse_15.2,ubuntu_noble,0.0,547,516,0,1063
qt5-qmake,rhel_8,ubuntu_focal,0.0,3160,497,0,3657
qt5-qmake,rhel_8,ubuntu_jammy,0.0,3160,518,0,3678
qt5-qmake,rhel_8,ubuntu_noble,0.0,3160,516,0,3676
qt5-qmake,rhel_9,ubuntu_focal,0.0,3127,497,0,3624
qt5-qmake,rhel_9,ubuntu_jammy,0.0,3127,518,0,3645
qt5-qmake,rhel_9,ubuntu_noble,0.0,3127,516,0,3643
qt6-5compat-dev,alpine_edge,debian_bookworm,0.0,42,56,0,98
qt6-5compat-dev,alpine_edge,rhel_9,0.0,42,81,0,123
qt6-5compat-dev,alpine_edge,ubuntu_jammy,0.0,42,55,0,97
qt6-5compat-dev,alpine_edge,ubuntu_noble,0.0,42,56,0,98
qt6-5compat-dev,arch,debian_bookworm,0.0,131,56,0,187
qt6-5compat-dev,arch,ubuntu_jammy,0.0,131,55,0,186
qt6-5compat-dev,arch,ubuntu_noble,0.0,131,56,0,187
qt6-5compat-dev,debian_bookworm,fedora_42,0.0,56,97,0,153
qt6-5compat-dev,debian_bookworm,fedora_43,0.0,56,96,0,152
qt6-5compat-dev,debian_bookworm,rhel_9,0.0,56,81,0,137
qt6-5compat-dev,fedora_42,rhel_9,0.0,97,81,0,178
qt6-5compat-dev,fedora_42,ubuntu_jammy,0.0,97,55,0,152
qt6-5compat-dev,fedora_42,ubuntu_noble,0.0,97,56,0,153
qt6-5compat-dev,fedora_43,rhel_9,0.0,96,81,0,177
qt6-5compat-dev,fedora_43,ubuntu_jammy,0.0,96,55,0,151
qt6-5compat-dev,fedora_43,ubuntu_noble,0.0,96,56,0,152
qt6-5compat-dev,rhel_9,ubuntu_jammy,0.0,81,55,0,136
qt6-5compat-dev,rhel_9,ubuntu_noble,0.0,81,56,0,137
qt6-base-private-dev,alpine_edge,debian_bookworm,0.0,1056,803,0,1859
qt6-base-private-dev,alpine_edge,rhel_9,0.0,1056,729,0,1785
qt6-base-private-dev,alpine_edge,ubuntu_jammy,0.0,1056,791,0,1847
qt6-base-private-dev,alpine_edge,ubuntu_noble,0.0,1056,803,0,1859
qt6-base-private-dev,arch,debian_bookworm,0.0,4638,803,0,5441
qt6-base-private-dev,arch,rhel_9,0.0,4638,729,0,5367
qt6-base-private-dev,arch,ubuntu_jammy,0.0,4638,791,0,5429
qt6-base-private-dev,arch,ubuntu_noble,0.0,4638,803,0,5441
qt6-base-private-dev,debian_bookworm,fedora_42,0.0,803,856,0,1659
qt6-base-private-dev,debian_bookworm,fedora_43,0.0,803,1078,0,1881
qt6-base-private-dev,debian_bookworm,rhel_9,0.0,803,729,0,1532
qt6-base-private-dev,fedora_42,rhel_9,0.0,856,729,0,1585
qt6-base-private-dev,fedora_42,ubuntu_jammy,0.0,856,791,0,1647
qt6-base-private-dev,fedora_42,ubuntu_noble,0.0,856,803,0,1659
qt6-base-private-dev,fedora_43,rhel_9,0.0,1078,729,0,1807
qt6-base-private-dev,fedora_43,ubuntu_jammy,0.0,1078,791,0,1869
qt6-base-private-dev,fedora_43,ubuntu_noble,0.0,1078,803,0,1881
qt6-base-private-dev,rhel_9,ubuntu_jammy,0.0,729,791,0,1520
qt6-base-private-dev,rhel_9,ubuntu_noble,0.0,729,803,0,1532
qt6-declarative-dev,arch,debian_bookworm,0.0,4714,830,0,5544
qt6-declarative-dev,arch,ubuntu_jammy,0.0,4714,988,0,5702
qt6-declarative-dev,arch,ubuntu_noble,0.0,4714,830,0,5544
qt6-declarative-dev,debian_bookworm,fedora_42,0.0,830,3496,0,4326
qt6-declarative-dev,debian_bookworm,fedora_43,0.0,830,4176,0,5006
qt6-declarative-dev,debian_bookworm,rhel_9,0.0,830,2100,0,2930
qt6-declarative-dev,fedora_42,ubuntu_jammy,0.0,3496,988,0,4484
qt6-declarative-dev,fedora_42,ubuntu_noble,0.0,3496,830,0,4326
qt6-declarative-dev,fedora_43,ubuntu_jammy,0.0,4176,988,0,5164
qt6-declarative-dev,fedora_43,ubuntu_noble,0.0,4176,830,0,5006
qt6-declarative-dev,rhel_9,ubuntu_jammy,0.0,2100,988,0,3088
qt6-declarative-dev,rhel_9,ubuntu_noble,0.0,2100,830,0,2930
qt6-declarative-private-dev,alpine_edge,debian_bookworm,0.0,1623,921,0,2544
qt6-declarative-private-dev,alpine_edge,ubuntu_jammy,0.0,1623,840,0,2463
qt6-declarative-private-dev,alpine_edge,ubuntu_noble,0.0,1623,921,0,2544
qt6-declarative-private-dev,arch,debian_bookworm,0.0,4714,921,0,5635
qt6-declarative-private-dev,arch,ubuntu_jammy,0.0,4714,840,0,5554
qt6-declarative-private-dev,arch,ubuntu_noble,0.0,4714,921,0,5635
qt6-declarative-private-dev,debian_bookworm,fedora_42,0.0,921,3496,0,4417
qt6-declarative-private-dev,debian_bookworm,fedora_43,0.0,921,4176,0,5097
qt6-declarative-private-dev,fedora_42,ubuntu_jammy,0.0,3496,840,0,4336
qt6-declarative-private-dev,fedora_42,ubuntu_noble,0.0,3496,921,0,4417
qt6-declarative-private-dev,fedora_43,ubuntu_jammy,0.0,4176,840,0,5016
qt6-declarative-private-dev,fedora_43,ubuntu_noble,0.0,4176,921,0,5097
qt6-multimedia-dev,arch,debian_bookworm,0.0,428,164,0,592
qt6-multimedia-dev,arch,ubuntu_jammy,0.0,428,110,0,538
qt6-multimedia-dev,arch,ubuntu_noble,0.0,428,164,0,592
qt6-multimedia-dev,debian_bookworm,fedora_42,0.0,164,565,0,729
qt6-multimedia-dev,debian_bookworm,fedora_43,0.0,164,718,0,882
qt6-multimedia-dev,debian_bookworm,rhel_9,0.0,164,257,0,421
qt6-multimedia-dev,fedora_42,ubuntu_jammy,0.0,565,110,0,675
qt6-multimedia-dev,fedora_42,ubuntu_noble,0.0,565,164,0,729
qt6-multimedia-dev,fedora_43,ubuntu_jammy,0.0,718,110,0,828
qt6-multimedia-dev,fedora_43,ubuntu_noble,0.0,718,164,0,882
qt6-multimedia-dev,rhel_9,ubuntu_jammy,0.0,257,110,0,367
qt6-multimedia-dev,rhel_9,ubuntu_noble,0.0,257,164,0,421
qtbase5-private-dev,arch,debian_bookworm,0.0,3526,983,0,4509
qtbase5-private-dev,arch,fedora_42,0.0,3526,819,0,4345
qtbase5-private-dev,arch,fedora_43,0.0,3526,819,0,4345
qtbase5-private-dev,arch,rhel_8,0.0,3526,817,0,4343
qtbase5-private-dev,arch,rhel_9,0.0,3526,819,0,4345
qtbase5-private-dev,arch,ubuntu_focal,0.0,3526,854,0,4380
qtbase5-private-dev,arch,ubuntu_jammy,0.0,3526,959,0,4485
qtbase5-private-dev,arch,ubuntu_noble,0.0,3526,984,0,4510
qtbase5-private-dev,debian_bookworm,fedora_42,0.0,983,819,0,1802
qtbase5-private-dev,debian_bookworm,fedora_43,0.0,983,819,0,1802
qtbase5-private-dev,debian_bookworm,rhel_8,0.0,983,817,0,1800
qtbase5-private-dev,debian_bookworm,rhel_9,0.0,983,819,0,1802
qtbase5-private-dev,fedora_42,fedora_43,0.0,819,819,0,1638
qtbase5-private-dev,fedora_42,rhel_8,0.0,819,817,0,1636
qtbase5-private-dev,fedora_42,rhel_9,0.0,819,819,0,1638
qtbase5-private-dev,fedora_42,ubuntu_focal,0.0,819,854,0,1673
qtbase5-private-dev,fedora_42,ubuntu_jammy,0.0,819,959,0,1778
qtbase5-private-dev,fedora_42,ubuntu_noble,0.0,819,984,0,1803
qtbase5-private-dev,fedora_43,rhel_8,0.0,819,817,0,1636
qtbase5-private-dev,fedora_43,rhel_9,0.0,819,819,0,1638
qtbase5-private-dev,fedora_43,ubuntu_focal,0.0,819,854,0,1673
qtbase5-private-dev,fedora_43,ubuntu_jammy,0.0,819,959,0,1778
qtbase5-private-dev,fedora_43,ubuntu_noble,0.0,819,984,0,1803
qtbase5-private-dev,rhel_8,rhel_9,0.0,817,819,0,1636
qtbase5-private-dev,rhel_8,ubuntu_focal,0.0,817,854,0,1671
qtbase5-private-dev,rhel_8,ubuntu_jammy,0.0,817,959,0,1776
qtbase5-private-dev,rhel_8,ubuntu_noble,0.0,817,984,0,1801
qtbase5-private-dev,rhel_9,ubuntu_focal,0.0,819,854,0,1673
qtbase5-private-dev,rhel_9,ubuntu_jammy,0.0,819,959,0,1778
qtbase5-private-dev,rhel_9,ubuntu_noble,0.0,819,984,0,1803
qtdeclarative5-dev,arch,debian_bookworm,0.0,965,274,0,1239
qtdeclarative5-dev,arch,ubuntu_focal,0.0,965,222,0,1187
qtdeclarative5-dev,arch,ubuntu_jammy,0.0,965,274,0,1239
qtdeclarative5-dev,arch,ubuntu_noble,0.0,965,274,0,1239
qtdeclarative5-dev,debian_bookworm,fedora_42,0.0,274,1041,0,1315
qtdeclarative5-dev,debian_bookworm,fedora_43,0.0,274,1041,0,1315
qtdeclarative5-dev,debian_bookworm,rhel_8,0.0,274,1041,0,1315
qtdeclarative5-dev,debian_bookworm,rhel_9,0.0,274,1041,0,1315
qtdeclarative5-dev,fedora_42,ubuntu_focal,0.0,1041,222,0,1263
qtdeclarative5-dev,fedora_42,ubuntu_jammy,0.0,1041,274,0,1315
qtdeclarative5-dev,fedora_42,ubuntu_noble,0.0,1041,274,0,1315
qtdeclarative5-dev,fedora_43,ubuntu_focal,0.0,1041,222,0,1263
qtdeclarative5-dev,fedora_43,ubuntu_jammy,0.0,1041,274,0,1315
qtdeclarative5-dev,fedora_43,ubuntu_noble,0.0,1041,274,0,1315
qtdeclarative5-dev,rhel_8,ubuntu_focal,0.0,1041,222,0,1263
qtdeclarative5-dev,rhel_8,ubuntu_jammy,0.0,1041,274,0,1315
qtdeclarative5-dev,rhel_8,ubuntu_noble,0.0,1041,274,0,1315
qtdeclarative5-dev,rhel_9,ubuntu_focal,0.0,1041,222,0,1263
qtdeclarative5-dev,rhel_9,ubuntu_jammy,0.0,1041,274,0,1315
qtdeclarative5-dev,rhel_9,ubuntu_noble,0.0,1041,274,0,1315
qtmultimedia5-dev,arch,debian_bookworm,0.0,337,228,0,565
qtmultimedia5-dev,arch,ubuntu_focal,0.0,337,224,0,561
qtmultimedia5-dev,arch,ubuntu_jammy,0.0,337,228,0,565
qtmultimedia5-dev,arch,ubuntu_noble,0.0,337,228,0,565
qtmultimedia5-dev,debian_bookworm,fedora_42,0.0,228,327,0,555
qtmultimedia5-dev,debian_bookworm,fedora_43,0.0,228,327,0,555
qtmultimedia5-dev,debian_bookworm,rhel_8,0.0,228,327,0,555
qtmultimedia5-dev,debian_bookworm,rhel_9,0.0,228,327,0,555
qtmultimedia5-dev,fedora_42,ubuntu_focal,0.0,327,224,0,551
qtmultimedia5-dev,fedora_42,ubuntu_jammy,0.0,327,228,0,555
qtmultimedia5-dev,fedora_42,ubuntu_noble,0.0,327,228,0,555
qtmultimedia5-dev,fedora_43,ubuntu_focal,0.0,327,224,0,551
qtmultimedia5-dev,fedora_43,ubuntu_jammy,0.0,327,228,0,555
qtmultimedia5-dev,fedora_43,ubuntu_noble,0.0,327,228,0,555
qtmultimedia5-dev,rhel_8,ubuntu_focal,0.0,327,224,0,551
qtmultimedia5-dev,rhel_8,ubuntu_jammy,0.0,327,228,0,555
qtmultimedia5-dev,rhel_8,ubuntu_noble,0.0,327,228,0,555
qtmultimedia5-dev,rhel_9,ubuntu_focal,0.0,327,224,0,551
qtmultimedia5-dev,rhel_9,ubuntu_jammy,0.0,327,228,0,555
qtmultimedia5-dev,rhel_9,ubuntu_noble,0.0,327,228,0,555
qtpositioning5-dev,arch,debian_bookworm,0.0,362,61,0,423
qtpositioning5-dev,arch,ubuntu_focal,0.0,362,61,0,423
qtpositioning5-dev,arch,ubuntu_jammy,0.0,362,60,0,422
qtpositioning5-dev,arch,ubuntu_noble,0.0,362,61,0,423
qtquickcontrols2-5-dev,arch,debian_bookworm,0.0,592,27,0,619
qtquickcontrols2-5-dev,arch,ubuntu_focal,0.0,592,27,0,619
qtquickcontrols2-5-dev,arch,ubuntu_jammy,0.0,592,27,0,619
qtquickcontrols2-5-dev,arch,ubuntu_noble,0.0,592,27,0,619
qtquickcontrols2-5-dev,debian_bookworm,fedora_42,0.0,27,167,0,194
qtquickcontrols2-5-dev,debian_bookworm,fedora_43,0.0,27,167,0,194
qtquickcontrols2-5-dev,debian_bookworm,rhel_8,0.0,27,167,0,194
qtquickcontrols2-5-dev,debian_bookworm,rhel_9,0.0,27,167,0,194
qtquickcontrols2-5-dev,fedora_42,ubuntu_focal,0.0,167,27,0,194
qtquickcontrols2-5-dev,fedora_42,ubuntu_jammy,0.0,167,27,0,194
qtquickcontrols2-5-dev,fedora_42,ubuntu_noble,0.0,167,27,0,194
qtquickcontrols2-5-dev,fedora_43,ubuntu_focal,0.0,167,27,0,194
qtquickcontrols2-5-dev,fedora_43,ubuntu_jammy,0.0,167,27,0,194
qtquickcontrols2-5-dev,fedora_43,ubuntu_noble,0.0,167,27,0,194
qtquickcontrols2-5-dev,rhel_8,ubuntu_focal,0.0,167,27,0,194
qtquickcontrols2-5-dev,rhel_8,ubuntu_jammy,0.0,167,27,0,194
qtquickcontrols2-5-dev,rhel_8,ubuntu_noble,0.0,167,27,0,194
qtquickcontrols2-5-dev,rhel_9,ubuntu_focal,0.0,167,27,0,194
qtquickcontrols2-5-dev,rhel_9,ubuntu_jammy,0.0,167,27,0,194
qtquickcontrols2-5-dev,rhel_9,ubuntu_noble,0.0,167,27,0,194
qttools5-dev,arch,debian_bookworm,0.0,341,176,0,517
qttools5-dev,arch,ubuntu_focal,0.0,341,160,0,501
qttools5-dev,arch,ubuntu_jammy,0.0,341,176,0,517
qttools5-dev,arch,ubuntu_noble,0.0,341,176,0,517
qttools5-dev,debian_bookworm,fedora_42,0.0,176,320,0,496
qttools5-dev,debian_bookworm,fedora_43,0.0,176,320,0,496
qttools5-dev,debian_bookworm,rhel_8,0.0,176,320,0,496
qttools5-dev,debian_bookworm,rhel_9,0.0,176,320,0,496
qttools5-dev,fedora_42,ubuntu_focal,0.0,320,160,0,480
qttools5-dev,fedora_42,ubuntu_jammy,0.0,320,176,0,496
qttools5-dev,fedora_42,ubuntu_noble,0.0,320,176,0,496
qttools5-dev,fedora_43,ubuntu_focal,0.0,320,160,0,480
qttools5-dev,fedora_43,ubuntu_jammy,0.0,320,176,0,496
qttools5-dev,fedora_43,ubuntu_noble,0.0,320,176,0,496
qttools5-dev,rhel_8,ubuntu_focal,0.0,320,160,0,480
qttools5-dev,rhel_8,ubuntu_jammy,0.0,320,176,0,496
qttools5-dev,rhel_8,ubuntu_noble,0.0,320,176,0,496
qttools5-dev,rhel_9,ubuntu_focal,0.0,320,160,0,480
qttools5-dev,rhel_9,ubuntu_jammy,0.0,320,176,0,496
qttools5-dev,rhel_9,ubuntu_noble,0.0,320,176,0,496
qttools5-dev-tools,arch,debian_bookworm,0.0,341,57,0,398
qttools5-dev-tools,arch,ubuntu_focal,0.0,341,47,0,388
qttools5-dev-tools,arch,ubuntu_jammy,0.0,341,57,0,398
qttools5-dev-tools,arch,ubuntu_noble,0.0,341,57,0,398
qtwebengine5-dev,debian_bookworm,fedora_42,0.0,95,235,0,330
qtwebengine5-dev,debian_bookworm,fedora_43,0.0,95,235,0,330
qtwebengine5-dev,debian_bookworm,rhel_8,0.0,95,193,0,288
qtwebengine5-dev,debian_bookworm,rhel_9,0.0,95,193,0,288
qtwebengine5-dev,fedora_42,ubuntu_focal,0.0,235,87,0,322
qtwebengine5-dev,fedora_42,ubuntu_jammy,0.0,235,95,0,330
qtwebengine5-dev,fedora_42,ubuntu_noble,0.0,235,95,0,330
qtwebengine5-dev,fedora_43,ubuntu_focal,0.0,235,87,0,322
qtwebengine5-dev,fedora_43,ubuntu_jammy,0.0,235,95,0,330
qtwebengine5-dev,fedora_43,ubuntu_noble,0.0,235,95,0,330
qtwebengine5-dev,rhel_8,ubuntu_focal,0.0,193,87,0,280
qtwebengine5-dev,rhel_8,ubuntu_jammy,0.0,193,95,0,288
qtwebengine5-dev,rhel_8,ubuntu_noble,0.0,193,95,0,288
qtwebengine5-dev,rhel_9,ubuntu_focal,0.0,193,87,0,280
qtwebengine5-dev,rhel_9,ubuntu_jammy,0.0,193,95,0,288
qtwebengine5-dev,rhel_9,ubuntu_noble,0.0,193,95,0,288
r-base,arch,debian_bookworm,0.0,1949,4,0,1953
r-base,arch,ubuntu_focal,0.0,1949,3,0,1952
r-base,arch,ubuntu_jammy,0.0,1949,3,0,1952
r-base,arch,ubuntu_noble,0.0,1949,3,0,1952
r-base-dev,arch,debian_bookworm,0.0,1949,2,0,1951
r-base-dev,arch,ubuntu_focal,0.0,1949,2,0,1951
r-base-dev,arch,ubuntu_jammy,0.0,1949,2,0,1951
r-base-dev,arch,ubuntu_noble,0.0,1949,2,0,1951
recode,debian_bookworm,fedora_42,0.0,37,4,0,41
recode,debian_bookworm,fedora_43,0.0,37,4,0,41
recode,fedora_42,ubuntu_focal,0.0,4,9,0,13
recode,fedora_42,ubuntu_jammy,0.0,4,9,0,13
recode,fedora_42,ubuntu_noble,0.0,4,9,0,13
recode,fedora_43,ubuntu_focal,0.0,4,9,0,13
recode,fedora_43,ubuntu_jammy,0.0,4,9,0,13
recode,fedora_43,ubuntu_noble,0.0,4,9,0,13
rt-tests,arch,fedora_42,0.0,40,666,0,706
rt-tests,arch,fedora_43,0.0,40,666,0,706
rt-tests,debian_bookworm,fedora_42,0.0,39,666,0,705
rt-tests,debian_bookworm,fedora_43,0.0,39,666,0,705
rt-tests,fedora_42,opensuse_15.2,0.0,666,31,0,697
rt-tests,fedora_42,ubuntu_focal,0.0,666,34,0,700
rt-tests,fedora_42,ubuntu_jammy,0.0,666,39,0,705
rt-tests,fedora_42,ubuntu_noble,0.0,666,39,0,705
rt-tests,fedora_43,opensuse_15.2,0.0,666,31,0,697
rt-tests,fedora_43,ubuntu_focal,0.0,666,34,0,700
rt-tests,fedora_43,ubuntu_jammy,0.0,666,39,0,705
rt-tests,fedora_43,ubuntu_noble,0.0,666,39,0,705
sdl-gfx,arch,fedora_42,0.0,10,10,0,20
sdl-gfx,arch,fedora_43,0.0,10,10,0,20
sdl-gfx,debian_bookworm,fedora_42,0.0,12,10,0,22
sdl-gfx,debian_bookworm,fedora_43,0.0,12,10,0,22
sdl-gfx,fedora_42,ubuntu_focal,0.0,10,11,0,21
sdl-gfx,fedora_42,ubuntu_jammy,0.0,10,11,0,21
sdl-gfx,fedora_42,ubuntu_noble,0.0,10,11,0,21
sdl-gfx,fedora_43,ubuntu_focal,0.0,10,11,0,21
sdl-gfx,fedora_43,ubuntu_jammy,0.0,10,11,0,21
sdl-gfx,fedora_43,ubuntu_noble,0.0,10,11,0,21
sdl-ttf,debian_bookworm,fedora_42,0.0,10,9,0,19
sdl-ttf,debian_bookworm,fedora_43,0.0,10,9,0,19
sdl-ttf,fedora_42,ubuntu_focal,0.0,9,9,0,18
sdl-ttf,fedora_42,ubuntu_jammy,0.0,9,9,0,18
sdl-ttf,fedora_42,ubuntu_noble,0.0,9,9,0,18
sdl-ttf,fedora_43,ubuntu_focal,0.0,9,9,0,18
sdl-ttf,fedora_43,ubuntu_jammy,0.0,9,9,0,18
sdl-ttf,fedora_43,ubuntu_noble,0.0,9,9,0,18
ssh-askpass,arch,debian_bookworm,0.0,56,13,0,69
ssh-askpass,arch,fedora_42,0.0,56,15,0,71
ssh-askpass,arch,fedora_43,0.0,56,15,0,71
ssh-askpass,arch,ubuntu_focal,0.0,56,12,0,68
ssh-askpass,arch,ubuntu_jammy,0.0,56,12,0,68
ssh-askpass,arch,ubuntu_noble,0.0,56,12,0,68
ssh-askpass-gnome,debian_bookworm,fedora_42,0.0,8,5,0,13
ssh-askpass-gnome,debian_bookworm,fedora_43,0.0,8,5,0,13
ssh-askpass-gnome,fedora_42,ubuntu_focal,0.0,5,7,0,12
ssh-askpass-gnome,fedora_42,ubuntu_jammy,0.0,5,7,0,12
ssh-askpass-gnome,fedora_42,ubuntu_noble,0.0,5,7,0,12
ssh-askpass-gnome,fedora_43,ubuntu_focal,0.0,5,7,0,12
ssh-askpass-gnome,fedora_43,ubuntu_jammy,0.0,5,7,0,12
ssh-askpass-gnome,fedora_43,ubuntu_noble,0.0,5,7,0,12
swi-prolog,arch,debian_bookworm,0.0,1565,4,0,1569
swi-prolog,arch,ubuntu_focal,0.0,1565,3,0,1568
swi-prolog,arch,ubuntu_jammy,0.0,1565,4,0,1569
swi-prolog,arch,ubuntu_noble,0.0,1565,4,0,1569
swi-prolog-java,arch,debian_bookworm,0.0,1565,10,0,1575
swi-prolog-java,arch,ubuntu_focal,0.0,1565,9,0,1574
swi-prolog-java,arch,ubuntu_jammy,0.0,1565,10,0,1575
swi-prolog-java,arch,ubuntu_noble,0.0,1565,10,0,1575
swi-prolog-odbc,arch,debian_bookworm,0.0,1565,14,0,1579
swi-prolog-odbc,arch,ubuntu_focal,0.0,1565,4,0,1569
swi-prolog-odbc,arch,ubuntu_jammy,0.0,1565,14,0,1579
swi-prolog-odbc,arch,ubuntu_noble,0.0,1565,14,0,1579
tbb,arch,debian_bookworm,0.0,39155,152,0,39307
tbb,arch,fedora_42,0.0,39155,167,0,39322
tbb,arch,fedora_43,0.0,39155,169,0,39324
tbb,arch,opensuse_15.2,0.0,39155,127,0,39282
tbb,arch,rhel_8,0.0,39155,140,0,39295
tbb,arch,rhel_9,0.0,39155,142,0,39297
tbb,arch,ubuntu_focal,0.0,39155,141,0,39296
tbb,arch,ubuntu_jammy,0.0,39155,150,0,39305
tbb,arch,ubuntu_noble,0.0,39155,154,0,39309
tesseract-ocr,debian_bookworm,fedora_42,0.0,39,28,0,67
tesseract-ocr,debian_bookworm,fedora_43,0.0,39,28,0,67
tesseract-ocr,fedora_42,ubuntu_focal,0.0,28,38,0,66
tesseract-ocr,fedora_42,ubuntu_jammy,0.0,28,38,0,66
tesseract-ocr,fedora_42,ubuntu_noble,0.0,28,38,0,66
tesseract-ocr,fedora_43,ubuntu_focal,0.0,28,38,0,66
tesseract-ocr,fedora_43,ubuntu_jammy,0.0,28,38,0,66
tesseract-ocr,fedora_43,ubuntu_noble,0.0,28,38,0,66
tesseract-ocr-jpn,arch,debian_bookworm,0.0,1,4,0,5
tesseract-ocr-jpn,arch,fedora_42,0.0,1,1,0,2
tesseract-ocr-jpn,arch,fedora_43,0.0,1,1,0,2
tesseract-ocr-jpn,arch,rhel_8,0.0,1,1,0,2
tesseract-ocr-jpn,arch,rhel_9,0.0,1,1,0,2
tesseract-ocr-jpn,arch,ubuntu_focal,0.0,1,3,0,4
tesseract-ocr-jpn,arch,ubuntu_jammy,0.0,1,3,0,4
tesseract-ocr-jpn,arch,ubuntu_noble,0.0,1,3,0,4
tesseract-ocr-jpn,debian_bookworm,fedora_42,0.0,4,1,0,5
tesseract-ocr-jpn,debian_bookworm,fedora_43,0.0,4,1,0,5
tesseract-ocr-jpn,debian_bookworm,rhel_8,0.0,4,1,0,5
tesseract-ocr-jpn,debian_bookworm,rhel_9,0.0,4,1,0,5
tesseract-ocr-jpn,fedora_42,ubuntu_focal,0.0,1,3,0,4
tesseract-ocr-jpn,fedora_42,ubuntu_jammy,0.0,1,3,0,4
tesseract-ocr-jpn,fedora_42,ubuntu_noble,0.0,1,3,0,4
tesseract-ocr-jpn,fedora_43,ubuntu_focal,0.0,1,3,0,4
tesseract-ocr-jpn,fedora_43,ubuntu_jammy,0.0,1,3,0,4
tesseract-ocr-jpn,fedora_43,ubuntu_noble,0.0,1,3,0,4
tesseract-ocr-jpn,rhel_8,ubuntu_focal,0.0,1,3,0,4
tesseract-ocr-jpn,rhel_8,ubuntu_jammy,0.0,1,3,0,4
tesseract-ocr-jpn,rhel_8,ubuntu_noble,0.0,1,3,0,4
tesseract-ocr-jpn,rhel_9,ubuntu_focal,0.0,1,3,0,4
tesseract-ocr-jpn,rhel_9,ubuntu_jammy,0.0,1,3,0,4
tesseract-ocr-jpn,rhel_9,ubuntu_noble,0.0,1,3,0,4
uhubctl,alpine_edge,fedora_43,0.0,1,5,0,6
uhubctl,debian_bookworm,fedora_43,0.0,5,5,0,10
uhubctl,fedora_43,ubuntu_focal,0.0,5,5,0,10
uhubctl,fedora_43,ubuntu_jammy,0.0,5,5,0,10
uhubctl,fedora_43,ubuntu_noble,0.0,5,5,0,10
unison,arch,ubuntu_focal,0.0,11,15,0,26
unison-gui,arch,debian_bookworm,0.0,11,4,0,15
unison-gui,arch,ubuntu_focal,0.0,11,16,0,27
unison-gui,arch,ubuntu_jammy,0.0,11,4,0,15
unison-gui,arch,ubuntu_noble,0.0,11,4,0,15
unrar,arch,debian_bookworm,0.0,2,7,0,9
unrar,arch,ubuntu_focal,0.0,2,4,0,6
unrar,arch,ubuntu_jammy,0.0,2,7,0,9
unrar,arch,ubuntu_noble,0.0,2,7,0,9
unrar,debian_bookworm,fedora_42,0.0,7,2,0,9
unrar,debian_bookworm,fedora_43,0.0,7,2,0,9
unrar,fedora_42,ubuntu_focal,0.0,2,4,0,6
unrar,fedora_42,ubuntu_jammy,0.0,2,7,0,9
unrar,fedora_42,ubuntu_noble,0.0,2,7,0,9
unrar,fedora_43,ubuntu_focal,0.0,2,4,0,6
unrar,fedora_43,ubuntu_jammy,0.0,2,7,0,9
unrar,fedora_43,ubuntu_noble,0.0,2,7,0,9
uuid,arch,debian_bookworm,0.0,1205,19,0,1224
uuid,arch,fedora_42,0.0,1205,19,0,1224
uuid,arch,fedora_43,0.0,1205,19,0,1224
uuid,arch,opensuse_15.2,0.0,1205,15,0,1220
uuid,arch,rhel_8,0.0,1205,17,0,1222
uuid,arch,rhel_9,0.0,1205,17,0,1222
uuid,arch,ubuntu_focal,0.0,1205,18,0,1223
uuid,arch,ubuntu_jammy,0.0,1205,18,0,1223
uuid,arch,ubuntu_noble,0.0,1205,18,0,1223
vim,arch,debian_bookworm,0.0,129,8,0,137
vim,arch,ubuntu_focal,0.0,129,7,0,136
vim,arch,ubuntu_jammy,0.0,129,7,0,136
vim,arch,ubuntu_noble,0.0,129,6,0,135
vim,debian_bookworm,fedora_42,0.0,8,5,0,13
vim,debian_bookworm,fedora_43,0.0,8,5,0,13
vim,fedora_42,ubuntu_focal,0.0,5,7,0,12
vim,fedora_42,ubuntu_jammy,0.0,5,7,0,12
vim,fedora_42,ubuntu_noble,0.0,5,6,0,11
vim,fedora_43,ubuntu_focal,0.0,5,7,0,12
vim,fedora_43,ubuntu_jammy,0.0,5,7,0,12
vim,fedora_43,ubuntu_noble,0.0,5,6,0,11
virtualenv,debian_bookworm,opensuse_15.2,0.0,3,21,0,24
virtualenv,opensuse_15.2,ubuntu_focal,0.0,21,2,0,23
virtualenv,opensuse_15.2,ubuntu_jammy,0.0,21,2,0,23
virtualenv,opensuse_15.2,ubuntu_noble,0.0,21,2,0,23
wireguard,arch,debian_bookworm,0.0,62,4,0,66
wireguard,arch,ubuntu_focal,0.0,62,4,0,66
wireguard,arch,ubuntu_jammy,0.0,62,4,0,66
wireguard,arch,ubuntu_noble,0.0,62,4,0,66
wireguard,debian_bookworm,fedora_42,0.0,4,65,0,69
wireguard,debian_bookworm,fedora_43,0.0,4,65,0,69
wireguard,debian_bookworm,rhel_8,0.0,4,65,0,69
wireguard,debian_bookworm,rhel_9,0.0,4,65,0,69
wireguard,fedora_42,ubuntu_focal,0.0,65,4,0,69
wireguard,fedora_42,ubuntu_jammy,0.0,65,4,0,69
wireguard,fedora_42,ubuntu_noble,0.0,65,4,0,69
wireguard,fedora_43,ubuntu_focal,0.0,65,4,0,69
wireguard,fedora_43,ubuntu_jammy,0.0,65,4,0,69
wireguard,fedora_43,ubuntu_noble,0.0,65,4,0,69
wireguard,rhel_8,ubuntu_focal,0.0,65,4,0,69
wireguard,rhel_8,ubuntu_jammy,0.0,65,4,0,69
wireguard,rhel_8,ubuntu_noble,0.0,65,4,0,69
wireguard,rhel_9,ubuntu_focal,0.0,65,4,0,69
wireguard,rhel_9,ubuntu_jammy,0.0,65,4,0,69
wireguard,rhel_9,ubuntu_noble,0.0,65,4,0,69
wireshark,arch,debian_bookworm,0.0,20,4,0,24
wireshark,arch,ubuntu_focal,0.0,20,3,0,23
wireshark,arch,ubuntu_jammy,0.0,20,3,0,23
wireshark,debian_bookworm,fedora_42,0.0,4,20,0,24
wireshark,debian_bookworm,fedora_43,0.0,4,20,0,24
wireshark,fedora_42,ubuntu_focal,0.0,20,3,0,23
wireshark,fedora_42,ubuntu_jammy,0.0,20,3,0,23
wireshark,fedora_43,ubuntu_focal,0.0,20,3,0,23
wireshark,fedora_43,ubuntu_jammy,0.0,20,3,0,23
wx-common,arch,debian_bookworm,0.0,48,13,0,61
wx-common,arch,rhel_8,0.0,48,15,0,63
wx-common,arch,rhel_9,0.0,48,15,0,63
wx-common,arch,ubuntu_focal,0.0,48,12,0,60
wx-common,arch,ubuntu_jammy,0.0,48,12,0,60
wx-common,arch,ubuntu_noble,0.0,48,12,0,60
wx-common,debian_bookworm,fedora_42,0.0,13,30,0,43
wx-common,debian_bookworm,fedora_43,0.0,13,30,0,43
wx-common,debian_bookworm,rhel_8,0.0,13,15,0,28
wx-common,debian_bookworm,rhel_9,0.0,13,15,0,28
wx-common,fedora_42,rhel_8,0.0,30,15,0,45
wx-common,fedora_42,ubuntu_focal,0.0,30,12,0,42
wx-common,fedora_42,ubuntu_jammy,0.0,30,12,0,42
wx-common,fedora_42,ubuntu_noble,0.0,30,12,0,42
wx-common,fedora_43,rhel_8,0.0,30,15,0,45
wx-common,fedora_43,ubuntu_focal,0.0,30,12,0,42
wx-common,fedora_43,ubuntu_jammy,0.0,30,12,0,42
wx-common,fedora_43,ubuntu_noble,0.0,30,12,0,42
wx-common,rhel_8,rhel_9,0.0,15,15,0,30
wx-common,rhel_8,ubuntu_focal,0.0,15,12,0,27
wx-common,rhel_8,ubuntu_jammy,0.0,15,12,0,27
wx-common,rhel_8,ubuntu_noble,0.0,15,12,0,27
wx-common,rhel_9,ubuntu_focal,0.0,15,12,0,27
wx-common,rhel_9,ubuntu_jammy,0.0,15,12,0,27
wx-common,rhel_9,ubuntu_noble,0.0,15,12,0,27
wxwidgets,arch,debian_bookworm,0.0,48,19,0,67
wxwidgets,arch,rhel_8,0.0,48,15,0,63
wxwidgets,arch,rhel_9,0.0,48,15,0,63
wxwidgets,arch,ubuntu_focal,0.0,48,15,0,63
wxwidgets,arch,ubuntu_jammy,0.0,48,15,0,63
wxwidgets,arch,ubuntu_noble,0.0,48,19,0,67
wxwidgets,debian_bookworm,fedora_42,0.0,19,30,0,49
wxwidgets,debian_bookworm,fedora_43,0.0,19,30,0,49
wxwidgets,debian_bookworm,rhel_8,0.0,19,15,0,34
wxwidgets,debian_bookworm,rhel_9,0.0,19,15,0,34
wxwidgets,debian_bookworm,ubuntu_focal,0.0,19,15,0,34
wxwidgets,debian_bookworm,ubuntu_jammy,0.0,19,15,0,34
wxwidgets,fedora_42,rhel_8,0.0,30,15,0,45
wxwidgets,fedora_42,ubuntu_focal,0.0,30,15,0,45
wxwidgets,fedora_42,ubuntu_jammy,0.0,30,15,0,45
wxwidgets,fedora_42,ubuntu_noble,0.0,30,19,0,49
wxwidgets,fedora_43,rhel_8,0.0,30,15,0,45
wxwidgets,fedora_43,ubuntu_focal,0.0,30,15,0,45
wxwidgets,fedora_43,ubuntu_jammy,0.0,30,15,0,45
wxwidgets,fedora_43,ubuntu_noble,0.0,30,19,0,49
wxwidgets,rhel_8,rhel_9,0.0,15,15,0,30
wxwidgets,rhel_8,ubuntu_focal,0.0,15,15,0,30
wxwidgets,rhel_8,ubuntu_jammy,0.0,15,15,0,30
wxwidgets,rhel_8,ubuntu_noble,0.0,15,19,0,34
wxwidgets,rhel_9,ubuntu_focal,0.0,15,15,0,30
wxwidgets,rhel_9,ubuntu_jammy,0.0,15,15,0,30
wxwidgets,rhel_9,ubuntu_noble,0.0,15,19,0,34
wxwidgets,ubuntu_focal,ubuntu_noble,0.0,15,19,0,34
wxwidgets,ubuntu_jammy,ubuntu_noble,0.0,15,19,0,34
x11proto-dri2-dev,arch,debian_bookworm,0.0,197,2,0,199
x11proto-dri2-dev,arch,ubuntu_focal,0.0,197,2,0,199
x11proto-dri2-dev,arch,ubuntu_jammy,0.0,197,2,0,199
x11proto-dri2-dev,arch,ubuntu_noble,0.0,197,2,0,199
x11proto-dri2-dev,debian_bookworm,fedora_42,0.0,2,215,0,217
x11proto-dri2-dev,debian_bookworm,fedora_43,0.0,2,215,0,217
x11proto-dri2-dev,fedora_42,ubuntu_focal,0.0,215,2,0,217
x11proto-dri2-dev,fedora_42,ubuntu_jammy,0.0,215,2,0,217
x11proto-dri2-dev,fedora_42,ubuntu_noble,0.0,215,2,0,217
x11proto-dri2-dev,fedora_43,ubuntu_focal,0.0,215,2,0,217
x11proto-dri2-dev,fedora_43,ubuntu_jammy,0.0,215,2,0,217
x11proto-dri2-dev,fedora_43,ubuntu_noble,0.0,215,2,0,217
x11proto-gl-dev,arch,debian_bookworm,0.0,197,2,0,199
x11proto-gl-dev,arch,ubuntu_focal,0.0,197,2,0,199
x11proto-gl-dev,arch,ubuntu_jammy,0.0,197,2,0,199
x11proto-gl-dev,arch,ubuntu_noble,0.0,197,2,0,199
x11proto-gl-dev,debian_bookworm,fedora_42,0.0,2,215,0,217
x11proto-gl-dev,debian_bookworm,fedora_43,0.0,2,215,0,217
x11proto-gl-dev,fedora_42,ubuntu_focal,0.0,215,2,0,217
x11proto-gl-dev,fedora_42,ubuntu_jammy,0.0,215,2,0,217
x11proto-gl-dev,fedora_42,ubuntu_noble,0.0,215,2,0,217
x11proto-gl-dev,fedora_43,ubuntu_focal,0.0,215,2,0,217
x11proto-gl-dev,fedora_43,ubuntu_jammy,0.0,215,2,0,217
x11proto-gl-dev,fedora_43,ubuntu_noble,0.0,215,2,0,217
xerces,debian_bookworm,fedora_42,0.0,537,5,0,542
xerces,debian_bookworm,fedora_43,0.0,537,5,0,542
xerces,fedora_42,ubuntu_focal,0.0,5,537,0,542
xerces,fedora_42,ubuntu_jammy,0.0,5,537,0,542
xerces,fedora_42,ubuntu_noble,0.0,5,536,0,541
xerces,fedora_43,ubuntu_focal,0.0,5,537,0,542
xerces,fedora_43,ubuntu_jammy,0.0,5,537,0,542
xerces,fedora_43,ubuntu_noble,0.0,5,536,0,541
yaml,alpine_edge,fedora_42,0.0,3,8,0,11
yaml,alpine_edge,fedora_43,0.0,3,8,0,11
yaml,debian_bookworm,fedora_42,0.0,7,8,0,15
yaml,debian_bookworm,fedora_43,0.0,7,8,0,15
yaml,fedora_42,rhel_8,0.0,8,113,0,121
yaml,fedora_42,rhel_9,0.0,8,106,0,114
yaml,fedora_42,ubuntu_focal,0.0,8,6,0,14
yaml,fedora_42,ubuntu_jammy,0.0,8,6,0,14
yaml,fedora_42,ubuntu_noble,0.0,8,6,0,14
yaml,fedora_43,rhel_8,0.0,8,113,0,121
yaml,fedora_43,rhel_9,0.0,8,106,0,114
yaml,fedora_43,ubuntu_focal,0.0,8,6,0,14
yaml,fedora_43,ubuntu_jammy,0.0,8,6,0,14
yaml,fedora_43,ubuntu_noble,0.0,8,6,0,14
yapf3,fedora_42,ubuntu_focal,0.0,157,7,0,164
yapf3,fedora_43,ubuntu_focal,0.0,157,7,0,164
zeromq3,arch,debian_bookworm,0.0,170,6,0,176
zeromq3,arch,ubuntu_focal,0.0,170,6,0,176
zeromq3,arch,ubuntu_jammy,0.0,170,6,0,176
zeromq3,arch,ubuntu_noble,0.0,170,6,0,176
zeromq3,debian_bookworm,fedora_42,0.0,6,83,0,89
zeromq3,debian_bookworm,fedora_43,0.0,6,83,0,89
zeromq3,fedora_42,ubuntu_focal,0.0,83,6,0,89
zeromq3,fedora_42,ubuntu_jammy,0.0,83,6,0,89
zeromq3,fedora_42,ubuntu_noble,0.0,83,6,0,89
zeromq3,fedora_43,ubuntu_focal,0.0,83,6,0,89
zeromq3,fedora_43,ubuntu_jammy,0.0,83,6,0,89
zeromq3,fedora_43,ubuntu_noble,0.0,83,6,0,89
zsh,alpine_edge,rhel_8,0.0,860,1320,0,2180
zsh,alpine_edge,rhel_9,0.0,860,1387,0,2247
zsh,arch,debian_bookworm,0.0,1168,54,0,1222
zsh,arch,ubuntu_focal,0.0,1168,50,0,1218
zsh,arch,ubuntu_jammy,0.0,1168,50,0,1218
zsh,arch,ubuntu_noble,0.0,1168,51,0,1219
zsh,debian_bookworm,fedora_42,0.0,54,1428,0,1482
zsh,debian_bookworm,fedora_43,0.0,54,1429,0,1483
zsh,debian_bookworm,rhel_8,0.0,54,1320,0,1374
zsh,debian_bookworm,rhel_9,0.0,54,1387,0,1441
zsh,fedora_42,ubuntu_focal,0.0,1428,50,0,1478
zsh,fedora_42,ubuntu_jammy,0.0,1428,50,0,1478
zsh,fedora_42,ubuntu_noble,0.0,1428,51,0,1479
zsh,fedora_43,ubuntu_focal,0.0,1429,50,0,1479
zsh,fedora_43,ubuntu_jammy,0.0,1429,50,0,1479
zsh,fedora_43,ubuntu_noble,0.0,1429,51,0,1480
zsh,rhel_8,ubuntu_focal,0.0,1320,50,0,1370
zsh,rhel_8,ubuntu_jammy,0.0,1320,50,0,1370
zsh,rhel_8,ubuntu_noble,0.0,1320,51,0,1371
zsh,rhel_9,ubuntu_focal,0.0,1387,50,0,1437
zsh,rhel_9,ubuntu_jammy,0.0,1387,50,0,1437
zsh,rhel_9,ubuntu_noble,0.0,1387,51,0,1438
